code,chain_name,nsub2,sym,accession,resol,length_full,Organism,foldseek_family_size,blast_hits_cov80_eval01_uni50,compactness,surf_area_vol_ratio,Intrasubunit_HBonds,contact_density_3.5A,contact_density_4A,contact_density_4.5A,contact_density_vdw,core_hydrophobicity,VDW_Volume,Surface_Dist_StdDev,core_residues,surface_residues,surface_area,Function_Class,PDB_ID,Entity_ID
1a0d_1,A,4,D2,P54273,3,440,Geobacillus stearothermophilus (Bacillus stearothermophilus),952,55,2.67,0.11,1228,4.11,3.5,4.11,3.02,0.74,264326.22,8.32,705,358,29317.07,Enzyme,1A0D,1
1a0e_1,A,4,D2,P45687,2.7,443,Thermotoga neapolitana,993,54,2.76,0.11,1300,4.09,3.47,4.09,3.03,0.59,265823.42,8.77,734,362,29917.48,Enzyme,1A0E,1
1a2z_1,A,4,D2,O07883,1.7,220,Thermococcus litoralis (strain ATCC 51850 / DSM 5473 / JCM 8560 / NS-C),1028,492,2.86,0.15,582,4.37,3.7,4.37,3.26,1.15,140365.05,5.43,402,245,21156.64,Enzyme,1A2Z,1
1a3x_1,A,4,D2,P00549,3,500,Saccharomyces cerevisiae (strain ATCC 204508 / S288c) (Baker's yeast),1006,1543,3.52,0.17,1194,3.94,3.25,3.94,2.78,0.97,277571.98,6.98,976,586,47566.26,Enzyme,1A3X,1
1a4e_1,A,4,D2,P15202,2.35,488,Saccharomyces cerevisiae (strain ATCC 204508 / S288c) (Baker's yeast),864,317,2.47,0.10,1173,4.2,3.57,4.20,3.11,0.39,310542.26,9.2,767,398,32527.78,Enzyme,1A4E,1
1a4s_1,A,4,D2,P56533,2.1,503,Gadus morhua subsp. callarias (Baltic cod) (Gadus callarias),1006,6325,3.43,0.14,1357,4.19,3.47,4.19,3.01,1.01,294272.86,8.33,1009,502,39863.21,Enzyme,1A4S,1
1a5z_1,A,4,D2,P16115,2.1,319,Thermotoga maritima (strain ATCC 43589 / DSM 3109 / JCM 10099 / NBRC 100826 / MSB8),904,1158,3.05,0.17,932,4.05,3.29,4.05,2.84,1.7,186168.06,6.56,568,356,31184.51,Enzyme,1A5Z,1
1a95_1,A,4,D2,P0A9M5,2,152,Escherichia coli (strain K12),282,231,2.39,0.18,340,3.99,3.39,3.99,2.96,1.63,87303.37,6.75,209,178,15496.24,Enzyme,1A95,1
1a98_1,A,4,D2,P0A9M5,2.25,152,Escherichia coli (strain K12),187,238,2.55,0.16,288,3.76,3.18,3.76,2.85,1.48,72053.82,6.64,184,138,11673.95,Enzyme,1A98,1
1ae1_2,A,4,D2,P50162,2.38,273,Datura stramonium (Jimsonweed) (Common thornapple),896,30510,2.54,0.15,736,4.26,3.54,4.26,3.15,1.33,145910.12,5.03,370,272,22458.57,Enzyme,1AE1,2
1agx_1,A,4,D2,P10172,2.9,331,Acinetobacter glutaminasificans,1077,936,3.08,0.13,764,4.15,3.29,4.15,2.73,1.59,185758.01,6.32,572,320,24805.82,Enzyme,1AGX,1
1ak5_1,A,4,C4,P50097,2.3,503,Tritrichomonas foetus (Trichomonas foetus) (Tritrichomonas suis),305,348,3.3,0.17,828,4.03,3.25,4.03,2.9,1.09,205890.02,7.1,680,404,34478.28,Enzyme,1AK5,1
1ao0_1,A,4,D2,P00497,2.8,459,Bacillus subtilis (strain 168),771,792,3.45,0.16,1207,4.21,3.36,4.21,2.87,1.09,262666.45,7.66,907,547,43092.63,Enzyme,1AO0,1
1auv_1,A,4,D2,P17599,2.15,311,Bos taurus (Bovine),197,164,2.45,0.20,706,3.92,3.24,3.92,2.77,1.37,175573.12,6.31,430,410,34694.8,Regulatory,1AUV,1
1b06_2,C,4,D2,Q08713,2.2,210,Sulfolobus acidocaldarius (strain ATCC 33909 / DSM 639 / JCM 8929 / NBRC 15157 / NCIMB 11770),726,1361,2.16,0.12,570,4.19,3.59,4.19,3.08,0.65,129852.77,6.77,281,202,15987.86,Enzyme,1B06,2
1b65_2,E,4,D2,Q59632,1.82,375,Brucella anthropi (Ochrobactrum anthropi),1029,213,3.4,0.12,898,4.28,3.35,4.28,2.8,0.79,210420.58,6.85,716,292,24493.64,Enzyme,1B65,2
1b9b_1,A,4,D2,P36204,2.85,255,Thermotoga maritima (strain ATCC 43589 / DSM 3109 / JCM 10099 / NBRC 100826 / MSB8),1106,1925,3.3,0.17,668,4.26,3.58,4.26,3.22,1.37,149766.13,6.05,494,290,25075.51,Enzyme,1B9B,1
1bd3_1,D,4,D2,Q26998,1.93,243,Toxoplasma gondii,550,726,2.41,0.14,623,4.22,3.55,4.22,3.15,2.03,140428.29,6.55,339,226,19671.46,Enzyme,1BD3,1
1bdb_1,A,4,D2,P47227,2,277,Paraburkholderia xenovorans (strain LB400),844,20003,2.63,0.13,752,4.21,3.48,4.21,2.94,1.23,149148.18,6.54,392,232,18834.72,Enzyme,1BDB,1
1bqg_1,A,4,D2,P42206,2.2,451,Pseudomonas putida (Arthrobacter siderocapsulatus),1066,229,3.72,0.17,1060,4.01,3.26,4.01,2.71,0.73,227920.63,7.43,848,484,37709.39,Enzyme,1BQG,1
1bsm_1,A,4,D2,P80293,1.35,201,Propionibacterium freudenreichii subsp. shermanii,635,1407,2.04,0.14,554,4.18,3.63,4.18,3.17,0.98,129300.51,6,264,228,17834.36,Enzyme,1BSM,1
1buc_1,A,4,D2,Q06319,2.5,383,Megasphaera elsdenii,900,6901,3.24,0.15,1176,4.41,3.78,4.41,3.33,0.96,220648.72,5.58,716,442,33073.47,Enzyme,1BUC,1
1bxb_1,A,4,D2,P26997,2.2,387,Thermus thermophilus (strain ATCC 27634 / DSM 579 / HB8),955,36,2.26,0.10,1087,4.3,3.63,4.30,3.15,0.87,247179.22,8.39,559,301,24735.86,Enzyme,1BXB,1
1c2b_1,A,4,D2,P21836,4.5,540,Mus musculus (Mouse),912,7714,4.19,0.17,1436,3.99,3.26,3.99,2.76,0.81,311539.86,10.48,1304,716,53796.14,Enzyme,1C2B,1
1c3c_1,A,4,D2,Q9X0I0,1.8,429,Thermotoga maritima (strain ATCC 43589 / DSM 3109 / JCM 10099 / NBRC 100826 / MSB8),1083,877,2.59,0.14,1282,4.3,3.72,4.30,3.34,1.21,261398.12,9.83,678,446,36220.84,Enzyme,1C3C,1
1cbm_1,A,4,D2,P68871,1.74,146,Homo sapiens (Human),502,447,2.41,0.17,481,4.12,3.68,4.12,3.4,2.28,89599.79,4.57,216,190,14796.64,Regulatory,1CBM,1
1cjx_1,A,4,D2,P80064,2.4,357,Pseudomonas sp. (strain P.J. 874),747,345,3.38,0.20,952,3.95,3.23,3.95,2.77,0.8,216936.59,5.32,734,508,42408.09,Enzyme,1CJX,1
1coj_1,A,4,D2,Q9X6W9,1.9,212,Aquifex pyrophilus,686,1144,1.94,0.12,632,4.16,3.55,4.16,3.14,0.92,129597.31,6.1,252,204,14917.92,Enzyme,1COJ,1
1cs1_1,A,4,D2,P00935,1.5,386,Escherichia coli (strain K12),862,2063,3.02,0.11,1106,4.45,3.73,4.45,3.32,1.1,236524.05,7.08,715,341,26947.75,Enzyme,1CS1,1
1cuk_1,A,4,C4,P0A809,1.9,203,Escherichia coli (strain K12),1123,2057,2.24,0.20,516,3.64,2.93,3.64,2.47,1.71,103711.27,6.77,232,272,21095.16,Transport,1CUK,1
1cyd_1,A,4,D2,P08074,1.8,244,Mus musculus (Mouse),1010,29960,2.73,0.13,716,4.24,3.58,4.24,3.21,1.39,146380.28,4.97,400,239,19193.57,Enzyme,1CYD,1
1d7o_1,A,4,D2,P80030,1.9,297,Brassica napus (Rape),913,1170,2.68,0.16,792,4.02,3.24,4.02,2.74,1.04,164191.17,5.62,440,340,25537.84,Enzyme,1D7O,1
1d8l_1,A,4,C4,P0A809,2.5,149,Escherichia coli (strain K12),89,2265,2.53,0.23,328,3.76,3.16,3.76,2.77,1.96,82356.3,4.32,208,220,18865.64,Transport,1D8L,1
1d8w_1,A,4,D2,P32170,1.6,426,Escherichia coli (strain K12),396,26,2.71,0.12,1087,4.36,3.74,4.36,3.35,0.71,266502.46,7.22,721,396,32277.88,Enzyme,1D8W,1
1dcu_1,A,4,D2,P46275,2.2,357,Pisum sativum (Garden pea) (Lathyrus oleraceus),902,576,3.23,0.15,915,4.33,3.62,4.33,3.19,1.03,187379.53,7.41,605,351,28495.3,Enzyme,1DCU,1
1dgf_1,A,4,D2,P04040,1.5,497,Homo sapiens (Human),909,394,2.15,0.10,1279,4.27,3.56,4.27,3.09,0.34,337326.31,9.36,726,420,33932.95,Enzyme,1DGF,1
1dof_1,A,4,D2,Q8ZY28,2.1,403,Pyrobaculum aerophilum (strain ATCC 51768 / DSM 7523 / JCM 9630 / CIP 104966 / NBRC 100827 / IM2),1023,823,2.46,0.11,1200,4.47,3.9,4.47,3.51,1.58,233082.04,9.87,573,339,26524.99,Enzyme,1DOF,1
1dqi_1,A,4,D2,P82385,1.7,124,Pyrococcus furiosus (strain ATCC 43587 / DSM 3638 / JCM 8422 / Vc1),71,192,1.22,0.13,276,4.16,3.34,4.16,2.76,1.22,81765.96,5.35,100,126,10307.09,Enzyme,1DQI,1
1dqu_1,A,4,D2,P28298,2.5,538,Emericella nidulans (strain FGSC A4 / ATCC 38163 / CBS 112.46 / NRRL 194 / M139) (Aspergillus nidulans),856,117,2.52,0.14,1512,4.01,3.27,4.01,2.82,0.58,303140.79,9.54,764,520,43382.18,Enzyme,1DQU,1
1dru_1,A,4,D2,P04036,1.9,273,Escherichia coli (strain K12),1171,1057,3.07,0.19,656,3.8,3,3.80,2.5,1.47,148338.63,4.86,456,360,28469.71,Enzyme,1DRU,1
1e3j_1,A,4,D2,O96496,2.3,352,Bemisia argentifolii (Silverleaf whitefly),1000,7488,3.58,0.19,992,4.01,3.18,4.01,2.68,1.39,192232.34,5.7,688,460,36158.36,Enzyme,1E3J,1
1e3w_1,A,4,D2,O70352,1.4,261,Rattus norvegicus,860,23766,2.4,0.14,725,4.23,3.61,4.23,3.2,1.67,153891.7,5.42,370,255,22138.97,Other,1E3W,1
1e5f_1,A,4,D2,O15564,2.18,404,Trichomonas vaginalis,959,1953,3.09,0.13,1120,4.38,3.67,4.38,3.2,0.99,231061.36,6.94,714,380,30567.45,Enzyme,1E5F,1
1e7w_1,A,4,D2,Q01782,1.75,291,Leishmania major,953,13466,2.47,0.15,732,4.11,3.46,4.11,2.97,1.19,156018.6,5.33,386,288,24047.64,Other,1E7W,1
1ec7_1,A,4,D2,P76637,1.7,446,Escherichia coli,1085,241,3.66,0.15,1190,4.41,3.74,4.41,3.32,0.77,264720.01,8.21,968,497,39638.37,Other,1EC7,1
1ec8_1,A,4,D2,P76637,1.7,446,Escherichia coli,1105,241,3.69,0.14,1215,4.37,3.69,4.37,3.31,0.71,273509.24,8.11,1010,497,39533.52,Other,1EC8,1
1edo_1,A,4,D2,Q93X62,2.22,244,Brassica napus (Rape),1001,37877,2.78,0.15,736,4.1,3.29,4.10,2.83,1.36,130922.54,4.82,364,284,19858.51,Enzyme,1EDO,1
1eji_1,A,4,D2,P50431,2.9,478,Mus musculus (Mouse),953,607,2.72,0.16,1249,4.28,3.57,4.28,3.12,1.07,279031.27,8.17,760,525,44815.2,Enzyme,1EJI,1
1ems_1,A,4,D2,O76463,2.8,440,Caenorhabditis elegans,665,67,2.95,0.15,1064,4.28,3.59,4.28,3.12,0.7,245749.03,9.26,724,448,37100.2,Enzyme,1EMS,1
1euh_1,A,4,D2,Q59931,1.82,475,Streptococcus mutans serotype c (strain ATCC 700610 / UA159),969,6755,3.34,0.14,1317,4.37,3.74,4.37,3.31,1.09,291336.2,6.58,972,540,41367.77,Enzyme,1EUH,1
1ez4_1,A,4,D2,P56511,2.2,318,Lactiplantibacillus pentosus (Lactobacillus pentosus),952,1040,2.67,0.15,972,4.29,3.67,4.29,3.18,1.44,189338.86,6.06,505,361,27527.32,Enzyme,1EZ4,1
1ezr_1,A,4,D2,P83851,2.5,314,Leishmania major,1055,2080,3.77,0.19,850,3.96,3.14,3.96,2.72,1.42,175799.26,5.8,663,392,32990.32,Enzyme,1EZR,1
1ezw_1,A,4,D2,Q8TXY4,1.65,349,Methanopyrus kandleri (strain AV19 / DSM 6324 / JCM 9639 / NBRC 100938),1122,2221,3.28,0.18,1100,4.13,3.44,4.13,2.97,1.43,198683.6,5.3,652,452,36622.23,Enzyme,1EZW,1
1f1u_1,A,4,D2,Q44048,1.5,323,Arthrobacter globiformis,1042,275,3.28,0.14,870,4.17,3.4,4.17,2.95,0.47,203284.48,5,666,354,27882.45,Binding,1F1U,1
1f2j_1,A,4,D2,P07752,1.9,370,Trypanosoma brucei brucei,871,312,3.58,0.14,1060,4.18,3.5,4.18,3.05,0.56,205387.1,6.38,736,388,29526.59,Enzyme,1F2J,1
1f6k_1,A,4,D2,P44539,1.6,293,Haemophilus influenzae (strain ATCC 51907 / DSM 11121 / KW20 / Rd),1150,2593,3.19,0.14,876,4.32,3.62,4.32,3.28,1.1,182710.97,5.15,582,308,25952.62,Enzyme,1F6K,1
1f86_2,A,4,D2,P02766,1.1,115,Homo sapiens (Human),386,430,1.95,0.20,298,3.87,3.06,3.87,2.58,1.29,70648.5,3.93,138,166,14018.72,Binding,1F86,2
1f8f_1,A,4,D2,Q59096,2.2,371,Acinetobacter calcoaceticus,1107,4502,3.5,0.16,1000,4,3.06,4.00,2.46,1.31,204709.31,5.97,716,420,33409.06,Enzyme,1F8F,1
1fa2_1,A,4,D2,P10537,2.3,498,Ipomoea batatas (Sweet potato) (Convolvulus batatas),573,181,3.84,0.18,1256,3.9,3.14,3.90,2.64,0.5,293964.3,6.45,1128,668,53930.58,Enzyme,1FA2,1
1fba_1,A,4,D2,P07764,1.9,361,Drosophila melanogaster (Fruit fly),886,332,3.21,0.15,990,4.18,3.56,4.18,3.18,0.87,230739.46,5.28,740,425,34021.03,Enzyme,1FBA,1
1fdj_1,A,4,D2,P79226,2.13,363,Oryctolagus cuniculus (Rabbit),889,327,3.2,0.17,1072,4.08,3.49,4.08,3.04,1.01,231484.71,5.31,740,468,40393.47,Enzyme,1FDJ,1
1fmc_1,A,4,D2,P25529,1.8,255,Escherichia coli,1002,35086,2.59,0.13,780,4.16,3.51,4.16,3.08,1.45,145832.1,5.45,378,262,19651.41,Other,1FMC,1
1fny_1,A,4,D2,Q41159,1.81,237,Robinia pseudoacacia (Black locust),134,1230,3.17,0.17,572,3.86,2.9,3.86,2.35,1.14,136336.92,4.36,432,316,23659.94,Binding,1FNY,1
1fsg_1,A,4,D2,Q26997,1.05,233,Toxoplasma gondii,1034,259,2.66,0.14,610,3.99,3.28,3.99,2.8,1.26,155389.95,4.76,414,258,22489.72,Enzyme,1FSG,1
1fua_1,A,4,C4,P0AB87,1.62,215,Escherichia coli (strain K12),936,1586,2.92,0.18,600,4.01,3.2,4.01,2.72,1.41,120744.27,5.03,352,256,21938.36,Enzyme,1FUA,1
1fx3_1,A,4,D2,P44853,2.5,169,Haemophilus influenzae (strain ATCC 51907 / DSM 11121 / KW20 / Rd),926,405,1.97,0.23,374,4.01,3.4,4.01,3.09,2.08,83431.82,4.67,164,240,19060.63,Signalling,1FX3,1
1g0o_1,A,4,D2,Q12634,1.7,283,Pyricularia oryzae (strain 70-15 / ATCC MYA-4617 / FGSC 8958) (Rice blast fungus) (Magnaporthe oryzae),1064,27679,2.28,0.11,788,4.23,3.58,4.23,3.07,1.46,176580.46,5.96,402,239,18924.11,Enzyme,1G0O,1
1g7v_2,A,4,D2,P0A715,2.27,284,Escherichia coli (strain K12),751,374,3.18,0.13,588,3.86,3.12,3.86,2.6,0.99,162272.14,5.94,516,248,20314.8,Enzyme,1G7V,2
1g8w_1,A,4,D2,P05087,2.8,233,Phaseolus vulgaris (Kidney bean) (French bean),135,1278,3.23,0.18,559,3.76,2.86,3.76,2.31,0.92,133387.14,4.02,431,327,24154.58,Binding,1G8W,1
1gee_1,A,4,D2,P40288,1.6,261,Priestia megaterium (Bacillus megaterium),1027,34032,2.45,0.14,790,4.19,3.43,4.19,2.95,1.18,152343.69,5.87,374,266,21304.34,Enzyme,1GEE,1
1geg_1,A,4,D2,Q48436,1.7,256,Klebsiella pneumoniae,1028,33959,2.79,0.15,826,4.28,3.63,4.28,3.3,1.36,149164.87,5.03,416,282,22827.22,Enzyme,1GEG,1
1gg1_1,A,4,D2,P0AB91,2,350,Escherichia coli (strain K12),895,315,3.14,0.14,923,4.27,3.71,4.27,3.32,1.01,201078.23,4.92,631,386,28475.57,Enzyme,1GG1,1
1gkm_1,A,4,D2,P21310,1,507,Pseudomonas putida (Arthrobacter siderocapsulatus),1053,790,3.19,0.12,1508,4.39,3.64,4.39,3.21,1.24,287397.89,9.46,916,472,35605.25,Enzyme,1GKM,1
1gkp_1,A,4,D2,A0ABN5LXE5,1.3,458,Thermus sp.,757,2486,3.77,0.14,1283,4.34,3.53,4.34,3.05,0.61,283974.37,7.48,1070,484,39326.74,Other,1GKP,1
1gkr_1,A,4,D2,P81006,2.6,458,Paenarthrobacter aurescens (Arthrobacter aurescens),776,2649,4.05,0.17,1304,4.16,3.29,4.16,2.81,0.83,262132.35,6.99,1061,555,43686.67,Enzyme,1GKR,1
1gph_1,1,4,D2,P00497,3,465,Bacillus subtilis (strain 168),867,778,3.51,0.15,1255,4.29,3.59,4.29,3.17,0.96,269030.83,7.68,945,521,40588.7,Enzyme,1GPH,1
1gpm_1,A,4,D2,P04079,2.2,525,Escherichia coli (strain K12),985,386,3.2,0.19,1353,4.22,3.59,4.22,3.18,1.36,309910.51,8.64,993,688,58419.96,Enzyme,1GPM,1
1gq2_4,M,4,D2,P40927,2.5,555,Columba livia (Rock dove),927,493,3.49,0.16,1489,4.3,3.72,4.30,3.34,1.13,333010.86,9.18,1161,651,53762.96,Enzyme,1GQ2,4
1gtd_1,A,4,D2,O26271,2.5,85,Methanothermobacter thermautotrophicus (strain ATCC 29096 / DSM 1053 / JCM 10044 / NBRC 100330 / Delta H) (Methanobacterium thermoautotrophicum),806,510,0.91,0.17,192,3.71,3.05,3.71,2.62,3.1,50317.72,5.92,46,90,8422.88,Enzyme,1GTD,1
1guz_1,A,4,D2,P80039,2,310,Chlorobaculum tepidum (strain ATCC 49652 / DSM 12025 / NBRC 103806 / TLS) (Chlorobium tepidum),884,1170,2.86,0.15,911,4.27,3.7,4.27,3.33,1.63,184116.25,5.96,527,338,27498.43,Enzyme,1GUZ,1
1gv0_1,A,4,D2,P80039,2.5,310,Chlorobaculum tepidum (strain ATCC 49652 / DSM 12025 / NBRC 103806 / TLS) (Chlorobium tepidum),916,1193,3,0.15,888,4.19,3.56,4.19,3.12,1.7,170775.56,6.13,512,326,26048.04,Enzyme,1GV0,1
1gvf_1,A,4,D2,P42908,1.45,286,Escherichia coli,1082,894,3.1,0.17,814,4.14,3.47,4.14,3.09,1.47,167078.68,6.51,518,352,28258.56,Other,1GVF,1
1gwe_1,A,4,D2,P29422,0.882,503,Micrococcus luteus (Micrococcus lysodeikticus),874,360,2.47,0.10,1268,4.26,3.48,4.26,2.95,0.27,309513.54,9.29,764,368,29770.78,Enzyme,1GWE,1
1h2b_1,A,4,D2,Q9Y9P9,1.62,359,Aeropyrum pernix (strain ATCC 700893 / DSM 11879 / JCM 9820 / NBRC 100138 / K1),1103,6979,3.17,0.16,958,4.2,3.43,4.20,2.98,1.37,209337.89,5.18,664,406,33972.18,Enzyme,1H2B,1
1h5q_3,I,4,D2,Not Found,1.5,265,Agaricus bisporus,913,31068,2.37,0.13,740,4.21,3.52,4.21,3.15,1.34,165913.66,5.72,393,244,21561.68,Other,1H5Q,3
1h5t_1,A,4,D2,P37744,1.9,293,Escherichia coli (strain K12),763,2088,2.86,0.16,800,4.3,3.67,4.30,3.27,1.34,181469.61,4.92,519,363,29554.85,Enzyme,1H5T,1
1h5t_1,A,4,D2,P37744,1.9,293,Escherichia coli (strain K12),763,2088,2.86,0.16,800,4.3,3.67,4.30,3.27,1.34,181469.61,4.92,519,363,29554.85,Enzyme,1H5T,1
1h6d_1,A,4,D2,P75002,2.05,433,Zymomonas mobilis,1056,386,2.72,0.11,1038,4.22,3.56,4.22,3.13,0.72,242571.08,9.96,660,301,25493.95,Other,1H6D,1
1hdc_1,A,4,D2,P19992,2.2,254,Streptomyces exfoliatus (Streptomyces hydrogenans),1049,31957,2.71,0.13,687,4.51,3.92,4.51,3.51,1.02,140294.72,5.7,380,235,18226.35,Enzyme,1HDC,1
1hdg_1,O,4,D2,P17721,2.5,332,Thermotoga maritima (strain ATCC 43589 / DSM 3109 / JCM 10099 / NBRC 100826 / MSB8),936,811,3.12,0.17,942,4.18,3.42,4.18,2.88,1.25,195176.58,6.07,608,374,32822.93,Enzyme,1HDG,1
1hg3_2,E,4,D2,P95583,3,225,Pyrococcus woesei,609,318,3.09,0.17,611,4.08,3.37,4.08,2.96,1.78,126507.25,4.99,391,270,21643.33,Other,1HG3,2
1hql_1,A,4,D2,Q8W1R6,2.2,257,Griffonia simplicifolia (Bandeiraea simplicifolia),131,1030,3.38,0.18,568,3.91,2.92,3.91,2.48,0.84,140864.45,4.74,476,298,24930.71,Binding,1HQL,1
1hxh_1,A,4,D2,P19871,1.18,253,Comamonas testosteroni (Pseudomonas testosteroni),943,29933,2.64,0.14,777,4.22,3.59,4.22,3.19,1.16,158038.43,5.25,418,245,21899.05,Enzyme,1HXH,1
1hyh_1,A,4,D2,P14295,2.22,309,Weissella confusa (Lactobacillus confusus),885,883,3.07,0.14,874,4.34,3.66,4.34,3.25,1.47,171868.05,6.05,527,307,24030.9,Enzyme,1HYH,1
1i0a_1,A,4,D2,Q7SIE0,2.5,466,Meleagris gallopavo (Wild turkey),1095,805,2.51,0.14,1377,4.36,3.79,4.36,3.44,1.64,262998.4,11.01,659,467,37092.69,Structural,1I0A,1
1i24_2,A,4,D2,O48917,1.14,404,Arabidopsis thaliana (Mouse-ear cress),863,365,3.3,0.14,1120,4.13,3.47,4.13,2.93,0.62,233692.45,6.43,772,440,31608.4,Enzyme,1I24,2
1i32_2,E,4,D2,Q27890,2.6,360,Leishmania mexicana,931,774,3.12,0.16,1000,4.06,3.29,4.06,2.84,1.03,206529.05,6.66,644,394,32142.92,Enzyme,1I32,2
1i3d_1,A,4,D2,P69891,1.7,146,Homo sapiens (Human),522,557,2.37,0.16,466,4.03,3.64,4.03,3.27,1.92,90268.54,4.25,214,182,14823.46,Binding,1I3D,1
1i6o_1,A,4,D2,P61517,2.13,220,Escherichia coli (strain K12),628,814,1.96,0.15,617,4.13,3.49,4.13,3.15,1.26,128878.88,5.67,252,208,19582.85,Enzyme,1I6O,1
1i7n_2,A,4,D2,Q63537,1.8,309,Rattus norvegicus (Rat),278,159,2.69,0.18,786,4.07,3.27,4.07,2.78,1.11,187455.01,6.74,504,406,33948.98,Structural,1I7N,2
1i9g_2,A,4,D2,O33253,1.98,280,Mycobacterium tuberculosis,518,516,2.58,0.17,640,3.85,3.09,3.85,2.56,1.36,151933.91,7.28,392,308,25246.32,Other,1I9G,2
1ibj_1,A,4,D2,P53780,2.3,464,Arabidopsis thaliana (Mouse-ear cress),863,471,3.15,0.14,998,4.15,3.44,4.15,3,1.18,215689.51,6.79,680,390,31123.21,Enzyme,1IBJ,1
1ids_1,A,4,D2,P17670,2,207,Mycobacterium tuberculosis,634,1309,1.98,0.14,550,4.18,3.61,4.18,3.21,0.8,126666.07,6.49,251,235,18069.09,Other,1IDS,1
1igw_1,A,4,D2,P0A9G6,2.1,434,Escherichia coli (strain K12),790,135,2.5,0.11,1147,4.29,3.68,4.29,3.28,0.84,246826.92,8.09,618,325,27044.39,Enzyme,1IGW,1
1inl_1,A,4,D2,Q9WZC2,1.5,296,Thermotoga maritima (strain ATCC 43589 / DSM 3109 / JCM 10099 / NBRC 100826 / MSB8),550,895,2.7,0.14,762,4.3,3.6,4.30,3.07,0.84,188019.09,6.7,507,305,25888.82,Enzyme,1INL,1
1iu8_2,A,4,D2,O58321,1.6,206,Pyrococcus horikoshii (strain ATCC 700860 / DSM 12428 / JCM 9974 / NBRC 100139 / OT-3),1002,931,3.08,0.17,568,4.12,3.45,4.12,3.02,1.25,125992.5,4.59,388,250,21079.61,Enzyme,1IU8,2
1ivh_1,A,4,D2,P26440,2.6,394,Homo sapiens (Human),902,7268,3.19,0.15,1187,4.44,3.87,4.44,3.47,1.03,231340.67,6.03,738,439,34145.03,Enzyme,1IVH,1
1ixc_1,A,4,C2,Q9WXC7,2.2,294,Cupriavidus necator (Alcaligenes eutrophus) (Ralstonia eutropha),316,7899,2.51,0.19,744,4.07,3.38,4.07,2.99,1.8,167357.91,6.91,420,384,32128.92,Regulatory,1IXC,1
1iy8_2,E,4,D2,Q9LBG2,1.6,267,Leifsonia aquatica (Corynebacterium aquaticum),1058,31388,2.67,0.15,789,4.26,3.56,4.26,3.12,1.17,152095.66,5.01,406,286,22131.53,Enzyme,1IY8,2
1iy9_1,A,4,D2,P70998,2.3,275,Bacillus subtilis (strain 168),508,1069,3.25,0.16,698,4.02,3.32,4.02,2.85,0.82,168823.85,5.2,549,329,26995.85,Enzyme,1IY9,1
1j2r_1,A,4,D2,P37347,1.3,199,Escherichia coli,892,1808,2.64,0.14,481,4.12,3.48,4.12,3.1,1.44,122367.25,4.73,323,212,17511.21,Other,1J2R,1
1j4n_1,A,4,C4,P47865,2.2,271,Bos taurus (Bovine),582,2095,2.57,0.18,760,3.96,3.37,3.96,2.92,1.03,141448.62,5.92,364,292,25217.5,Transport,1J4N,1
1j5t_2,A,4,D2,Q56319,3,242,Thermotoga maritima (strain ATCC 43589 / DSM 3109 / JCM 10099 / NBRC 100826 / MSB8),759,1471,2.91,0.20,596,3.98,3.19,3.98,2.67,1.65,138611.6,4.88,404,320,27135.42,Enzyme,1J5T,2
1j5y_2,A,4,D2,Q9X1T8,2.3,187,Thermotoga maritima (strain ATCC 43589 / DSM 3109 / JCM 10099 / NBRC 100826 / MSB8),58,219,2.08,0.17,476,3.92,3.26,3.92,2.72,1.4,101802.61,6.54,212,196,17483.28,Regulatory,1J5Y,2
1j7j_3,A,4,D2,O33799,2.3,178,Salmonella typhimurium (strain LT2 / SGSC1412 / ATCC 700720),978,1495,2.67,0.16,434,4.09,3.24,4.09,2.79,1.69,98827.42,4.49,264,200,15654.41,Enzyme,1J7J,3
1j9j_2,A,4,D2,P96112,1.9,247,Thermotoga maritima (strain ATCC 43589 / DSM 3109 / JCM 10099 / NBRC 100826 / MSB8),1096,1369,2.59,0.14,644,4.06,3.35,4.06,2.8,1.07,151146.41,7.01,392,230,20520.43,Enzyme,1J9J,2
1ja9_1,A,4,D2,Q9HFV6,1.5,274,Pyricularia grisea (Crabgrass-specific blast fungus) (Magnaporthe grisea),1018,27296,2.86,0.15,768,4.14,3.45,4.14,3.02,1.14,146695.65,4.95,420,276,21784.5,Enzyme,1JA9,1
1jcn_1,A,4,C4,P20839,2.5,514,Homo sapiens (Human),665,334,3.23,0.22,948,3.73,2.93,3.73,2.49,1.36,221465.75,6.43,716,548,48526.35,Enzyme,1JCN,1
1jeo_2,A,4,D2,Q58644,2,180,Methanocaldococcus jannaschii (strain ATCC 43067 / DSM 2661 / JAL-1 / JCM 10045 / NBRC 100440) (Methanococcus jannaschii),502,480,2.04,0.13,500,4.16,3.43,4.16,2.98,1.85,106045.71,5.77,216,156,13617.44,Enzyme,1JEO,2
1jg8_1,A,4,D2,Q9X266,1.8,347,Thermotoga maritima (strain ATCC 43589 / DSM 3109 / JCM 10099 / NBRC 100826 / MSB8),588,908,3.06,0.15,1013,4.35,3.65,4.35,3.21,1.37,209048.51,6.77,640,397,31688.81,Binding,1JG8,1
1jqb_1,A,4,D2,P25984,1.97,351,Clostridium beijerinckii (Clostridium MP),1015,2248,3.22,0.14,936,4.45,3.69,4.45,3.22,1.31,203731.1,5.87,657,356,29014.76,Enzyme,1JQB,1
1jqn_1,A,4,D2,P00864,2.35,883,Escherichia coli (strain K12),1144,416,4.02,0.18,2714,4.05,3.45,4.05,3.01,0.85,515767.39,10.91,2072,1148,91903.38,Enzyme,1JQN,1
1jqo_1,A,4,D2,P04711,3,970,Zea mays (Maize),1151,360,3.87,0.17,2754,4.28,3.73,4.28,3.39,0.88,537765.08,10.41,2080,1160,93779.02,Enzyme,1JQO,1
1jsw_1,A,4,D2,P0AC38,2.7,478,Escherichia coli (strain K12),963,498,2.85,0.14,1286,4.83,4.26,4.83,3.95,1.25,256129.73,9.62,731,426,35057.93,Enzyme,1JSW,1
1jvb_1,A,4,D2,P39462,1.85,347,Saccharolobus solfataricus (strain ATCC 35092 / DSM 1617 / JCM 11322 / P2) (Sulfolobus solfataricus),1088,11248,3.12,0.16,936,4.13,3.3,4.13,2.76,1.13,197357.5,5.87,616,380,31566.24,Enzyme,1JVB,1
1k0w_6,F,4,C4,P08203,2.1,231,Escherichia coli (strain K12),845,881,2.95,0.17,664,4.07,3.38,4.07,2.96,1.28,130040.11,5.26,384,268,22645.94,Enzyme,1K0W,6
1k1d_1,A,4,D2,Q45515,3,460,Geobacillus stearothermophilus (Bacillus stearothermophilus),786,2420,4.11,0.16,1275,4.26,3.48,4.26,2.98,0.79,265512.3,7.24,1092,493,42071.89,Enzyme,1K1D,1
1k2w_2,A,4,D2,Q59787,2.3,256,Cereibacter sphaeroides (Rhodobacter sphaeroides),1051,29270,2.84,0.17,786,4.07,3.38,4.07,2.88,1.18,143424.16,5,408,296,25071.7,Enzyme,1K2W,2
1k62_1,A,4,D2,P04424,2.65,464,Homo sapiens (Human),1038,868,2.5,0.13,1424,4.37,3.73,4.37,3.36,1.17,268339.66,10.36,672,450,36133.15,Enzyme,1K62,1
1k7w_1,A,4,D2,P24058,1.96,468,Anas platyrhynchos (Mallard) (Anas boschas),1095,886,2.54,0.14,1431,4.41,3.92,4.41,3.62,1.46,271104.8,10.24,689,441,37021.5,Enzyme,1K7W,1
1k92_1,A,4,D2,P0A6E4,1.6,455,Escherichia coli (strain K12),1056,177,2.43,0.12,1396,4.21,3.47,4.21,3,0.94,265137.74,7.71,644,412,31587.76,Enzyme,1K92,1
1kam_1,A,4,D2,P54455,2,194,Bacillus subtilis (strain 168),892,3568,1.92,0.15,427,4.52,3.89,4.52,3.52,1.53,111592.36,5.38,214,184,17075.32,Enzyme,1KAM,1
1kbj_1,A,4,C4,P00175,2.5,412,Saccharomyces cerevisiae (strain ATCC 204508 / S288c) (Baker's yeast),778,1604,2.91,0.13,1074,4.17,3.5,4.17,3.05,1.13,234668.67,8.46,684,358,31593.94,Enzyme,1KBJ,1
1kgi_1,A,4,D2,P02767,1.8,127,Rattus norvegicus (Rat),408,518,1.92,0.20,284,3.99,3.15,3.99,2.79,1.05,73805.02,3.83,142,177,14629.94,Binding,1KGI,1
1kkc_1,A,4,D2,Q92450,2,221,Aspergillus fumigatus (strain ATCC MYA-4609 / CBS 101355 / FGSC A1100 / Af293) (Neosartorya fumigata),581,1262,2.66,0.16,586,4.09,3.62,4.09,3.28,0.64,128667.94,6.44,342,271,20618.55,Enzyme,1KKC,1
1kol_1,A,4,D2,P46154,1.65,398,Pseudomonas putida (Arthrobacter siderocapsulatus),1081,490,3.49,0.14,1032,4.22,3.4,4.22,2.95,0.95,234481.96,5.92,818,422,33725.81,Enzyme,1KOL,1
1kor_1,A,4,D2,P59846,1.95,400,Thermus thermophilus (strain ATCC 27634 / DSM 579 / HB8),1020,331,2.78,0.12,1104,4.51,3.79,4.51,3.35,1.06,243196.93,8.02,675,346,28301.89,Enzyme,1KOR,1
1ky4_1,A,4,D2,P10760,2.8,431,Rattus norvegicus (Rat),737,311,3.08,0.14,1225,4.31,3.58,4.31,3.12,1.26,253635.51,6.94,780,471,36401.01,Enzyme,1KY4,1
1l3i_2,E,4,D2,O26249,1.9,192,Methanothermobacter thermautotrophicus (strain ATCC 29096 / DSM 1053 / JCM 10044 / NBRC 100330 / Delta H) (Methanobacterium thermoautotrophicum),176,740,2.92,0.19,434,4.2,3.46,4.20,2.96,1.7,107681.48,5.75,314,252,20534.53,Enzyme,1L3I,2
1l5x_2,A,4,D2,Q8ZU79,2,280,Pyrobaculum aerophilum (strain ATCC 51768 / DSM 7523 / JCM 9630 / CIP 104966 / NBRC 100827 / IM2),1009,1083,2.73,0.15,692,4.05,3.36,4.05,2.88,1.42,162828.76,6.51,444,280,23726.88,Enzyme,1L5X,2
1lco_1,A,4,C4,P00175,2.9,511,Saccharomyces cerevisiae (strain ATCC 204508 / S288c) (Baker's yeast),962,256,2.79,0.13,1136,4.13,3.51,4.13,3.21,1.11,281679.17,8.16,786,448,37178.75,Enzyme,1LCO,1
1ldf_1,A,4,C4,P11244,2.1,281,Escherichia coli,478,2197,3.13,0.14,812,4.28,3.69,4.28,3.2,0.86,144263.69,6.05,452,248,19947.08,Other,1LDF,1
1ldn_2,E,4,D2,P00344,2.5,316,Geobacillus stearothermophilus (Bacillus stearothermophilus),961,1055,2.99,0.14,868,4.59,3.92,4.59,3.57,1.54,190982.79,6.34,571,328,26271.55,Enzyme,1LDN,2
1lk5_1,A,4,D2,O50083,1.75,229,Pyrococcus horikoshii (strain ATCC 700860 / DSM 12428 / JCM 9974 / NBRC 100139 / OT-3),801,953,2.84,0.16,642,4.25,3.57,4.25,3.14,1.58,141246.44,4.78,401,254,22362.15,Enzyme,1LK5,1
1lko_2,A,4,D2,P24931,1.63,191,Nitratidesulfovibrio vulgaris (strain ATCC 29579 / DSM 644 / CCUG 34227 / NCIMB 8303 / VKM B-1760 / Hildenborough) (Desulfovibrio vulgaris),412,299,2.06,0.15,584,4.07,3.59,4.07,3.26,0.63,116703.69,6.42,240,208,17247.84,Enzyme,1LKO,2
1lkv_2,X,4,D2,Q9WY63,2.798,232,Thermotoga maritima (strain ATCC 43589 / DSM 3109 / JCM 10099 / NBRC 100826 / MSB8),65,1077,1.77,0.22,624,3.74,3.17,3.74,2.81,1.71,126622.57,9.36,224,292,27436.38,Other,1LKV,2
1lld_1,A,4,D2,P19869,2,319,Bifidobacterium longum subsp. longum,921,980,3.11,0.17,898,4.06,3.4,4.06,2.97,1.52,179581.53,6.69,558,382,31297.16,Other,1LLD,1
1llu_2,E,4,D2,Q9HTD9,2.3,342,Pseudomonas aeruginosa (strain ATCC 15692 / DSM 22644 / CIP 104116 / JCM 14847 / LMG 12228 / 1C / PRS 101 / PAO1),1038,9611,3.39,0.17,876,4.22,3.47,4.22,2.97,1.36,198767.71,5.4,674,412,32968.74,Enzyme,1LLU,2
1lu1_1,A,4,D2,P05045,2.6,253,Vigna unguiculata subsp. cylindrica (Horse gram) (Dolichos biflorus),152,1253,3.1,0.16,628,3.97,2.99,3.97,2.33,0.95,140535.41,4.46,436,328,23022.18,Binding,1LU1,1
1lvw_1,A,4,D2,O27819,1.7,295,Methanothermobacter thermautotrophicus (strain ATCC 29096 / DSM 1053 / JCM 10044 / NBRC 100330 / Delta H) (Methanobacterium thermoautotrophicum),747,1384,2.7,0.14,835,4.26,3.65,4.26,3.25,1.59,188930.75,5.8,510,315,26913.44,Enzyme,1LVW,1
1lxj_1,A,4,D2,P35195,1.8,104,Saccharomyces cerevisiae (strain ATCC 204508 / S288c) (Baker's yeast),732,248,1.2,0.10,276,3.78,3.01,3.78,2.61,1.93,63514.58,5.57,76,72,6405.58,Binding,1LXJ,1
1lxn_5,A,4,D2,O27255,2.3,99,Methanothermobacter thermautotrophicus (strain ATCC 29096 / DSM 1053 / JCM 10044 / NBRC 100330 / Delta H) (Methanobacterium thermoautotrophicum),729,397,1.27,0.13,260,4.02,3.37,4.02,3.01,2.05,58492.04,5.78,74,82,7709.36,Binding,1LXN,5
1m3s_1,A,4,D2,P42404,1.95,186,Bacillus subtilis (strain 168),531,483,2.03,0.15,541,4.11,3.53,4.11,3.11,1.4,104490.81,5.65,212,190,15318.8,Enzyme,1M3S,1
1m7s_1,A,4,D2,P46206,1.8,484,Pseudomonas syringae pv. syringae,885,322,2.32,0.10,1195,4.27,3.57,4.27,3.06,0.3,317120.69,9.29,736,388,31396.17,Enzyme,1M7S,1
1ma1_2,C,4,D2,P18868,2.6,205,Methanothermobacter thermautotrophicus (strain ATCC 29096 / DSM 1053 / JCM 10044 / NBRC 100330 / Delta H) (Methanobacterium thermoautotrophicum),654,1371,2.09,0.13,585,4.17,3.62,4.17,3.19,0.79,129526.94,6.38,271,197,17364.48,Enzyme,1MA1,2
1mc3_1,A,4,D2,P61887,2.6,296,Escherichia coli (strain K12),763,1279,2.86,0.17,736,3.85,3.14,3.85,2.68,1.42,165176.11,6.1,472,376,27509.04,Enzyme,1MC3,1
1me8_1,A,4,C4,P50097,1.9,503,Tritrichomonas foetus (Trichomonas foetus) (Tritrichomonas suis),516,347,3.26,0.16,880,4.05,3.32,4.05,2.84,1,206128.58,6.93,672,364,32361.24,Enzyme,1ME8,1
1mki_2,A,4,D2,O31465,2,330,Bacillus subtilis (strain 168),366,601,3.27,0.17,790,4.33,3.67,4.33,3.18,1,185959.2,5.72,608,364,30739.83,Enzyme,1MKI,2
1mng_1,A,4,D2,P61503,1.8,203,Thermus thermophilus (strain ATCC 27634 / DSM 579 / HB8),826,1323,2.86,0.19,582,4.12,3.48,4.12,3.04,1.1,125762.37,5.39,360,296,23331.51,Enzyme,1MNG,1
1mpx_1,A,4,D2,Q8PK36,1.9,615,Xanthomonas citri,961,1309,3.15,0.15,1427,4.18,3.47,4.18,2.92,0.33,396157.93,7.72,1248,739,57500.46,Other,1MPX,1
1mq0_1,A,4,D2,P32320,2.3,140,Homo sapiens (Human),770,1573,2.26,0.14,348,4.18,3.45,4.18,3.02,0.78,73389.36,4.38,166,132,10087.7,Enzyme,1MQ0,1
1muw_2,A,4,D2,P15587,0.8,386,Streptomyces olivochromogenes,893,39,1.66,0.08,1312,4.25,3.59,4.25,3.75,0.73,315908.76,7.73,524,304,24157.52,Enzyme,1MUW,2
1mxf_1,A,4,D2,Q8I814,1.76,276,Trypanosoma cruzi,979,20132,2.52,0.13,691,4.21,3.57,4.21,3.13,1.28,147935.26,5.24,373,239,19769.35,Enzyme,1MXF,1
1mzb_2,A,4,D2,Q03456,1.8,136,Pseudomonas aeruginosa (strain ATCC 15692 / DSM 22644 / CIP 104116 / JCM 14847 / LMG 12228 / 1C / PRS 101 / PAO1),744,2695,1.57,0.17,340,3.54,2.93,3.54,2.61,1.44,79092.97,5.25,124,148,13555.9,Regulatory,1MZB,2
1n47_1,A,4,D2,P56625,2.7,233,Vicia villosa (Hairy vetch),141,1144,3.17,0.16,551,3.94,2.97,3.94,2.39,1.07,135177.05,4.31,429,303,22056.48,Binding,1N47,1
1n7h_1,A,4,D2,P93031,1.8,381,Arabidopsis thaliana (Mouse-ear cress),995,3575,3.2,0.14,966,4.21,3.54,4.21,3.1,0.68,204510.27,6.71,655,364,28071.05,Enzyme,1N7H,1
1n7k_1,A,4,D2,Q9Y948,2,234,Aeropyrum pernix (strain ATCC 700893 / DSM 11879 / JCM 9820 / NBRC 100138 / K1),1020,944,3.03,0.17,726,4.17,3.58,4.17,3.25,1.68,130595.69,4.57,396,300,22747.1,Enzyme,1N7K,1
1n8p_1,A,4,D2,P31373,2.6,393,Saccharomyces cerevisiae (strain ATCC 204508 / S288c) (Baker's yeast),968,2030,3.22,0.14,978,4.24,3.54,4.24,3.08,0.92,226818.96,6.66,731,393,31474.34,Enzyme,1N8P,1
1n9p_1,A,4,C4,P63250,1.8,207,Mus musculus (Mouse),21,534,1.76,0.19,412,3.68,2.9,3.68,2.36,1.6,120453.35,6.62,212,248,22515.09,Transport,1N9P,1
1nba_1,A,4,D2,P32400,2,264,Arthrobacter sp,1037,84,2.1,0.11,693,4.38,3.73,4.38,3.32,1.33,152593.05,6.76,321,197,16785.03,Enzyme,1NBA,1
1nff_1,A,4,D2,P69167,1.8,260,Mycobacterium tuberculosis,987,30632,2.78,0.13,714,4.24,3.6,4.24,3.19,1.05,140360.12,5.34,390,226,17692.38,Other,1NFF,1
1nfg_1,A,4,D2,Q8VTT5,2.7,457,Ralstonia pickettii (Burkholderia pickettii),966,2470,3.9,0.15,1312,4.23,3.39,4.23,2.91,0.74,269004.09,8.03,1050,484,39347.49,Enzyme,1NFG,1
1nfh_1,A,4,C2,O28323,2.65,89,Archaeoglobus fulgidus (strain ATCC 49558 / DSM 4304 / JCM 9628 / NBRC 100126 / VC-16),281,243,1.76,0.27,230,3.76,3.15,3.76,2.73,2.45,51080.81,3.7,90,142,13735.29,Regulatory,1NFH,1
1nhk_1,R,4,D2,P15266,1.9,144,Myxococcus xanthus,485,1836,2.48,0.19,378,4.01,3.34,4.01,2.87,1.04,87784.83,4.34,218,188,16446.43,Enzyme,1NHK,1
1njk_1,A,4,D2,P77712,1.9,156,Escherichia coli (strain K12),658,720,2.03,0.21,331,4.18,3.5,4.18,3.02,1.72,85073.26,3.98,173,199,17875.22,Enzyme,1NJK,1
1nkt_2,A,4,D2,P0A5Y8,2.4,922,Mycobacterium tuberculosis,934,542,3.39,0.21,2457,4.08,3.49,4.08,3.15,0.58,501685.94,9.51,1700,1256,103220.01,Other,1NKT,2
1nm3_1,A,4,D2,P44758,2.8,241,Haemophilus influenzae (strain ATCC 51907 / DSM 11121 / KW20 / Rd),673,20,2.26,0.22,544,4.01,3.37,4.01,2.91,1.5,139126.96,7.1,314,360,31022.55,Enzyme,1NM3,1
1nn4_3,A,4,D2,P37351,2.2,162,Escherichia coli (strain K12),922,1110,2.37,0.13,431,4.29,3.73,4.29,3.31,1.2,92933.2,5.29,220,143,11990.16,Enzyme,1NN4,3
1nqk_1,A,4,D2,P80645,2.18,381,Escherichia coli (strain K12),1107,476,3.26,0.16,920,4.04,3.35,4.04,2.94,1,201124.88,7.05,656,400,31642.08,Enzyme,1NQK,1
1nul_1,A,4,D2,P0A9M5,1.8,152,Escherichia coli (strain K12),364,231,2.46,0.15,328,3.96,3.22,3.96,2.82,1.7,82854.01,7.8,204,146,12337.92,Enzyme,1NUL,1
1nuq_1,A,4,D2,Q96T66,1.9,252,Homo sapiens (Human),465,1136,2.69,0.16,586,3.86,3.28,3.86,2.89,1.42,132969.13,4.73,358,246,21188.77,Enzyme,1NUQ,1
1nuw_2,A,4,D2,P00636,1.3,337,Sus scrofa (Pig),876,570,3.18,0.16,916,4.14,3.29,4.14,2.81,1.16,190059.79,7.14,604,360,30715.08,Enzyme,1NUW,2
1o04_1,A,4,D2,P05091,1.42,500,Homo sapiens (Human),983,6813,3.09,0.12,1398,4.36,3.68,4.36,3.22,0.86,324422.54,7.38,1003,510,39779.53,Enzyme,1O04,1
1o0s_1,A,4,D2,P27443,2,605,Ascaris suum (Pig roundworm) (Ascaris lumbricoides),1015,420,3.28,0.16,1622,4.17,3.55,4.17,3.14,1.11,367496.2,10.07,1204,686,58506.41,Enzyme,1O0S,1
1o1x_1,A,4,D2,Q9X0G9,1.9,155,Thermotoga maritima (strain ATCC 43589 / DSM 3109 / JCM 10099 / NBRC 100826 / MSB8),866,1161,2.56,0.13,384,4.24,3.62,4.24,3.13,1.24,87647.72,4.81,224,128,11006.76,Enzyme,1O1X,1
1o20_2,A,4,D2,Q9WYC9,2,427,Thermotoga maritima (strain ATCC 43589 / DSM 3109 / JCM 10099 / NBRC 100826 / MSB8),605,548,2.93,0.17,1172,4.19,3.45,4.19,2.97,1.43,244370.54,7.35,716,504,41556.7,Enzyme,1O20,2
1o54_1,A,4,D2,Q9WZK7,1.65,277,Thermotoga maritima (strain ATCC 43589 / DSM 3109 / JCM 10099 / NBRC 100826 / MSB8),410,557,2.57,0.13,664,3.85,3.09,3.85,2.58,1.52,160391.49,7.91,412,248,21451.05,Enzyme,1O54,1
1o5i_1,A,4,D2,Q9X0Q1,2.5,249,Thermotoga maritima (strain ATCC 43589 / DSM 3109 / JCM 10099 / NBRC 100826 / MSB8),982,28345,2.66,0.17,628,4.28,3.61,4.28,3.23,1.47,136653.95,5.29,363,266,23315.74,Enzyme,1O5I,1
1o5k_1,A,4,D2,Q9X1K9,1.61,306,Thermotoga maritima (strain ATCC 43589 / DSM 3109 / JCM 10099 / NBRC 100826 / MSB8),1151,3298,3.48,0.15,868,4.35,3.68,4.35,3.27,1.4,175961.52,5.17,612,320,26518.64,Enzyme,1O5K,1
1o5o_1,A,4,D2,Q9WZI0,2.3,221,Thermotoga maritima (strain ATCC 43589 / DSM 3109 / JCM 10099 / NBRC 100826 / MSB8),538,827,2.5,0.14,532,4.26,3.55,4.26,3.04,1.81,129797.67,6.66,324,194,17894.55,Enzyme,1O5O,1
1o60_1,A,4,D2,P45251,1.8,292,Haemophilus influenzae (strain ATCC 51907 / DSM 11121 / KW20 / Rd),787,449,2.87,0.15,635,4.2,3.54,4.20,3.14,1.51,161865.94,5.99,465,269,23800.23,Enzyme,1O60,1
1o7j_1,A,4,D2,P06608,1,327,Dickeya chrysanthemi (Pectobacterium chrysanthemi) (Erwinia chrysanthemi),1086,983,2.04,0.09,809,4.29,3.46,4.29,3.56,1.57,271463.32,6.5,554,304,25264.17,Enzyme,1O7J,1
1o9j_1,A,4,D2,Q28399,2.4,501,Elephantulus edwardii (Cape long-eared elephant shrew),983,6573,3.27,0.15,1248,4.36,3.68,4.36,3.27,1.04,292600.06,7.2,957,541,43438.04,Enzyme,1O9J,1
1obf_1,O,4,D2,P83696,1.7,335,Achromobacter xylosoxidans,941,799,2.93,0.17,924,4.07,3.23,4.07,2.66,0.96,194310.58,6.12,570,410,32568.67,Other,1OBF,1
1ofr_5,E,4,D2,P32449,2.7,370,Saccharomyces cerevisiae (strain ATCC 204508 / S288c) (Baker's yeast),818,299,3.36,0.16,920,4.32,3.7,4.32,3.29,0.94,192575.73,5.17,648,385,30769.73,Enzyme,1OFR,5
1oih_1,A,4,D2,Q9WWU5,1.89,301,Pseudomonas putida (Arthrobacter siderocapsulatus),911,1786,3.1,0.18,618,4.04,3.31,4.04,2.87,0.36,153149.33,5.36,475,351,27135.75,Enzyme,1OIH,1
1oik_1,A,4,D2,Q9WWU5,2.06,301,Pseudomonas putida (Arthrobacter siderocapsulatus),686,1789,3.22,0.19,628,3.96,3.2,3.96,2.66,0.33,146171.42,5.4,470,348,27479.33,Enzyme,1OIK,1
1ope_1,A,4,D2,Q29551,2.5,475,Sus scrofa (Pig),992,324,3.75,0.17,1226,4.08,3.25,4.08,2.75,0.9,263711.96,6.15,988,536,44616.64,Enzyme,1OPE,1
1orr_1,A,4,D2,P14169,1.46,347,Salmonella typhi,754,8916,3.3,0.15,983,4.28,3.69,4.28,3.29,0.84,218699.6,5,722,416,33690.42,Enzyme,1ORR,1
1orv_1,A,4,D2,28566188,1.78,728,Sus scrofa,683,1203,3.36,0.17,1824,4.22,3.49,4.22,3.01,0.43,475939.42,10.47,1601,999,81256.21,Other,1ORV,1
1otv_2,A,4,D2,P27505,2.1,259,Klebsiella pneumoniae,561,69,2.28,0.17,752,4.04,3.54,4.04,3.14,0.47,156799.71,5.92,358,310,26873.61,Enzyme,1OTV,2
1ovm_1,A,4,D2,P23234,2.65,552,Enterobacter cloacae,1047,2145,3.51,0.13,1481,4.24,3.51,4.24,3.09,0.99,312745.58,7.95,1098,512,41589.37,Enzyme,1OVM,1
1p19_3,A,4,D2,Q27796,2.3,221,Trypanosoma cruzi,1070,861,2.26,0.16,460,4.28,3.69,4.28,3.34,1.8,126203.38,5.19,285,215,20058.1,Enzyme,1P19,3
1p1f_1,A,4,D2,P11986,2.6,533,Saccharomyces cerevisiae (strain ATCC 204508 / S288c) (Baker's yeast),719,90,2.5,0.14,1228,4.2,3.55,4.20,3.13,1.06,295430.32,7.09,738,508,42168.57,Enzyme,1P1F,1
1p1h_1,A,4,D2,P11986,1.95,533,Saccharomyces cerevisiae (strain ATCC 204508 / S288c) (Baker's yeast),807,90,2.37,0.14,1282,4.33,3.7,4.33,3.3,0.89,319747.14,6.97,757,526,43765.32,Enzyme,1P1H,1
1p1i_1,A,4,D2,P11986,2.4,533,Saccharomyces cerevisiae (strain ATCC 204508 / S288c) (Baker's yeast),771,90,2.56,0.14,1212,4.18,3.51,4.18,3.13,1,298960.91,7.1,766,502,42904.45,Enzyme,1P1I,1
1p1j_1,A,4,D2,P11986,1.7,533,Saccharomyces cerevisiae (strain ATCC 204508 / S288c) (Baker's yeast),868,90,2.59,0.13,1386,4.14,3.41,4.14,2.96,0.81,323648.63,7.03,838,504,41750.74,Enzyme,1P1J,1
1p33_1,A,4,D2,P42556,2.86,289,Leishmania tarentolae (Sauroleishmania tarentolae),979,14914,2.57,0.16,724,4.24,3.69,4.24,3.27,1.01,158536.37,5.83,408,286,24678.47,Enzyme,1P33,1
1p5b_1,A,4,C4,P20932,1.35,380,Pseudomonas putida (Arthrobacter siderocapsulatus),730,1690,3.39,0.16,948,4.12,3.39,4.12,2.92,1.02,211372.68,6.24,716,408,34169.51,Enzyme,1P5B,1
1p7b_1,A,4,C4,P83698,3.65,333,Burkholderia pseudomallei (Pseudomonas pseudomallei),316,365,1.91,0.17,598,3.5,2.73,3.50,2.33,0.95,151806.85,9.54,290,304,25898.23,Transport,1P7B,1
1p7g_2,E,4,D2,O93724,1.8,222,Pyrobaculum aerophilum (strain ATCC 51768 / DSM 7523 / JCM 9630 / CIP 104966 / NBRC 100827 / IM2),682,1266,2.06,0.10,577,4.63,4,4.63,3.63,0.72,133395.5,6.1,275,190,13700.44,Enzyme,1P7G,2
1pff_1,A,4,D2,O15565,2.5,331,Trichomonas vaginalis,565,2188,3.59,0.18,946,4.29,3.59,4.29,3.17,1.21,194639.67,5.55,698,416,34890.94,Enzyme,1PFF,1
1pfk_1,A,4,D2,P0A796,2.4,320,Escherichia coli (strain K12),667,940,3.1,0.16,916,4.22,3.47,4.22,3.03,1.52,187914.47,6.45,582,368,30540.22,Enzyme,1PFK,1
1pix_2,A,4,D2,Q06700,2.2,587,Acidaminococcus fermentans (strain ATCC 25085 / DSM 20731 / CCUG 9996 / CIP 106432 / VR4),526,408,2.86,0.12,1620,4.32,3.63,4.32,3.13,0.58,346450.88,10.84,990,510,41747.66,Enzyme,1PIX,2
1pkg_3,A,4,C2,P10721,2.9,329,Homo sapiens (Human),132,43793,3.31,0.22,688,4.04,3.46,4.04,3.03,0.94,169367.96,4.98,560,444,37950.78,Enzyme,1PKG,3
1pl4_1,A,4,D2,P04179,1.45,198,Homo sapiens (Human),605,1379,2.34,0.17,576,4.18,3.64,4.18,3.26,0.87,126576.84,6.22,296,275,21614.53,Enzyme,1PL4,1
1pl6_1,A,4,D2,Q00796,1.9,356,Homo sapiens (Human),1027,7939,3.05,0.18,968,4.09,3.39,4.09,2.86,1.26,211227.72,5.02,644,476,38382.42,Enzyme,1PL6,1
1pqh_1,A,4,C4,P0A790,1.29,143,Escherichia coli (strain K12),761,173,1.86,0.14,319,4.03,3.29,4.03,2.81,1.48,71938.18,5.23,134,128,10235.62,Enzyme,1PQH,1
1pvn_1,A,4,C4,P50097,2,376,Tritrichomonas foetus (Trichomonas foetus) (Tritrichomonas suis),580,368,2.97,0.13,923,4.19,3.45,4.19,2.96,0.82,223237.92,7.1,663,338,29990.31,Enzyme,1PVN,1
1pvt_2,A,4,C4,Q9X0G1,2.4,238,Thermotoga maritima (strain ATCC 43589 / DSM 3109 / JCM 10099 / NBRC 100826 / MSB8),800,895,2.77,0.18,564,3.98,3.21,3.98,2.73,1.05,138512.88,4.38,384,280,24989.28,Binding,1PVT,2
1pyg_1,A,4,D2,P00489,2.87,842,Oryctolagus cuniculus (Rabbit),1068,308,3.97,0.16,2415,4.4,3.89,4.40,3.54,0.63,487388.89,9.94,1935,936,76212.79,Enzyme,1PYG,1
1pym_1,A,4,D2,P56839,1.78,295,Mytilus edulis (Blue mussel),857,743,2.38,0.10,784,4.28,3.71,4.28,3.31,0.89,178148.45,7.68,424,216,18335.97,Enzyme,1PYM,1
1pzg_1,A,4,D2,P90613,1.6,331,Toxoplasma gondii,981,1078,2.85,0.14,957,4.32,3.71,4.32,3.29,1.45,196259.35,6.33,559,325,27258.53,Enzyme,1PZG,1
1q1l_1,A,4,D2,O66493,2.05,401,Aquifex aeolicus (strain VF5),962,456,2.19,0.12,921,4.53,3.82,4.53,3.38,1.25,203209.63,7.11,445,280,24738.66,Enzyme,1Q1L,1
1q4u_1,A,4,D2,Q04416,1.6,151,Arthrobacter sp,873,210,1.89,0.15,390,4.01,3.17,4.01,2.69,1.71,85564.89,4.81,162,158,12980.6,Enzyme,1Q4U,1
1q5n_1,A,4,D2,Q59092,2.3,454,Acinetobacter baylyi (strain ATCC 33305 / BD413 / ADP1),1051,768,2.7,0.15,1348,4.29,3.67,4.29,3.2,1.7,248477.54,9.76,672,440,37503.98,Enzyme,1Q5N,1
1q5y_1,A,4,D2,P0A6Z6,1.4,85,Escherichia coli (strain K12),95,382,1.54,0.14,245,4.06,3.35,4.06,2.9,1.56,50543.82,4.25,78,86,7063.55,Regulatory,1Q5Y,1
1q6o_2,A,4,D2,P39304,1.202,216,Escherichia coli (strain K12),903,302,2.86,0.16,634,4.1,3.5,4.10,3.13,1.5,130587.44,5.1,374,258,20520.16,Enzyme,1Q6O,2
1q6z_1,A,4,D2,P20906,1,528,Pseudomonas putida (Arthrobacter siderocapsulatus),1027,3224,3.31,0.13,1376,4.18,3.48,4.18,2.97,0.97,301897.46,7.04,1000,492,38824.48,Enzyme,1Q6Z,1
1q8f_1,A,4,D2,P33022,1.7,313,Escherichia coli (strain K12),1114,1887,3.56,0.15,853,4.28,3.55,4.28,3.08,1.27,190063.39,4.74,676,363,28986.78,Enzyme,1Q8F,1
1qgn_2,E,4,D2,Q9ZPL5,2.9,445,Nicotiana tabacum (Common tobacco),900,1345,3.1,0.13,1121,4.19,3.42,4.19,2.95,1.04,229746.04,7.24,712,378,30056.24,Enzyme,1QGN,2
1qhf_1,A,4,D2,P00950,1.7,240,Saccharomyces cerevisiae (strain ATCC 204508 / S288c) (Baker's yeast),691,2159,3.04,0.18,662,4,3.39,4.00,2.88,0.76,146107,4.32,444,328,26372.51,Enzyme,1QHF,1
1qhx_1,A,4,D2,Q56148,2.2,178,Streptomyces venezuelae (strain ATCC 10712 / CBS 650.69 / DSM 40230 / JCM 4526 / NBRC 13096 / PD 04745),589,284,2.79,0.19,528,3.91,3.21,3.91,2.78,1.38,100299.12,4.56,280,236,19345.04,Enzyme,1QHX,1
1qnw_1,A,4,D2,AF190633,2.35,242,Ulex europaeus,131,1311,3.04,0.16,526,3.89,2.95,3.89,2.4,1.09,137532.81,4.41,418,307,21895.69,Other,1QNW,1
1qr6_1,A,4,D2,P23368,2.1,584,Homo sapiens (Human),936,457,3.42,0.17,1460,4.27,3.6,4.27,3.22,0.95,338855.63,8.27,1158,696,56467.89,Enzyme,1QR6,1
1qsg_2,E,4,D2,P29132,1.75,265,Escherichia coli,1022,9924,2.51,0.13,714,4.17,3.47,4.17,3.07,1.63,157254.09,5.14,394,259,20844.79,Other,1QSG,2
1qsm_1,A,4,D2,Q06592,2.4,152,Saccharomyces cerevisiae (strain ATCC 204508 / S288c) (Baker's yeast),1039,563,1.69,0.15,370,3.99,3.38,3.99,3.08,1.23,100149.49,4.36,169,163,14973.13,Enzyme,1QSM,1
1qvb_1,A,4,D2,Q9YGA8,2.4,481,Thermosphaera aggregans,1012,2298,3.8,0.16,1274,4.23,3.45,4.23,3.03,0.44,300275.2,5.55,1140,594,49264.3,Other,1QVB,1
1qvc_1,A,4,NPS,P02339,2.2,145,Escherichia coli,732,1307,1.16,0.27,239,3.84,3.08,3.84,2.6,2.21,86194.75,7.81,100,253,22844.18,Other,1QVC,1
1qwl_1,A,4,D2,P77872,1.6,505,Helicobacter pylori (strain ATCC 700392 / 26695) (Campylobacter pylori),885,366,2.33,0.10,1262,4.29,3.59,4.29,3.09,0.27,317053.62,9.35,740,380,32576.09,Enzyme,1QWL,1
1qxo_1,A,4,D2,P0A2Y6,2,388,Streptococcus pneumoniae serotype 4 (strain ATCC BAA-334 / TIGR4),1041,452,1.85,0.12,1009,4.41,3.78,4.41,3.27,0.91,258158.72,7.58,477,371,31969.84,Enzyme,1QXO,1
1qyn_1,A,4,D2,P15040,2.35,153,Escherichia coli,690,452,1.99,0.22,346,4.01,3.37,4.01,3.06,2.18,80003.07,5.09,159,211,17928.6,Other,1QYN,1
1r52_1,A,4,D2,P28777,2.89,382,Saccharomyces cerevisiae (strain ATCC 204508 / S288c) (Baker's yeast),438,459,2.6,0.16,740,4.18,3.35,4.18,2.88,1.34,160480.85,6.7,417,292,25761.18,Enzyme,1R52,1
1r53_1,A,4,D2,P28777,2.2,382,Saccharomyces cerevisiae (strain ATCC 204508 / S288c) (Baker's yeast),513,459,2.47,0.16,744,4.14,3.26,4.14,2.68,1.44,163263.42,6.69,404,300,25848.56,Enzyme,1R53,1
1r5t_1,A,4,D2,Q06549,2,142,Saccharomyces cerevisiae (strain ATCC 204508 / S288c) (Baker's yeast),961,1501,2.16,0.16,352,4.25,3.6,4.25,3.2,1.49,83003.92,4.51,179,149,13069.41,Enzyme,1R5T,1
1r8x_1,A,4,D2,Q9QXF8,2.95,292,Mus musculus (Mouse),322,49,2.77,0.19,730,3.85,3.14,3.85,2.7,0.93,163376.5,6.98,452,380,31014.31,Enzyme,1R8X,1
1rcu_1,A,4,D2,Q9X0E5,2.5,195,Thermotoga maritima (strain ATCC 43589 / DSM 3109 / JCM 10099 / NBRC 100826 / MSB8),597,241,3.08,0.16,466,4.18,3.57,4.18,3.15,1.46,96037.88,4.63,296,192,15580.5,Other,1RCU,1
1re5_1,A,4,D2,Q88N37,2.6,450,Pseudomonas putida (strain ATCC 47054 / DSM 6125 / CFBP 8728 / NCIMB 11950 / KT2440),1029,767,2.67,0.14,1356,4.36,3.72,4.36,3.32,1.51,247181.94,9.29,660,427,33904.75,Enzyme,1RE5,1
1rii_1,A,4,D2,P0A5R6,1.7,265,Mycobacterium tuberculosis,733,801,3.25,0.18,684,4.21,3.64,4.21,3.23,0.72,144155.4,4.08,468,334,26406.7,Other,1RII,1
1rjw_1,A,4,D2,P42328,2.35,339,Geobacillus stearothermophilus (Bacillus stearothermophilus),1032,11918,3.36,0.16,918,4.1,3.35,4.10,2.88,1.48,196394.08,6.3,660,383,32167.84,Enzyme,1RJW,1
1rkx_1,A,4,D2,Q57329,1.8,357,Yersinia pseudotuberculosis,1028,2929,3.24,0.16,965,4.17,3.55,4.17,3.22,0.73,223295.69,4.71,723,449,35418.8,Enzyme,1RKX,1
1rli_1,A,4,D2,P96726,1.8,184,Bacillus subtilis (strain 168),400,698,2.41,0.17,461,4.14,3.59,4.14,3.04,1.65,103951.58,5.21,251,195,17874.76,Enzyme,1RLI,1
1rm4_1,A,4,D2,P19866,2,337,Spinacia oleracea (Spinach),931,792,3.19,0.16,910,4.15,3.37,4.15,2.9,1.26,195669.93,6.38,624,379,31899.13,Enzyme,1RM4,1
1rpn_5,A,4,D2,Q51366,2.15,335,Pseudomonas aeruginosa (strain ATCC 15692 / DSM 22644 / CIP 104116 / JCM 14847 / LMG 12228 / 1C / PRS 101 / PAO1),958,4003,3.38,0.13,939,4.4,3.84,4.40,3.47,0.6,201916.46,4.53,683,321,26472.77,Enzyme,1RPN,5
1rtw_1,A,4,D2,Q8U189,2.35,220,Pyrococcus furiosus (strain ATCC 43587 / DSM 3638 / JCM 8422 / Vc1),735,677,2.92,0.17,660,4.37,3.95,4.37,3.62,0.86,136795.98,4.26,400,238,22940.42,Regulatory,1RTW,1
1rv3_1,A,4,D2,P07511,2.4,483,Oryctolagus cuniculus (Rabbit),944,607,3.03,0.14,1292,4.16,3.43,4.16,2.97,0.97,269505.37,7.76,816,452,39007,Enzyme,1RV3,1
1rx0_1,A,4,D2,Q9UKU7,1.76,393,Homo sapiens (Human),913,6414,2.98,0.13,1253,4.38,3.77,4.38,3.38,0.79,245874.01,5.83,733,420,31998.24,Enzyme,1RX0,1
1ryi_2,C,4,D2,O31616,1.8,382,Bacillus subtilis (strain 168),885,3956,3.32,0.17,960,4.05,3.33,4.05,2.86,1.2,222103.31,5.37,738,458,38465.25,Enzyme,1RYI,2
1s1m_1,A,4,D2,P0A7E5,2.3,545,Escherichia coli (strain K12),1026,365,3.67,0.18,1532,4.23,3.56,4.23,3.16,0.84,319278.11,6.54,1172,700,57020.1,Enzyme,1S1M,1
1s5u_1,A,4,D2,P0A8Z3,1.7,138,Escherichia coli (strain K12),547,1990,2.01,0.18,366,4.15,3.45,4.15,3.07,1.74,84465.72,4.49,170,177,15248.87,Enzyme,1S5U,1
1sbk_1,A,4,D2,P77781,2,144,Escherichia coli (strain K12),1006,460,1.85,0.17,365,4.07,3.36,4.07,2.99,1.21,85731.99,4.92,159,179,14789.26,Enzyme,1SBK,1
1sc6_1,A,4,D2,P0A9T0,2.09,404,Escherichia coli (strain K12),770,354,2.74,0.18,1017,4.23,3.57,4.23,3.18,1.57,226469.51,9.46,621,493,40090.23,Enzyme,1SC6,1
1sff_1,A,4,D2,P22256,1.9,426,Escherichia coli (strain K12),1031,4574,2.79,0.12,1186,4.45,3.78,4.45,3.35,1.25,260092.31,6.44,726,399,31744.69,Enzyme,1SFF,1
1si8_1,A,4,D2,Q834P5,2.3,484,Enterococcus faecalis (strain ATCC 700802 / V583),868,426,2.44,0.10,1227,4.17,3.4,4.17,2.86,0.5,302275.06,9.36,737,379,31197.83,Enzyme,1SI8,1
1siq_1,A,4,D2,Q92947,2.1,392,Homo sapiens (Human),948,3666,3.12,0.13,1180,4.28,3.49,4.28,3.02,0.84,227091.52,6.23,708,396,29165.95,Enzyme,1SIQ,1
1sjw_1,A,4,D2,Q9RN59,1.35,144,Streptomyces nogalater,818,448,2.19,0.14,400,3.87,3.15,3.87,2.7,1.1,89313.01,5.13,196,152,12805.92,Enzyme,1SJW,1
1sow_1,A,4,D2,Q27797,1.9,328,Toxoplasma gondii,958,1047,2.8,0.14,961,4.31,3.64,4.31,3.23,1.61,189428.6,6.45,530,342,27338.26,Enzyme,1SOW,1
1spi_1,A,4,D2,P22418,2.8,358,Spinacia oleracea (Spinach),928,559,2.63,0.19,675,4.76,3.96,4.76,3.67,1.14,204861.39,7.74,538,421,38028.95,Enzyme,1SPI,1
1spx_1,A,4,D2,Q18946,2.1,278,Caenorhabditis elegans,638,31316,2.86,0.17,704,4.06,3.4,4.06,3.03,1.05,132705.4,4.76,380,284,22832.31,Enzyme,1SPX,1
1sq1_1,A,4,D2,Q9PM41,2.8,370,Campylobacter jejuni subsp. jejuni serotype O:2 (strain ATCC 700819 / NCTC 11168),540,449,2.49,0.17,732,4.04,3.22,4.04,2.7,1.41,160682.34,6.63,400,292,26774.89,Enzyme,1SQ1,1
1su1_1,A,4,D2,P67095,2.2,208,Escherichia coli (strain K12),569,342,2.73,0.16,447,4.13,3.29,4.13,2.84,1.46,111187.48,5,303,215,17346.99,Enzyme,1SU1,1
1svv_1,A,4,D2,O15839,2.1,359,Leishmania major,1004,398,3.12,0.16,918,4.13,3.47,4.13,3,1.2,195504.94,7.36,610,381,30878.62,Other,1SVV,1
1sy7_1,A,4,D2,Q9C168,1.75,715,Neurospora crassa (strain ATCC 24698 / 74-OR23-1A / CBS 708.71 / DSM 1257 / FGSC 987),862,73,2.89,0.10,1724,4.25,3.43,4.25,2.91,0.66,440459.19,10.1,1274,560,44847.75,Enzyme,1SY7,1
1szf_1,A,4,C4,P00175,2.7,511,Saccharomyces cerevisiae (strain ATCC 204508 / S288c) (Baker's yeast),779,256,2.97,0.13,976,4.28,3.64,4.28,3.08,1.05,230625.61,8.52,684,360,30918.15,Enzyme,1SZF,1
1szg_1,A,4,C4,P00175,2.7,511,Saccharomyces cerevisiae (strain ATCC 204508 / S288c) (Baker's yeast),799,256,3,0.14,990,4.23,3.62,4.23,3.14,1.02,228625.77,8.35,686,358,31247.91,Enzyme,1SZG,1
1szj_1,G,4,D2,P56649,1.7,333,Panulirus versicolor (Painted spiny lobster) (Palinurus versicolor),935,822,3.1,0.16,944,4.2,3.39,4.20,2.89,1.24,194187.83,6.35,602,382,31439.48,Enzyme,1SZJ,1
1t11_2,A,4,D2,Q9KQS5,2.5,392,Vibrio cholerae serotype O1 (strain ATCC 39315 / El Tor Inaba N16961),43,2573,2.44,0.25,980,3.9,3.31,3.90,2.91,1.23,217106.67,9.82,530,646,54104.98,Enzyme,1T11,2
1t4a_1,A,4,D2,P12049,2,84,Bacillus subtilis (strain 168),833,849,0.59,0.15,180,4.04,3.25,4.04,2.79,1.91,51156.38,6.68,30,82,7658.96,Enzyme,1T4A,1
1t90_1,A,4,D2,P42412,2.5,486,Bacillus subtilis (strain 168),964,6715,3.39,0.13,1342,4.42,3.75,4.42,3.34,1.09,295043.23,8.56,1001,473,39670.63,Enzyme,1T90,1
1tfp_2,A,4,D2,P27731,2.8,130,Gallus gallus (Chicken),399,444,2.09,0.20,232,3.75,2.99,3.75,2.49,1.38,66057.73,4.26,138,150,13272.27,Binding,1TFP,2
1tj7_2,A,4,D2,P11447,2.44,457,Escherichia coli (strain K12),1113,968,2.47,0.14,1412,4.6,4.05,4.60,3.69,1.44,264814.18,10.53,654,456,36824.77,Enzyme,1TJ7,2
1tk9_1,A,4,D2,Q9PNE6,2.1,188,Campylobacter jejuni subsp. jejuni serotype O:2 (strain ATCC 700819 / NCTC 11168),986,1426,1.98,0.12,588,4.49,3.84,4.49,3.45,1.89,115935.37,5.91,229,169,14025.96,Enzyme,1TK9,1
1tlt_1,A,4,D2,P75931,2.7,319,Escherichia coli (strain K12),849,804,3.05,0.17,838,4.11,3.44,4.11,3.08,1.44,175826.08,6.63,536,389,30054.08,Enzyme,1TLT,1
1toh_1,A,4,D2,P04177,2.3,343,Rattus norvegicus (Rat),453,281,3.11,0.19,944,3.92,3.33,3.92,2.83,0.59,198108.42,5.55,616,428,37977.99,Enzyme,1TOH,1
1twi_3,C,4,D2,Q58497,2,434,Methanocaldococcus jannaschii (strain ATCC 43067 / DSM 2661 / JAL-1 / JCM 10045 / NBRC 100440) (Methanococcus jannaschii),1062,2090,3,0.14,1212,4.43,3.69,4.43,3.22,1.12,276660.02,7.05,830,432,37554.01,Enzyme,1TWI,3
1twj_1,A,4,D2,P12049,2.5,84,Bacillus subtilis (strain 168),812,849,0.84,0.16,197,3.78,3.24,3.78,2.89,0.68,48584.1,6.68,41,86,7533,Enzyme,1TWJ,1
1u0t_1,A,4,D2,P0A5S6,2.3,307,Mycobacterium tuberculosis,808,442,2.88,0.18,658,4.01,3.14,4.01,2.63,1.65,156155.1,6.66,450,324,27473.35,Other,1U0T,1
1u60_3,A,4,D2,P77454,1.61,310,Escherichia coli (strain K12),310,640,3.45,0.15,892,4.36,3.7,4.36,3.27,0.98,189656.25,5.95,655,352,27978.49,Enzyme,1U60,3
1uay_1,A,4,D2,Q7SIA1,1.4,242,Thermus thermophilus,822,24541,2.43,0.14,677,4.24,3.47,4.24,3.01,1.52,142100.34,5.36,346,232,19692.3,Enzyme,1UAY,1
1ub3_1,A,4,D2,Q7SIC8,1.4,220,Thermus thermophilus,932,1048,2.96,0.17,632,4.24,3.59,4.24,3.26,1.31,125149.19,4.32,371,268,21237.11,Other,1UB3,1
1udd_1,A,4,D2,O58873,2.15,226,Pyrococcus horikoshii (strain ATCC 700860 / DSM 12428 / JCM 9974 / NBRC 100139 / OT-3),827,765,2.76,0.19,738,4.25,3.86,4.25,3.63,1.17,134581.29,4.49,371,300,25936.47,Regulatory,1UDD,1
1udy_1,A,4,D2,P41367,2.4,396,Sus scrofa (Pig),912,7139,3.17,0.14,1118,4.38,3.82,4.38,3.46,0.67,233556.1,5.82,740,412,32847.84,Enzyme,1UDY,1
1ue1_1,A,4,D2,P0A610,2.5,164,Mycobacterium tuberculosis,441,1144,1.28,0.19,226,3.35,2.52,3.35,2.11,1.41,66971.44,5.19,86,140,12765.25,Other,1UE1,1
1uhv_1,A,4,D2,P36906,2.1,500,Thermoanaerobacterium saccharolyticum,538,421,3.1,0.14,1293,4.39,3.7,4.39,3.29,0.77,329063.12,9.67,1019,526,45016.21,Enzyme,1UHV,1
1uir_1,A,4,D2,P83816,2,314,Thermus thermophilus,545,743,3.22,0.16,868,4.2,3.51,4.20,3.07,0.84,193818.74,5.9,624,374,30971.52,Other,1UIR,1
1uj2_1,A,4,D2,Q9BZX2,1.8,252,Homo sapiens (Human),484,825,2.79,0.20,604,3.9,3.3,3.90,2.89,1.1,133845.42,5.65,374,326,26471.44,Enzyme,1UJ2,1
1ukw_2,A,4,D2,Q72JJ3,2.4,379,Thermus thermophilus (strain ATCC BAA-163 / DSM 7039 / HB27),920,8184,3.25,0.15,1138,4.38,3.72,4.38,3.28,0.96,225270.31,5.71,732,422,33610.62,Enzyme,1UKW,2
1ulq_2,E,4,D2,Q5SJM1,3,401,Thermus thermophilus (strain ATCC 27634 / DSM 579 / HB8),984,1519,3.7,0.15,1097,4.39,3.63,4.39,3.19,1.06,222336,6.52,823,366,33373.47,Enzyme,1ULQ,2
1uls_1,A,4,D2,Q5SK98,2.4,245,Thermus thermophilus (strain ATCC 27634 / DSM 579 / HB8),1007,33289,2.53,0.15,710,4.31,3.61,4.31,3.18,1.24,140440.6,4.99,356,244,21084.03,Enzyme,1ULS,1
1um0_1,A,4,D2,P56122,1.95,365,Helicobacter pylori (strain ATCC 700392 / 26695) (Campylobacter pylori),1001,458,2.07,0.15,915,4.41,3.64,4.41,3.19,1.11,218501.07,7.51,452,344,31751.84,Enzyme,1UM0,1
1up7_1,A,4,D2,Q9X108,2.4,417,Thermotoga maritima MSB8,1050,501,3.38,0.17,1193,4.31,3.73,4.31,3.29,1.07,259660.62,6.21,878,484,43973.99,Other,1UP7,1
1uqu_1,A,4,D2,P31677,2,482,Escherichia coli,551,1077,3.51,0.18,1204,4.25,3.63,4.25,3.19,0.76,271763.16,5.91,954,598,49550.44,Other,1UQU,1
1uwz_1,A,4,D2,P19079,1.99,136,Bacillus subtilis (strain 168),803,1726,2.26,0.15,350,4.02,3.32,4.02,2.9,1.75,75197.2,4.5,170,138,11439.16,Enzyme,1UWZ,1
1uxt_1,A,4,D2,O57693,2.2,501,Thermoproteus tenax,985,5710,3.66,0.14,1348,4.22,3.38,4.22,2.83,1.22,286637.73,7.29,1048,496,39651.26,Enzyme,1UXT,1
1uzn_1,A,4,D2,Q48930,1.91,247,Mycobacterium tuberculosis H37Rv,1031,30628,2.61,0.13,632,4.1,3.41,4.10,2.94,1.27,128949.13,5.53,336,224,17354.19,Other,1UZN,1
1v5e_1,A,4,D2,A9X9K8,1.4,590,Aerococcus viridans,1099,2647,3.48,0.14,1604,4.18,3.46,4.18,2.94,0.86,354322.62,6.91,1232,592,48517.37,Other,1V5E,1
1v6a_1,A,4,D2,Q9W7K5,2.3,332,Cyprinus carpio (Common carp),998,1087,2.74,0.13,908,4.14,3.43,4.14,3.05,1.57,194584.59,8.28,534,308,25761.72,Enzyme,1V6A,1
1v6t_1,A,4,D2,O58714,1.7,255,Pyrococcus horikoshii (strain ATCC 700860 / DSM 12428 / JCM 9974 / NBRC 100139 / OT-3),1104,729,3.35,0.18,748,4.1,3.47,4.10,3.06,1.57,147870.83,4.43,496,300,26401.25,Enzyme,1V6T,1
1v72_1,A,4,D2,Q59IT3,2.05,356,Pseudomonas putida (Arthrobacter siderocapsulatus),975,624,3.36,0.17,1008,4.06,3.4,4.06,3.01,1.15,195311.12,7.49,656,420,32887.05,Enzyme,1V72,1
1v8b_1,A,4,D2,P50250,2.4,479,Plasmodium falciparum (isolate 3D7),730,282,3.19,0.14,1354,4.27,3.54,4.27,3.08,0.96,289932.23,6.98,926,450,39747.92,Enzyme,1V8B,1
1v8f_2,A,4,D2,P83701,1.9,276,Thermus thermophilus,1070,1251,3.18,0.16,756,3.97,3.38,3.97,3.04,1.17,173824.01,6.28,552,336,27817.14,Other,1V8F,2
1v9s_1,A,4,D2,Q72J35,2.1,208,Thermus thermophilus (strain ATCC BAA-163 / DSM 7039 / HB27),635,867,2.17,0.13,500,4.29,3.57,4.29,3.13,1.97,123717.36,6.89,269,193,16454.97,Enzyme,1V9S,1
1vb5_2,A,4,D2,14590355,2.2,276,Pyrococcus horikoshii OT3,497,609,3.13,0.17,828,4.25,3.57,4.25,3.12,1.29,166689.6,4.94,522,306,28294.29,Other,1VB5,2
1vbo_1,A,4,D2,Q7M1T4,2.35,149,Artocarpus integer (Jack fruit) (Artocarpus integrifolia),183,781,2.76,0.19,345,3.78,2.74,3.78,2.25,0.79,91033.87,4.07,251,208,17375.83,Binding,1VBO,1
1vco_1,A,4,D2,Q5SIA8,2.15,550,Thermus thermophilus (strain ATCC 27634 / DSM 579 / HB8),1008,356,4.01,0.17,1467,4.03,3.34,4.03,2.86,0.66,305312.67,6.96,1224,620,51222.31,Enzyme,1VCO,1
1vdd_1,A,4,D2,Q9ZNA2,2.5,228,Deinococcus radiodurans (strain ATCC 13939 / DSM 20539 / JCM 16871 / CCUG 27074 / LMG 4051 / NBRC 15346 / NCIMB 9279 / VKM B-1422 / R1),1143,670,1.29,0.13,490,4.12,3.59,4.12,3.25,1.93,113700.34,7.46,147,177,15083.39,Regulatory,1VDD,1
1vdk_1,A,4,D2,P84127,1.8,466,Thermus thermophilus,971,556,2.79,0.13,1382,4.52,3.89,4.52,3.45,1.28,271566.29,9.4,758,426,34882.97,Enzyme,1VDK,1
1vim_1,A,4,D2,O28478,1.36,200,Archaeoglobus fulgidus (strain ATCC 49558 / DSM 4304 / JCM 9628 / NBRC 100126 / VC-16),544,762,1.87,0.13,574,4.25,3.63,4.25,3.36,1.78,118827.68,5.7,222,163,14960.19,Enzyme,1VIM,1
1vj0_1,A,4,D2,Q9WYR7,2,380,Thermotoga maritima (strain ATCC 43589 / DSM 3109 / JCM 10099 / NBRC 100826 / MSB8),1016,6242,3.13,0.15,1024,4.3,3.5,4.30,3.05,1.32,227373.37,5.78,711,405,33457.75,Enzyme,1VJ0,1
1vk8_1,A,4,D2,Q9WYV6,1.8,106,Thermotoga maritima (strain ATCC 43589 / DSM 3109 / JCM 10099 / NBRC 100826 / MSB8),618,81,1.24,0.11,233,4.03,3.37,4.03,2.86,2.02,62088.72,4.63,77,83,6910.58,Binding,1VK8,1
1vkn_1,A,4,D2,Q9X2A2,1.8,351,Thermotoga maritima (strain ATCC 43589 / DSM 3109 / JCM 10099 / NBRC 100826 / MSB8),1070,923,2.88,0.15,853,4.39,3.66,4.39,3.16,1.03,207561.58,5.69,597,385,31913.33,Enzyme,1VKN,1
1vko_1,A,4,D2,Q18664,2.3,537,Caenorhabditis elegans,944,83,2.78,0.12,1392,4.08,3.34,4.08,2.79,0.74,301867.88,7.51,840,452,36208.83,Other,1VKO,1
1vl2_1,A,4,D2,Q9X2A1,1.65,421,Thermotoga maritima (strain ATCC 43589 / DSM 3109 / JCM 10099 / NBRC 100826 / MSB8),1052,327,2.61,0.13,1143,4.29,3.62,4.29,3.18,1.05,247578.61,8.28,645,396,31364.16,Enzyme,1VL2,1
1vl8_2,A,4,D2,Q9WYS2,1.96,267,Thermotoga maritima (strain ATCC 43589 / DSM 3109 / JCM 10099 / NBRC 100826 / MSB8),956,33779,2.83,0.13,726,4.29,3.64,4.29,3.22,1.35,149733.48,4.8,424,238,19876.34,Enzyme,1VL8,2
1vm6_1,A,4,D2,Q9X1K8,2.27,228,Thermotoga maritima (strain ATCC 43589 / DSM 3109 / JCM 10099 / NBRC 100826 / MSB8),959,1149,2.68,0.19,602,4.14,3.52,4.14,3.13,1.28,138360.54,5.02,371,300,26241.67,Enzyme,1VM6,1
1vmg_2,A,4,D2,Q97U11,1.46,95,Saccharolobus solfataricus (strain ATCC 35092 / DSM 1617 / JCM 11322 / P2) (Sulfolobus solfataricus),45,107,0.79,0.07,260,3.93,3.53,3.93,3.33,-1.69,50636.39,4.11,40,48,3681.36,Enzyme,1VMG,2
1vr6_1,A,4,D2,Q9WYH8,1.92,350,Thermotoga maritima (strain ATCC 43589 / DSM 3109 / JCM 10099 / NBRC 100826 / MSB8),937,166,3.14,0.13,910,4.34,3.64,4.34,3.14,1.23,202378.03,8.04,636,336,26445.92,Enzyme,1VR6,1
1vrd_2,B,4,C4,Q9X168,2.18,494,Thermotoga maritima (strain ATCC 43589 / DSM 3109 / JCM 10099 / NBRC 100826 / MSB8),481,346,3.44,0.20,852,4.11,3.39,4.11,2.86,1.38,173185.86,6.53,596,420,35359.4,Enzyme,1VRD,2
1vs1_1,A,4,D2,Q9YEJ7,2.2,276,Aeropyrum pernix (strain ATCC 700893 / DSM 11879 / JCM 9820 / NBRC 100138 / K1),672,627,3.31,0.14,742,4.35,3.68,4.35,3.24,1.14,155883.85,5.98,516,266,21326.53,Enzyme,1VS1,1
1vyo_1,A,4,D2,P02701,1.48,128,Gallus gallus (Chicken),96,328,1.19,0.16,344,3.85,3.14,3.85,2.61,0.77,73641.33,5.37,88,148,11553.2,Binding,1VYO,1
1w0c_1,A,4,D2,Q01782,1.75,307,Leishmania major,993,13168,2.37,0.16,727,4.14,3.49,4.14,3.1,1.04,161756.4,5.65,383,311,25597.02,Other,1W0C,1
1w0m_1,A,4,D2,Q8NKN9,2.5,226,Thermoproteus tenax (strain ATCC 35583 / DSM 2078 / JCM 9277 / NBRC 100435 / Kra 1),659,323,3.18,0.15,657,4.18,3.62,4.18,3.23,1.92,128068.35,4.91,407,237,19522.9,Enzyme,1W0M,1
1w30_1,A,4,D2,P71807,1.86,201,Mycobacterium tuberculosis,1030,482,2.77,0.21,461,3.9,3.25,3.90,2.8,1.64,103183.74,4.43,286,254,21660.16,Other,1W30,1
1w4r_1,A,4,D2,P04183,1.83,195,Homo sapiens (Human),596,692,2.58,0.15,418,4.18,3.47,4.18,3.05,1.18,103870.2,5.53,268,181,15307.68,Enzyme,1W4R,1
1w6u_1,A,4,D2,Q16698,1.75,302,Homo sapiens,1054,23067,2.09,0.13,776,4.25,3.67,4.25,3.28,1.49,174937.84,6.73,365,265,23107.51,Other,1W6U,1
1w9y_1,A,4,D2,Q08506,2.12,319,Petunia hybrida (Petunia),597,2413,2.37,0.19,720,3.89,3.24,3.89,2.78,1.18,179212.93,7.19,424,396,34869.32,Enzyme,1W9Y,1
1wb7_1,A,4,D2,P80857,2.24,210,Saccharolobus solfataricus (strain ATCC 35092 / DSM 1617 / JCM 11322 / P2) (Sulfolobus solfataricus),721,1355,2.22,0.13,608,4.23,3.6,4.23,3.21,0.66,128104.82,6.64,284,204,16246.63,Enzyme,1WB7,1
1wbi_2,E,4,D2,Not Found,1.4,129,Gallus gallus,94,311,1.27,0.15,320,3.8,3.02,3.80,2.6,0.95,81148.49,4.67,103,143,12290.92,Other,1WBI,2
1wl4_1,A,4,D2,Q9BWD1,1.55,397,Homo sapiens (Human),950,1432,3.7,0.16,1120,4.2,3.38,4.20,2.89,1.31,223499.18,6.3,828,416,35116.03,Enzyme,1WL4,1
1wlu_1,A,4,D2,Q5SJP3,1.45,136,Thermus thermophilus (strain ATCC 27634 / DSM 579 / HB8),504,1017,1.88,0.14,344,3.9,3.03,3.90,2.47,2.19,68050.98,4.79,128,124,9693.88,Enzyme,1WLU,1
1wnd_1,A,4,D2,P77674,2,495,Escherichia coli (strain K12),981,6653,3.56,0.15,1253,4.31,3.58,4.31,3.11,0.95,270306.56,6.91,963,511,40361.75,Enzyme,1WND,1
1wpb_3,C,4,C4,Q1R9C1,2,172,Escherichia coli (strain UTI89 / UPEC),115,132,1.71,0.21,497,3.97,3.52,3.97,3.21,1.24,110763.97,4.89,189,252,22946.61,Other,1WPB,3
1wqa_5,A,4,D2,O58651,2,455,Pyrococcus horikoshii (strain ATCC 700860 / DSM 12428 / JCM 9974 / NBRC 100139 / OT-3),973,3528,3.75,0.18,1367,4.18,3.45,4.18,3.02,1.06,272221.15,7.05,1022,551,48352.1,Enzyme,1WQA,5
1wv2_2,A,4,D2,Q9I6B4,2.9,265,Pseudomonas aeruginosa (strain ATCC 15692 / DSM 22644 / CIP 104116 / JCM 14847 / LMG 12228 / 1C / PRS 101 / PAO1),399,108,3.12,0.17,582,3.93,3.26,3.93,2.83,1.45,126211.29,4.96,394,244,21967.88,Enzyme,1WV2,2
1wvi_1,A,4,D2,Q8DTD6,2.3,257,Streptococcus mutans serotype c (strain ATCC 700610 / UA159),1029,2178,3.17,0.18,718,4,3.29,4.00,2.79,1.11,146256.25,5.14,464,296,25954.01,Enzyme,1WVI,1
1x1t_1,A,4,D2,57506672,1.52,260,Pseudomonas fragi,950,32028,2.95,0.15,700,4.12,3.43,4.12,2.95,1.44,131667.29,4.85,388,252,20065.62,Other,1X1T,1
1x3e_1,A,4,D2,Q9AFI5,2.15,165,Mycolicibacterium smegmatis (strain ATCC 700084 / mc(2)155) (Mycobacterium smegmatis),372,793,1.27,0.22,238,3.41,2.71,3.41,2.16,1.35,66379.95,4.66,84,156,14472.14,Regulatory,1X3E,1
1x92_1,A,4,D2,Q9HVZ0,2.3,199,Pseudomonas aeruginosa (strain ATCC 15692 / DSM 22644 / CIP 104116 / JCM 14847 / LMG 12228 / 1C / PRS 101 / PAO1),1011,1033,2.18,0.12,614,4.46,3.76,4.46,3.41,1.78,113723.39,6.12,248,158,13156.16,Enzyme,1X92,1
1x94_2,A,4,D2,Q9KPY2,2.5,191,Vibrio cholerae serotype O1 (strain ATCC 39315 / El Tor Inaba N16961),948,1360,2.74,0.15,536,4.31,3.73,4.31,3.36,1.43,100561.89,6.79,276,188,14670.7,Enzyme,1X94,2
1x9g_1,A,4,C4,D0VWV0,2.4,200,Leishmania donovani,853,731,3.21,0.17,496,3.99,3.26,3.99,2.79,1.36,113398.82,5.61,364,196,19493.07,Other,1X9G,1
1xdp_2,A,4,D2,P0A7B1,2.5,687,Escherichia coli (strain K12),1119,698,3.5,0.18,1962,4.04,3.28,4.04,2.83,0.76,425910.31,8.4,1490,890,76096.82,Enzyme,1XDP,2
1xfb_3,I,4,D2,P09972,3,365,Homo sapiens (Human),831,325,3.64,0.17,979,4.1,3.45,4.10,3.13,0.88,195141.55,5.01,711,409,32302.48,Enzyme,1XFB,3
1xg4_1,A,4,D2,P77541,1.55,295,Escherichia coli (strain K12),1019,719,2.47,0.11,804,4.4,3.79,4.40,3.39,1.48,176757.88,6.44,437,235,19142.67,Enzyme,1XG4,1
1xg5_1,A,4,D2,Q6UWP2,1.53,279,Homo sapiens (Human),796,26395,2.69,0.15,793,4.27,3.7,4.27,3.36,1.3,156677.65,5.13,421,295,23526.91,Enzyme,1XG5,1
1xhl_1,A,4,D2,Q19774,2.4,297,Caenorhabditis elegans,728,27524,2.49,0.15,802,4.19,3.59,4.19,3.2,1.04,156766.33,6.42,390,314,23743.87,Enzyme,1XHL,1
1xkq_1,A,4,D2,Q9N5G4,2.1,280,Caenorhabditis elegans,834,29512,2.48,0.15,785,4.25,3.67,4.25,3.33,0.98,163914.45,5.51,407,297,24022.84,Enzyme,1XKQ,1
1xky_1,A,4,D2,Q81WN7,1.94,301,Bacillus anthracis,1149,3518,3.14,0.15,849,4.2,3.53,4.20,3.13,1.53,188792.95,5.66,592,324,27718.21,Other,1XKY,1
1xm3_1,A,4,D2,O31618,1.8,264,Bacillus subtilis (strain 168),513,106,2.71,0.15,616,4.19,3.54,4.19,3.1,1.53,146372.38,5.55,397,257,21537.08,Enzyme,1XM3,1
1xmz_1,A,4,D2,9937258,1.38,241,Anemonia sulcata,114,35,2.53,0.14,584,3.91,3.06,3.91,2.61,0.76,141578.74,5.67,358,256,20370.81,Other,1XMZ,1
1xo0_1,C,4,C4,P06956,2,324,Escherichia phage P1 (Bacteriophage P1),519,537,2,0.11,902,4.07,3.55,4.07,3.16,1.14,248561.01,9.42,498,324,26888.68,Enzyme,1XO0,1
1xpj_1,A,4,D2,Q9KVB4,2.15,126,Vibrio cholerae serotype O1 (strain ATCC 39315 / El Tor Inaba N16961),64,128,1.19,0.17,316,4.02,3.47,4.02,3.09,1.22,79803.73,4.79,95,148,13426.73,Other,1XPJ,1
1xq1_2,A,4,D2,Q9ASX2,2.1,266,Arabidopsis thaliana,593,29659,2.52,0.18,648,3.81,3.16,3.81,2.77,1.56,122463.78,5.79,308,288,22635.67,Other,1XQ1,2
1xtt_1,A,4,D2,Q980Q4,1.8,216,Saccharolobus solfataricus (strain ATCC 35092 / DSM 1617 / JCM 11322 / P2) (Sulfolobus solfataricus),476,766,2.5,0.13,568,4.41,3.79,4.41,3.32,1.73,136579.62,7.18,342,207,17908.29,Enzyme,1XTT,1
1xtz_1,A,4,D2,Q12189,2.1,264,Saccharomyces cerevisiae (strain ATCC 204508 / S288c) (Baker's yeast),823,797,3.2,0.18,664,4.09,3.39,4.09,2.83,1.11,145431.07,5.22,466,278,25846.66,Enzyme,1XTZ,1
1xx6_2,A,4,D2,Q97F65,2,191,Clostridium acetobutylicum (strain ATCC 824 / DSM 792 / JCM 1419 / IAM 19013 / LMG 5710 / NBRC 13948 / NRRL B-527 / VKM B-1787 / 2291 / W),701,866,2.42,0.18,420,3.83,3.15,3.83,2.75,0.8,106597.39,5.39,258,214,19327.84,Enzyme,1XX6,2
1xxq_1,A,4,D2,Q8LGR3,1.8,161,Morus nigra (Black mulberry),213,778,2.45,0.16,359,3.86,2.94,3.86,2.47,0.82,95558.09,4.78,234,185,14886.03,Binding,1XXQ,1
1xxx_1,A,4,D2,P63945,2.28,303,Mycobacterium tuberculosis,1148,2737,3.48,0.15,913,4.3,3.69,4.30,3.32,1.37,172843.9,5.8,602,328,25439.92,Other,1XXX,1
1xyg_1,A,4,D2,Q93Z70,2.19,359,Arabidopsis thaliana (Mouse-ear cress),1063,835,2.89,0.14,854,4.37,3.54,4.37,3.06,1.14,213793.7,5.85,618,366,29651.65,Enzyme,1XYG,1
1y50_2,A,4,D2,P42013,2,88,Geobacillus stearothermophilus (Bacillus stearothermophilus),37,1671,0.25,0.04,164,3.72,2.97,3.72,2.46,1.87,48524.82,6.39,12,20,1758.76,Enzyme,1Y50,2
1y55_1,X,4,D2,P56734,1,126,Gallus gallus (Chicken),98,335,1.36,0.15,328,3.83,3.15,3.83,2.68,0.93,74890.92,4.82,102,134,11402.26,Binding,1Y55,1
1y7b_1,A,4,D2,Q97DM1,1.6,542,Clostridium acetobutylicum (strain ATCC 824 / DSM 792 / JCM 1419 / IAM 19013 / LMG 5710 / NBRC 13948 / NRRL B-527 / VKM B-1787 / 2291 / W),992,633,3.24,0.14,1285,4.23,3.38,4.23,2.81,0.3,371289.85,6.21,1204,616,50288.2,Enzyme,1Y7B,1
1yb4_1,A,4,D2,Q8ZR83,2.38,295,Salmonella typhimurium (strain LT2 / SGSC1412 / ATCC 700720),1010,3659,2.61,0.18,866,4.36,3.69,4.36,3.33,1.26,164236.7,5.09,428,362,29649.32,Enzyme,1YB4,1
1yba_1,A,4,D2,P08328,2.24,410,Escherichia coli,964,282,2.63,0.19,1038,4.08,3.51,4.08,3.14,1.47,254607.05,12.34,669,564,47550.21,Other,1YBA,1
1ych_3,A,4,D2,Q9FDN7,2.8,398,Moorella thermoacetica (strain ATCC 39073 / JCM 9320),981,450,3.39,0.15,1098,4.28,3.53,4.28,3.15,1.24,239200.02,7.18,810,427,36257.62,Enzyme,1YCH,3
1ydg_1,A,4,D2,Q9RYU4,2,211,Deinococcus radiodurans (strain ATCC 13939 / DSM 20539 / JCM 16871 / CCUG 27074 / LMG 4051 / NBRC 15346 / NCIMB 9279 / VKM B-1422 / R1),767,274,2.56,0.17,558,4.19,3.61,4.19,3.21,1.21,123627.69,5.01,317,251,20890.63,Enzyme,1YDG,1
1yfm_1,A,4,D2,P08417,2.59,488,Saccharomyces cerevisiae (strain ATCC 204508 / S288c) (Baker's yeast),940,480,2.78,0.14,1264,4.19,3.47,4.19,2.94,1.09,255927.66,9.66,712,436,35894.87,Enzyme,1YFM,1
1ygy_1,A,4,C2,P0A544,2.3,529,Mycobacterium tuberculosis,982,447,3.2,0.19,1422,4.22,3.44,4.22,2.92,1.85,290049.16,7.7,928,712,54987.01,Other,1YGY,1
1yif_1,A,4,D2,P94489,1.8,533,Bacillus subtilis (strain 168),983,634,3.38,0.13,1201,4.16,3.26,4.16,2.66,0.39,363838.56,6.11,1229,589,48129.97,Enzyme,1YIF,1
1yis_1,A,4,D2,Q21774,2.4,478,Caenorhabditis elegans,1080,376,2.58,0.15,1264,4.33,3.7,4.33,3.35,1.46,250869.43,9.12,648,444,36630.31,Enzyme,1YIS,1
1ymg_1,A,4,C4,P06624,2.2,263,Bos taurus (Bovine),620,1846,2.71,0.14,748,4.26,3.65,4.26,3.12,0.69,135744.9,5.5,368,228,19270.07,Transport,1YMG,1
1yoe_4,A,4,D2,P41409,1.78,322,Escherichia coli (strain K12),1043,1957,3.62,0.17,816,4.03,3.3,4.03,2.82,1.27,174671.91,5.41,632,352,29081.2,Enzyme,1YOE,4
1you_3,A,4,D2,P45452,2.06,168,Homo sapiens (Human),27,2428,2.42,0.17,360,3.86,3.26,3.86,2.87,0.97,100117.32,5.59,242,208,17062.02,Enzyme,1YOU,3
1yp2_1,A,4,D2,P23509,2.1,451,Solanum tuberosum (Potato),926,1094,3.06,0.16,1128,4.24,3.58,4.24,3.16,1.4,268034.39,7.58,821,557,43827.3,Enzyme,1YP2,1
1ypf_1,A,4,C4,Q81JJ9,1.8,336,Bacillus anthracis,349,217,2.87,0.21,800,4.03,3.22,4.03,2.66,1.46,174015.05,6.28,500,432,36385.12,Enzyme,1YPF,1
1yqh_1,A,4,D2,Q81IG4,1.7,109,Bacillus cereus (strain ATCC 14579 / DSM 31 / CCUG 7414 / JCM 2152 / NBRC 15305 / NCIMB 9373 / NCTC 2599 / NRRL B-3711),692,155,1.35,0.15,302,3.9,3.25,3.90,2.89,2.27,63635.76,4.8,86,108,9659.66,Other,1YQH,1
1ys4_2,A,4,D2,Q57658,2.3,354,Methanocaldococcus jannaschii (strain ATCC 43067 / DSM 2661 / JAL-1 / JCM 10045 / NBRC 100440) (Methanococcus jannaschii),1063,529,3.17,0.17,828,4.3,3.59,4.30,3.04,1.12,211996.78,5.2,672,404,35961.74,Enzyme,1YS4,2
1yt5_3,A,4,D2,Q9X255,2.3,258,Thermotoga maritima (strain ATCC 43589 / DSM 3109 / JCM 10099 / NBRC 100826 / MSB8),1059,1887,2.81,0.18,639,4.33,3.51,4.33,3.05,1.28,155139.52,5.95,436,316,27343.03,Enzyme,1YT5,3
1yvw_1,A,4,D2,Q81G00,2.6,115,Bacillus cereus (strain ATCC 14579 / DSM 31 / CCUG 7414 / JCM 2152 / NBRC 15305 / NCIMB 9373 / NCTC 2599 / NRRL B-3711),267,111,0.96,0.15,292,3.97,3.61,3.97,3.35,-0.11,58344.49,4.32,56,92,8829.94,Enzyme,1YVW,1
1yw0_1,A,4,D2,Q8PDA8,2.7,276,Xanthomonas campestris pv. campestris (strain ATCC 33913 / DSM 3586 / NCPPB 528 / LMG 568 / P 25),304,364,1.98,0.14,716,4.25,3.74,4.25,3.47,0.87,154088.93,7.05,305,255,22031.03,Enzyme,1YW0,1
1yxb_2,E,4,D2,Q9EWK0,2.5,98,Streptomyces coelicolor (strain ATCC BAA-471 / A3(2) / M145),131,242,0.99,0.15,218,3.71,3.29,3.71,3,1.16,50569.24,4.02,50,81,7422.51,Enzyme,1YXB,2
1yzv_1,A,4,C4,Q4D3U8,2,204,Trypanosoma cruzi (strain CL Brener),779,729,3.11,0.15,572,4.19,3.47,4.19,3.01,1.47,114378.77,4.95,356,212,17313.48,Other,1YZV,1
1z0s_1,A,4,D2,O30297,1.7,278,Archaeoglobus fulgidus (strain ATCC 49558 / DSM 4304 / JCM 9628 / NBRC 100126 / VC-16),979,294,2.84,0.18,634,4.13,3.28,4.13,2.74,1.65,155512.22,5.02,442,302,27565.72,Enzyme,1Z0S,1
1z19_1,C,4,C2,P03700,2.8,283,Escherichia phage lambda (Bacteriophage lambda),304,608,2.13,0.11,746,3.96,3.32,3.96,2.94,1.22,209265.3,3.71,446,276,22459.04,Enzyme,1Z19,1
1z1b_1,C,4,C4,P03700,3.65,356,Escherichia phage lambda (Bacteriophage lambda),610,275,2.12,0.10,975,3.82,3.21,3.82,2.83,0.88,282119.15,3.75,598,350,29084.9,Enzyme,1Z1B,1
1z54_1,A,4,D2,Q5SJV0,2.1,132,Thermus thermophilus (strain ATCC 27634 / DSM 579 / HB8),928,1767,2.12,0.18,371,4.06,3.41,4.06,3.01,1.89,85501.27,4.55,181,171,15538,Enzyme,1Z54,1
1z69_1,A,4,D2,48840204,2.6,327,Methanosarcina barkeri,1126,1694,3.23,0.19,1002,4.16,3.55,4.16,3.09,1.42,188388.52,5.48,609,467,36211.59,Other,1Z69,1
1z7a_1,A,4,C4,9947474,1.7,308,Pseudomonas aeruginosa PAO1,794,475,2.37,0.13,740,4.31,3.68,4.31,3.25,0.63,200725.4,5.46,476,316,26320.77,Other,1Z7A,1
1z8x_1,A,4,D2,O73944,2,208,Pyrococcus furiosus (strain ATCC 43587 / DSM 3638 / JCM 8422 / Vc1),1002,1091,3.12,0.17,566,4.07,3.34,4.07,2.89,1.46,129011.64,4.38,403,258,21502.49,Enzyme,1Z8X,1
1z9f_2,A,4,D2,Q9WZ73,2.3,153,Thermotoga maritima (strain ATCC 43589 / DSM 3109 / JCM 10099 / NBRC 100826 / MSB8),11,1040,1.69,0.20,220,3.82,2.98,3.82,2.39,1.79,54380.92,4.59,92,108,10650.4,Regulatory,1Z9F,2
1zem_2,E,4,D2,Q8GR61,1.9,262,Gluconobacter oxydans (Gluconobacter suboxydans),1107,29611,2.79,0.14,798,4.34,3.75,4.34,3.43,1.19,159830.04,5.02,446,273,22195.27,Enzyme,1ZEM,2
1zgo_1,A,4,D2,Q9U6Y8,1.4,223,Discosoma sp. (Sea anemone),103,44,2.48,0.15,589,4.15,3.36,4.15,2.89,0.82,141771.62,5.01,351,264,21619.57,Other,1ZGO,1
1zk4_1,A,4,D2,Q84EX5,1,251,Levilactobacillus brevis (Lactobacillus brevis),945,33999,2.65,0.15,908,4.2,3.56,4.20,3.11,1.26,146164.54,5.17,388,268,21371.98,Enzyme,1ZK4,1
1zlp_1,A,4,D2,Q05957,2.7,318,Dianthus caryophyllus (Carnation) (Clove pink),899,710,2.78,0.12,864,4.22,3.61,4.22,3.22,1.06,162386.01,7.33,452,226,19056.46,Enzyme,1ZLP,1
1zod_2,A,4,D2,P16932,1.8,433,Burkholderia cepacia (Pseudomonas cepacia),1016,4207,3.06,0.11,1217,4.28,3.46,4.28,2.97,1.2,245588.4,7.19,752,340,27387.19,Enzyme,1ZOD,2
1zq7_1,A,4,D2,Q8PZK8,2.1,207,Methanosarcina mazei (strain ATCC BAA-159 / DSM 3647 / Goe1 / Go1 / JCM 11833 / OCM 88) (Methanosarcina frisia),606,1042,2.63,0.18,511,4.03,3.34,4.03,2.88,1.27,121696.72,5.93,320,262,21671.38,Other,1ZQ7,1
1zxx_1,A,4,D2,P80019,1.85,319,Lactobacillus delbrueckii subsp. bulgaricus,685,1041,3.18,0.16,908,4.23,3.45,4.23,3.02,1.66,181273.75,7.07,576,348,28797.43,Enzyme,1ZXX,1
2a3v_1,E,4,C2,9657688,2.8,320,Vibrio cholerae O1 biovar El Tor str. N16961,761,4118,2.07,0.12,842,4.16,3.59,4.16,3.17,1.06,244988.28,10.8,508,314,28549.4,Other,2A3V,1
2a46_1,A,4,D2,Q9U6Y6,1.65,238,Anemonia manjano (Sea anemone),105,33,2.84,0.16,592,3.88,3.01,3.88,2.54,0.74,128348.92,4.39,364,268,21054.92,Other,2A46,1
2a5h_1,A,4,D2,5410603,2.1,416,Clostridium subterminale,1034,227,2.43,0.14,992,4.21,3.5,4.21,3,1.09,255613.72,5.86,621,406,36344.26,Other,2A5H,1
2a5l_2,A,4,D2,15596146,1.7,200,Pseudomonas aeruginosa,526,488,2.59,0.15,478,4.03,3.5,4.03,3.03,1.12,102806.36,5.31,266,180,15356.07,Other,2A5L,2
2a7r_1,A,4,C4,Q9P2T1,3,366,Homo sapiens (Human),519,195,3.54,0.16,872,4.21,3.51,4.21,3.06,1.06,178419.95,6.03,631,378,28366.61,Enzyme,2A7R,1
2a7w_1,A,4,D2,Q7P0E6,2.8,116,Chromobacterium violaceum (strain ATCC 12472 / DSM 30191 / JCM 1249 / CCUG 213 / NBRC 12614 / NCIMB 9131 / NCTC 9757 / MK),271,270,1.01,0.14,303,3.86,3.42,3.86,3.21,0.81,55686.37,4.26,56,89,7813.49,Enzyme,2A7W,1
2aaf_1,A,4,D2,P13981,2.3,418,Pseudomonas aeruginosa (strain ATCC 15692 / DSM 22644 / CIP 104116 / JCM 14847 / LMG 12228 / 1C / PRS 101 / PAO1),979,218,3.4,0.16,1070,4.37,3.75,4.37,3.33,1.08,249114.24,5.87,847,473,40558.38,Enzyme,2AAF,1
2ae2_2,A,4,D2,P50163,1.9,260,Datura stramonium (Jimsonweed) (Common thornapple),965,32755,2.66,0.14,808,4.2,3.58,4.20,3.18,1.17,152822.07,4.99,406,269,21567.6,Enzyme,2AE2,2
2ag5_1,A,4,D2,Q9BUT1,1.84,246,Homo sapiens (Human),1055,31827,2.59,0.15,757,4.21,3.59,4.21,3.12,1.33,153420.35,4.96,398,278,22815.39,Enzyme,2AG5,1
2an1_3,A,4,D2,P65774,2,292,Salmonella typhimurium (strain LT2 / SGSC1412 / ATCC 700720),834,1515,2.94,0.18,677,4.26,3.52,4.26,3.1,1.24,167482.71,6.84,493,339,30735.44,Enzyme,2AN1,3
2ark_2,E,4,D2,O67866,2.4,188,Aquifex aeolicus (strain VF5),672,297,2.49,0.13,482,4.4,3.77,4.40,3.26,1.26,109076.02,4.76,272,172,14635.56,Enzyme,2ARK,2
2b25_3,A,4,D2,Q9BVS5,2.3,336,Homo sapiens (Human),494,101,2.85,0.19,580,3.78,3.15,3.78,2.69,1.04,142433.6,6.53,406,324,26761.72,Enzyme,2B25,3
2b34_2,E,4,C4,Q20062,2.14,199,Caenorhabditis elegans,939,984,2.86,0.15,485,4.21,3.65,4.21,3.3,1.58,114293.13,5.99,327,188,16857.67,Other,2B34,2
2b3z_1,A,4,D2,P17618,2.41,373,Bacillus subtilis (strain 168),1079,1770,3.02,0.20,902,4.16,3.55,4.16,3.22,1.13,208799.69,8.41,631,505,41256.81,Enzyme,2B3Z,1
2b4q_2,A,4,D2,Q9RPT1,2.3,276,Pseudomonas aeruginosa (strain ATCC 15692 / DSM 22644 / CIP 104116 / JCM 14847 / LMG 12228 / 1C / PRS 101 / PAO1),1003,29737,2.68,0.16,688,4.15,3.56,4.15,3.19,1.56,141006.82,5.55,378,280,22195.43,Enzyme,2B4Q,2
2b4r_1,O,4,D2,Q8T6B1,2.25,345,Plasmodium falciparum (malaria parasite P. falciparum),910,796,3.02,0.17,882,4.25,3.59,4.25,3.13,1.25,198453.14,6.47,600,373,33300.54,Enzyme,2B4R,1
2b6e_2,E,4,D2,P45083,1.9,146,Haemophilus influenzae (strain ATCC 51907 / DSM 11121 / KW20 / Rd),991,579,2.04,0.19,374,4.02,3.26,4.02,2.85,1.84,80859.85,4.75,165,177,15063.93,Enzyme,2B6E,2
2b82_1,A,4,D2,P32697,1.25,211,Escherichia coli,131,52,2.38,0.18,544,4,3.32,4.00,2.94,0.91,136733.17,6.27,326,268,24391.23,Other,2B82,1
2b8t_1,A,4,D2,Q9PPP5,2,223,Ureaplasma parvum serovar 3 (strain ATCC 700970),875,692,2.03,0.16,465,4.05,3.46,4.05,3.03,1.18,123868.92,7.34,252,225,20395.48,Enzyme,2B8T,1
2b9v_3,I,4,D2,Q8VRK8,2,652,Acetobacter pasteurianus (Acetobacter turbidans),995,1183,3.56,0.14,1504,4.21,3.41,4.21,2.93,0.49,372237.42,8.34,1327,677,51608.85,Enzyme,2B9V,3
2bd0_1,A,4,D2,Q8KES3,1.7,244,Chlorobaculum tepidum (strain ATCC 49652 / DSM 12025 / NBRC 103806 / TLS) (Chlorobium tepidum),1038,21449,2.73,0.15,690,4.33,3.63,4.33,3.18,1.21,147095.18,4.89,401,263,21691.33,Enzyme,2BD0,1
2bgk_1,A,4,D2,Q94KL8,1.6,278,Podophyllum peltatum (American mandrake),944,29562,2.59,0.14,698,4.29,3.66,4.29,3.25,1.33,150808.98,6.14,390,254,20520.34,Enzyme,2BGK,1
2bjf_1,A,4,D2,P54965,1.67,329,Clostridium perfringens (strain 13 / Type A),909,477,2.66,0.14,880,4.06,3.24,4.06,2.68,1.02,199941.89,7.23,532,316,28028.94,Enzyme,2BJF,1
2ble_1,A,4,C4,P36959,1.9,367,Homo sapiens,508,201,3.29,0.15,912,4.15,3.33,4.15,2.83,1.18,189620.9,6.54,624,360,29083.64,Other,2BLE,1
2bnm_1,A,4,D2,Q56185,1.7,198,Streptomyces wedmorensis,110,96,1.41,0.16,514,3.95,3.26,3.95,2.8,0.91,118809.46,7.25,168,238,19209.9,Enzyme,2BNM,1
2bs9_2,E,4,D2,Q9ZFM2,2.1,503,Geobacillus stearothermophilus (Bacillus stearothermophilus),557,407,3.22,0.14,1263,4.39,3.68,4.39,3.26,0.9,315764.32,9.81,1018,521,43340.41,Enzyme,2BS9,2
2bv4_1,A,4,D2,Q7NX84,1,113,Chromobacterium violaceum (strain ATCC 12472 / DSM 30191 / JCM 1249 / CCUG 213 / NBRC 12614 / NCIMB 9131 / NCTC 9757 / MK),25,48,2.27,0.14,456,3.92,3.04,3.92,2.45,1.38,67806.82,4.2,154,118,9722.58,Binding,2BV4,1
2bx2_1,L,4,D2,P21513,2.9,517,Escherichia coli,434,1916,2.76,0.20,1312,3.54,2.84,3.54,2.37,1.09,302818.84,10.82,836,732,59599.99,Other,2BX2,1
2c07_1,A,4,D2,Q8I2S7,1.5,285,Plasmodium falciparum 3D7,1117,29616,2.72,0.14,704,4.15,3.39,4.15,3.02,0.98,142585.92,5.57,388,228,19797.74,Other,2C07,1
2c12_2,E,4,D2,Q8X1D8,2.07,439,Fusarium oxysporum (Fusarium vascular wilt),880,1304,3.15,0.14,1181,4.32,3.66,4.32,3.22,1.01,255399.91,6.09,804,454,36592.15,Enzyme,2C12,2
2c1s_1,A,4,D2,Not Found,1.75,126,Gallus gallus,92,329,1.27,0.18,302,3.7,3,3.70,2.52,1.06,75561.39,5.26,96,146,13619.72,Other,2C1S,1
2c31_1,A,4,D2,P40149,1.73,568,Oxalobacter formigenes,1094,2708,3.36,0.13,1528,4.26,3.56,4.26,3.08,1.07,315759.05,7.41,1062,566,41933.38,Enzyme,2C31,1
2c45_2,E,4,C4,P9WIL3,2.99,139,Mycobacterium tuberculosis (strain ATCC 25618 / H37Rv),698,253,2.28,0.13,288,3.89,3.16,3.89,2.6,1.72,63938.52,5.52,146,102,8514.36,Enzyme,2C45,2
2c4n_1,A,4,D2,P15302,1.8,250,Escherichia coli K-12,891,2288,3.13,0.17,712,4.07,3.27,4.07,2.85,1.73,144580.46,5.19,452,316,24156.91,Other,2C4N,1
2c6q_2,E,4,C4,Not Found,1.7,351,Homo sapiens,559,201,3.08,0.16,932,4.31,3.63,4.31,3.19,1.2,208956.64,6.64,643,401,32822.97,Other,2C6Q,2
2c7b_1,A,4,D2,Q5G935,2.3,311,uncultured archaeon,839,3833,3.59,0.18,808,4.13,3.46,4.13,3.05,0.99,168646.73,5.08,606,366,29523.41,Other,2C7B,1
2c9i_2,A,4,D2,Q9GPI6,1.85,226,Anemonia sulcata (Mediterranean snakelocks sea anemone),115,42,2.41,0.15,593,3.94,3.15,3.94,2.72,1.17,144662.16,5.76,348,259,22007.08,Other,2C9I,2
2c9j_2,A,4,D2,Q5ZQQ5,1.35,223,Cerianthus membranaceus (Colored tube anemone),104,39,2.27,0.14,564,4.31,3.49,4.31,3.02,0.91,141514.07,4.91,321,242,19339.21,Other,2C9J,2
2cb1_1,A,4,D2,Q76K51,2,412,Thermus thermophilus HB8,828,2026,3.26,0.14,1116,4.26,3.48,4.26,2.98,1.22,230556.48,7.18,752,388,31858.27,Other,2CB1,1
2cfa_1,A,4,D2,O41156,2.3,217,Paramecium bursaria Chlorella virus 1 (PBCV-1),241,311,1.79,0.17,499,4.04,3.51,4.04,3.11,1.4,113050.12,7.72,202,204,19329.16,Enzyme,2CFA,1
2cfa_1,A,4,D2,O41156,2.3,217,Paramecium bursaria Chlorella virus 1 (PBCV-1),241,311,1.79,0.17,499,4.04,3.51,4.04,3.11,1.4,113050.12,7.72,202,204,19329.16,Enzyme,2CFA,1
2cfc_1,A,4,D2,Q56840,1.8,250,Xanthobacter versatilis,1036,32583,2.6,0.14,774,4.28,3.67,4.28,3.3,1.49,153723.77,4.83,399,267,21389.05,Other,2CFC,1
2chh_1,A,4,D2,Q8XUA5,1,114,Ralstonia nicotianae (strain ATCC BAA-1114 / GMI1000) (Ralstonia solanacearum),26,46,2.31,0.15,428,3.81,2.83,3.81,2.23,1.16,64188.38,4.12,148,120,9562.36,Binding,2CHH,1
2cmh_1,B,4,D2,O25503,2.3,262,Helicobacter pylori (strain ATCC 700392 / 26695) (Campylobacter pylori),568,220,2.78,0.19,692,4.11,3.42,4.11,2.96,1.22,165279.75,5.61,460,356,31324.61,Enzyme,2CMH,1
2ctz_2,A,4,D2,Q93I77,2.6,421,Thermus thermophilus,822,1991,3.21,0.12,1172,4.3,3.56,4.30,3.08,0.97,246277.55,6.98,790,374,29792.38,Other,2CTZ,2
2cvo_1,A,4,D2,Q6AV34,2.2,366,Oryza sativa subsp. japonica (Rice),1066,811,2.92,0.15,874,4.28,3.59,4.28,3.1,1.15,211976.92,5.8,618,383,31401.9,Enzyme,2CVO,1
2cvz_1,A,4,D2,Q5SLQ6,1.8,289,Thermus thermophilus (strain ATCC 27634 / DSM 579 / HB8),1032,3140,2.68,0.16,876,4.4,3.74,4.40,3.34,1.33,179417.19,5.18,480,336,29254.1,Enzyme,2CVZ,1
2cye_3,A,4,D2,Q5SH84,1.9,133,Thermus thermophilus (strain ATCC 27634 / DSM 579 / HB8),690,2529,1.98,0.17,324,4.25,3.37,4.25,2.93,1.68,85195.37,4.28,169,164,14856.19,Enzyme,2CYE,3
2d1y_1,A,4,D2,Q5SLC4,1.65,256,Thermus thermophilus (strain ATCC 27634 / DSM 579 / HB8),1009,34125,2.5,0.15,770,4.23,3.58,4.23,3.19,1.52,148920.42,4.96,373,254,21894.69,Enzyme,2D1Y,1
2d29_1,A,4,D2,Q5SGZ2,1.65,387,Thermus thermophilus (strain ATCC 27634 / DSM 579 / HB8),917,8043,3.29,0.14,1146,4.25,3.58,4.25,3.19,0.98,232409.43,6.06,764,410,33375.52,Enzyme,2D29,1
2d30_1,A,4,D2,Q81LT6,2.4,141,Bacillus anthracis,697,1542,2.56,0.18,344,3.94,3.19,3.94,2.73,1.34,71991.1,4.39,184,136,12791.52,Other,2D30,1
2d40_1,A,4,D2,Q8X655,2.4,354,Escherichia coli O157:H7,538,232,2.72,0.15,606,4.29,3.44,4.29,2.96,0.49,176416.12,5.86,480,335,27288.4,Enzyme,2D40,1
2d4a_1,B,4,D2,Q9YEA1,2.87,308,Aeropyrum pernix (strain ATCC 700893 / DSM 11879 / JCM 9820 / NBRC 100138 / K1),897,1034,2.96,0.16,866,4.4,3.79,4.40,3.44,1.51,172791.19,6.14,512,347,28053.1,Enzyme,2D4A,1
2d4e_1,A,4,D2,55980928,2.1,515,Thermus thermophilus HB8,1005,6304,3.19,0.13,1462,4.46,3.78,4.46,3.32,0.97,325603.59,9.65,1039,519,43351.44,Other,2D4E,1
2d7e_4,C,4,D2,P17888,2.5,105,Escherichia coli (strain K12),43,2064,0.58,0.15,172,3.7,2.89,3.70,2.36,0.67,62131.4,5.66,36,110,9186.61,Enzyme,2D7E,4
2d8a_1,A,4,D2,O58389,2.05,348,Pyrococcus horikoshii (strain ATCC 700860 / DSM 12428 / JCM 9974 / NBRC 100139 / OT-3),1016,9572,3.08,0.19,848,3.98,3.18,3.98,2.7,1.16,194694.19,5.84,600,468,37269.54,Enzyme,2D8A,1
2dfa_1,A,4,D2,Q53WG6,1.9,250,Thermus thermophilus (strain ATCC 27634 / DSM 579 / HB8),1119,730,3.44,0.19,724,4.08,3.35,4.08,2.9,1.32,140850.31,4.25,484,308,26469.7,Enzyme,2DFA,1
2dph_1,A,4,D2,Q52078,2.27,398,Pseudomonas putida (Arthrobacter siderocapsulatus),1074,821,3.42,0.15,1000,4.3,3.53,4.30,3.09,0.97,229513.33,6.04,786,418,34551,Enzyme,2DPH,1
2dq4_1,A,4,D2,Q5SKS4,2.5,343,Thermus thermophilus (strain ATCC 27634 / DSM 579 / HB8),1175,7683,3.47,0.17,986,4.15,3.46,4.15,2.96,1.3,194769.49,5.31,676,416,32357.36,Enzyme,2DQ4,1
2drh_1,A,4,D2,O57784,2.1,361,Pyrococcus horikoshii (strain ATCC 700860 / DSM 12428 / JCM 9974 / NBRC 100139 / OT-3),1019,239,3.32,0.11,969,4.54,3.73,4.54,3.21,1.04,210554.92,6.63,700,267,24131.01,Other,2DRH,1
2dtx_1,A,4,D2,Q9HK51,1.6,264,Thermoplasma acidophilum (strain ATCC 25905 / DSM 1728 / JCM 9062 / NBRC 15155 / AMRC-C165),1080,29774,2.4,0.14,774,4.24,3.61,4.24,3.17,1.33,151559.54,5.91,364,240,20785.62,Enzyme,2DTX,1
2dvl_2,A,4,D2,Q5SH14,2.42,372,Thermus thermophilus (strain ATCC 27634 / DSM 579 / HB8),903,8359,3.36,0.16,1150,4.39,3.7,4.39,3.27,1.09,219923.05,6.19,740,404,36055.71,Enzyme,2DVL,2
2dvt_1,A,4,D2,Q60GU1,1.7,327,Rhizobium sp. (strain MTP-10005),997,1675,2.86,0.12,922,4.31,3.61,4.31,3.23,0.71,212508.61,6.38,607,317,26411.73,Enzyme,2DVT,1
2e3d_1,A,4,D2,P0AEP3,1.9,302,Escherichia coli (strain K12),1079,1953,2.68,0.18,734,4.2,3.59,4.20,3.22,1.51,172690.61,5.59,462,372,30596.51,Enzyme,2E3D,1
2e6c_1,A,4,D2,Q53W92,2.05,244,Thermus thermophilus (strain ATCC 27634 / DSM 579 / HB8),1020,1332,2.59,0.12,564,4.09,3.51,4.09,3.07,1.16,143227.71,7.07,371,208,17130.63,Enzyme,2E6C,1
2e9f_1,A,4,D2,Q5SLL0,2.8,462,Thermus thermophilus (strain ATCC 27634 / DSM 579 / HB8),1064,997,2.55,0.12,1433,4.71,4.13,4.71,3.81,1.37,264214.52,10.05,674,411,32247.64,Enzyme,2E9F,1
2eba_2,F,4,D2,Q5SK63,2.2,385,Thermus thermophilus (strain ATCC 27634 / DSM 579 / HB8),934,4981,3.28,0.12,1151,4.47,3.79,4.47,3.39,0.94,231187.16,5.84,759,351,28024.79,Enzyme,2EBA,2
2ebj_1,A,4,D2,Q5SJW4,1.9,192,Thermus thermophilus (strain ATCC 27634 / DSM 579 / HB8),906,1004,3.26,0.18,484,4.07,3.36,4.07,2.91,1.35,113973.11,4.6,372,246,20556.46,Other,2EBJ,1
2eer_1,A,4,D2,Q96XE0,2.1,347,Sulfurisphaera tokodaii (strain DSM 16993 / JCM 10545 / NBRC 100140 / 7) (Sulfolobus tokodaii),1085,11541,3.25,0.15,998,4.29,3.5,4.29,3.02,1.13,205088.5,5.7,666,376,30515.48,Enzyme,2EER,1
2egk_3,A,4,C2,Q8R4T5,2.85,101,Rattus norvegicus (Rat),10,1073,1.63,0.17,184,4.32,3.58,4.32,3.2,1.58,50870.9,3.21,83,109,8679.33,Signalling,2EGK,3
2egr_1,A,4,D2,O67466,1.8,128,Aquifex aeolicus (strain VF5),891,2600,1.95,0.19,350,3.93,3.17,3.93,2.79,1.83,81926.18,4.38,160,168,15172.4,Enzyme,2EGR,1
2ehd_2,A,4,D2,Q5SK86,2.2,234,Thermus thermophilus (strain ATCC 27634 / DSM 579 / HB8),549,24006,3.02,0.15,600,4.28,3.62,4.28,3.15,1.23,116589.22,4.91,352,210,17902.2,Enzyme,2EHD,2
2ehh_1,A,4,D2,O67216,1.9,294,Aquifex aeolicus (strain VF5),1165,3222,3.3,0.17,861,4.29,3.63,4.29,3.22,1.52,176952.06,5.05,584,345,29406.35,Enzyme,2EHH,1
2ehj_1,A,4,D2,P0A8F0,2.8,208,Escherichia coli (strain K12),515,678,2.64,0.15,538,4.21,3.54,4.21,3.15,1.56,120735.16,6.77,319,216,18119.18,Enzyme,2EHJ,1
2eig_1,A,4,D2,P19664,2,234,Lotus tetragonolobus,140,1152,2.8,0.15,544,4.32,3.49,4.32,3.03,0.55,144091.99,4.65,403,280,21729.29,Other,2EIG,1
2eih_1,A,4,D2,Q5SL27,2.2,343,Thermus thermophilus (strain ATCC 27634 / DSM 579 / HB8),1093,15718,3.39,0.16,910,4.28,3.47,4.28,2.95,1.53,194960.81,6.39,660,402,31597.83,Enzyme,2EIH,1
2eo5_1,A,4,D2,Q974B8,1.9,419,Sulfurisphaera tokodaii str. 7,1015,4676,3.07,0.12,1124,4.2,3.37,4.20,2.88,1.18,246467.47,6.6,756,348,29923.62,Other,2EO5,1
2ep5_1,A,4,D2,Q971Y6,2.4,350,Sulfurisphaera tokodaii (strain DSM 16993 / JCM 10545 / NBRC 100140 / 7) (Sulfolobus tokodaii),1067,686,3.47,0.18,905,4.33,3.51,4.33,3.03,1.08,211716.49,5.79,734,425,37291.31,Enzyme,2EP5,1
2ep7_2,A,4,D2,O67161,2.3,342,Aquifex aeolicus (strain VF5),916,806,3.06,0.16,932,4.16,3.44,4.16,2.94,1.16,201221.67,6.41,616,384,32482.85,Enzyme,2EP7,2
2epi_1,A,4,D2,Q58452,1.7,100,Methanocaldococcus jannaschii (strain ATCC 43067 / DSM 2661 / JAL-1 / JCM 10045 / NBRC 100440) (Methanococcus jannaschii),590,374,1.42,0.11,263,4.08,3.45,4.08,3.01,1.37,62820.02,5.39,89,66,6957.09,Binding,2EPI,1
2esn_1,A,4,C2,9946339,2.1,310,Pseudomonas aeruginosa,152,2947,2.25,0.18,762,4.19,3.51,4.19,3.14,1.31,185441.6,10.04,417,372,32454.42,Other,2ESN,1
2ew8_1,A,4,D2,56476740,2.1,249,Aromatoleum aromaticum EbN1,973,32482,2.62,0.13,647,4.38,3.59,4.38,3.25,0.87,137577.97,5.28,361,218,18198.77,Other,2EW8,1
2ewm_1,A,4,D2,56476740,2.4,249,Azoarcus,1013,32482,2.79,0.15,672,4.29,3.5,4.29,3.08,0.92,139122.17,5.07,388,244,20270.98,Other,2EWM,1
2ewo_3,E,4,D2,Q8DW17,2.8,377,Streptococcus mutans serotype c (strain ATCC 700610 / UA159),1063,773,3.61,0.17,756,4.16,3.45,4.16,3.09,0.56,217536.22,5.08,786,437,36314.69,Enzyme,2EWO,3
2exh_1,A,4,D2,Q68HB3,1.88,535,Geobacillus stearothermophilus,995,627,3.42,0.14,1232,4.32,3.56,4.32,3.03,0.38,354624.14,6.99,1212,596,48361.12,Other,2EXH,1
2f2b_1,A,4,C4,Q9C4Z5,1.68,246,Methanothermobacter marburgensis (strain ATCC BAA-927 / DSM 2133 / JCM 14651 / NBRC 100331 / OCM 82 / Marburg) (Methanobacterium thermoautotrophicum),551,2870,2.98,0.12,784,4.33,3.75,4.33,3.28,0.9,135784.62,6.08,404,204,16888.76,Transport,2F2B,1
2f8a_1,A,4,D2,P07203,1.5,208,Homo sapiens (Human),464,1204,2.8,0.17,462,3.99,3.25,3.99,2.77,1.11,112919.38,4.87,316,256,19322.58,Enzyme,2F8A,1
2fa8_1,A,4,D2,17934144,1.9,105,Agrobacterium fabrum str. C58,300,284,1.87,0.21,234,3.82,3.33,3.82,3.02,1.35,52813.68,3.06,99,123,11161.88,Other,2FA8,1
2fel_2,E,4,D2,Q2HNZ1,2.2,359,Agrobacterium tumefaciens,335,586,2.78,0.14,1006,4.51,3.99,4.51,3.67,1.35,195859.87,7.26,545,329,27290.82,Enzyme,2FEL,2
2fjk_1,A,4,D2,Q703I2,2.2,305,Thermus caldophilus,1061,915,3.17,0.17,816,4.5,3.85,4.50,3.44,1.16,172898.18,6.91,548,347,29809.94,Enzyme,2FJK,1
2fk5_3,B,4,C4,Q5SHB9,1.9,200,Thermus thermophilus (strain ATCC 27634 / DSM 579 / HB8),717,1141,3.01,0.18,556,4.06,3.36,4.06,2.88,1.25,113072.43,4.96,340,216,19815.84,Binding,2FK5,3
2fmd_1,A,4,D2,P42088,1.9,240,Leucomphalos mildbraedii (Bowringia mildbraedii),142,1233,3.15,0.17,536,3.76,2.88,3.76,2.37,1.02,130888.15,4.19,412,308,22198.28,Binding,2FMD,1
2fr5_1,A,4,D2,P56389,1.48,146,Mus musculus (Mouse),855,1401,1.95,0.14,365,4.26,3.58,4.26,3.24,0.96,86653.4,4.64,169,127,12201.51,Enzyme,2FR5,1
2fs2_1,A,4,D2,P76084,2,151,Escherichia coli (strain K12),729,397,2.17,0.22,396,4.09,3.3,4.09,2.88,1.27,76360.92,5.07,166,198,16724.13,Enzyme,2FS2,1
2ftw_1,A,4,D2,Q86LT2,2,521,Dictyostelium discoideum,941,1812,3.77,0.14,1356,4.25,3.45,4.25,2.94,0.88,282966.64,8,1068,500,39889.88,Other,2FTW,1
2fty_1,A,4,D2,Q9P903,2.4,559,Lachancea kluyveri (strain ATCC 58438 / CBS 3082 / BCRC 21498 / NBRC 1685 / JCM 7257 / NCYC 543 / NRRL Y-12651) (Yeast) (Saccharomyces kluyveri),859,1961,3.7,0.15,1377,4.34,3.65,4.34,3.13,0.62,319248.29,7.43,1182,599,48387.59,Enzyme,2FTY,1
2fuj_1,A,4,D2,Q8PBH4,1.7,137,Xanthomonas campestris pv. campestris (strain ATCC 33913 / DSM 3586 / NCPPB 528 / LMG 568 / P 25),443,2708,1.66,0.23,280,3.34,2.62,3.34,2.15,1.77,72222.49,4.19,120,180,16557.45,Enzyme,2FUJ,1
2fwm_1,X,4,D2,P15047,2,250,Escherichia coli (strain K12),838,28202,3.1,0.15,588,3.93,3.23,3.93,2.87,1.1,116206.71,4.73,360,204,17810.6,Enzyme,2FWM,1
2fzv_1,A,4,D2,30042143,1.7,279,Shigella flexneri 2a str. 2457T,962,10,2.46,0.15,683,4.24,3.62,4.24,3.28,0.67,156329.62,6.54,384,255,23083.51,Other,2FZV,1
2g17_1,A,4,D2,Q8ZKL8,2.3,337,Salmonella typhimurium (strain LT2 / SGSC1412 / ATCC 700720),1078,801,3.44,0.17,889,4.11,3.32,4.11,2.81,1.16,196346.8,6.17,676,396,33122.39,Enzyme,2G17,1
2g2n_1,A,4,D2,P76341,1.65,114,Escherichia coli (strain K12),390,829,1.85,0.20,259,3.94,3.07,3.94,2.59,1.6,71526.84,3.84,132,155,14382.71,Enzyme,2G2N,1
2g4o_3,A,4,D2,P95313,2,337,Mycobacterium tuberculosis,847,1048,3.23,0.18,910,4.25,3.66,4.25,3.28,1.21,193101.43,6.38,623,454,34679.39,Other,2G4O,3
2g6y_1,A,4,D2,33243028,1.6,217,Pontellina plumata,98,18,2.78,0.15,597,3.99,3.24,3.99,2.77,0.72,140040.68,4.65,389,251,20499.93,Other,2G6Y,1
2g82_2,A,4,D2,P00361,1.65,331,Thermus aquaticus,915,800,2.95,0.14,963,4.19,3.51,4.19,3.05,1.15,197129.28,6.38,581,355,27965.34,Enzyme,2G82,2
2geb_1,A,4,D2,20517402,1.7,185,Caldanaerobacter subterraneus subsp. tengcongensis,1086,1524,2.42,0.17,504,3.9,3.11,3.90,2.67,1.91,110772.14,6.08,268,228,19208.38,Other,2GEB,1
2gf2_3,A,4,D2,P31937,2.38,296,Homo sapiens (Human),984,3412,3.01,0.18,854,4.25,3.71,4.25,3.32,1.07,162224.11,5.5,489,353,29345.79,Enzyme,2GF2,3
2gf6_2,C,4,D2,Q97WD2,1.91,135,Saccharolobus solfataricus (strain ATCC 35092 / DSM 1617 / JCM 11322 / P2) (Sulfolobus solfataricus),787,744,1.79,0.19,332,3.78,2.98,3.78,2.55,1.32,79187.26,4.35,142,172,15261.77,Enzyme,2GF6,2
2gh7_1,A,4,D2,P22629,0.85,127,Streptomyces avidinii,35,191,1.44,0.15,322,3.69,3.01,3.69,2.47,0.31,72190.43,5.31,104,136,10790.04,Binding,2GH7,1
2gki_3,A,4,C2,8777863,2.88,291,Mus musculus,436,770,2.26,0.22,572,3.99,3.17,3.99,2.7,1.14,138220.04,8.25,312,380,30172.95,Other,2GKI,3
2glt_1,A,4,D2,P04425,0.29,316,Escherichia coli (strain K12),897,325,3.05,0.17,812,3.95,3.13,3.95,2.66,1.34,178164.53,7.08,544,388,30993.46,Enzyme,2GLT,1
2gm8_1,A,4,D2,Q8ZZM9,2.5,221,Pyrobaculum aerophilum (strain ATCC 51768 / DSM 7523 / JCM 9630 / CIP 104966 / NBRC 100827 / IM2),878,782,3.29,0.17,765,4.41,3.93,4.41,3.63,0.96,131351.58,4.56,432,266,22029.58,Other,2GM8,1
2goy_1,A,4,D2,O05927,2.7,275,Pseudomonas aeruginosa (strain ATCC 15692 / DSM 22644 / CIP 104116 / JCM 14847 / LMG 12228 / 1C / PRS 101 / PAO1),707,495,2.68,0.19,614,3.98,3.5,3.98,3.09,1.01,136702.61,5.34,366,311,26162.67,Enzyme,2GOY,1
2gpz_1,A,4,D2,66947663,2.497,111,Salmonella enterica subsp. enterica serovar Dublin,388,836,2.17,0.19,248,3.66,2.86,3.66,2.48,1.32,65314.74,4.12,142,140,12189.13,Other,2GPZ,1
2gq1_1,A,4,D2,P0A993,1.45,332,Escherichia coli (strain K12),793,568,3.14,0.16,832,4.13,3.36,4.13,2.85,0.89,187485.74,7.44,588,356,30347.34,Enzyme,2GQ1,1
2gvn_1,A,4,D2,47089406,1.9,327,Pectobacterium atrosepticum,1079,996,2.81,0.13,820,4.28,3.6,4.28,3.21,1.5,197676.24,6.4,556,316,25699.13,Other,2GVN,1
2gw3_1,A,4,D2,23503508,1.4,225,Trachyphyllia geoffroyi,110,36,2.77,0.17,580,3.95,3.13,3.95,2.68,0.94,137869.47,4.64,382,268,22875.15,Other,2GW3,1
2h0e_1,A,4,D2,O32142,2.2,121,Bacillus subtilis (strain 168),347,776,1.76,0.20,240,3.6,2.78,3.60,2.3,1.22,65817.46,4.07,116,148,12861.5,Enzyme,2H0E,1
2h6e_1,A,4,D2,Q97YM2,1.8,344,Saccharolobus solfataricus (strain ATCC 35092 / DSM 1617 / JCM 11322 / P2) (Sulfolobus solfataricus),998,7795,3.25,0.16,878,4.13,3.28,4.13,2.75,1.24,183132.98,5.71,596,368,29018.73,Enzyme,2H6E,1
2h6r_2,E,4,D2,Q58923,2.3,219,Methanocaldococcus jannaschii (strain ATCC 43067 / DSM 2661 / JAL-1 / JCM 10045 / NBRC 100440) (Methanococcus jannaschii),424,480,2.74,0.19,442,4.05,3.4,4.05,2.99,2.19,114226.69,4.5,313,255,21697.67,Enzyme,2H6R,2
2he3_1,A,4,D2,P18283,2.1,208,Homo sapiens (Human),814,1174,2.97,0.19,460,3.96,3.24,3.96,2.83,1.02,114331.48,5.09,340,232,21296.42,Enzyme,2HE3,1
2hek_1,A,4,D2,O67745,1.997,371,Aquifex aeolicus (strain VF5),524,332,3,0.18,1029,4.27,3.59,4.27,3.17,1.22,239650.43,6.07,718,488,41958.29,Binding,2HEK,1
2hf0_1,A,4,D2,Q9KK62,2.25,316,Bifidobacterium longum,811,411,2.89,0.16,770,4.13,3.41,4.13,2.96,0.52,187079.22,6.14,540,351,29204.91,Enzyme,2HF0,1
2hjp_1,A,4,D2,Q84G06,1.82,290,Variovorax sp. (strain Pal2),981,697,2.66,0.14,824,4.03,3.46,4.03,3.01,1.29,163996.93,7.94,436,252,22622.5,Enzyme,2HJP,1
2hjr_8,A,4,D2,Q5CYZ3,2.2,328,Cryptosporidium parvum (strain Iowa II),886,1158,2.99,0.14,923,4.33,3.75,4.33,3.41,1.52,184799.93,6.14,553,319,26058.7,Enzyme,2HJR,8
2hk0_1,A,4,D2,Q8U6Q7,2,309,Agrobacterium tumefaciens,1151,280,2.94,0.18,793,4.18,3.66,4.18,3.27,1.22,177255.85,4.7,522,402,31393.51,Other,2HK0,1
2hq1_1,A,4,D2,Q4CFD1,1.9,247,Acetivibrio thermocellus,992,39570,2.99,0.21,656,3.86,3.28,3.86,2.82,1.27,115107.47,4.74,344,320,23684.42,Other,2HQ1,1
2hvb_1,A,4,D2,O58810,2.5,124,Pyrococcus horikoshii (strain ATCC 700860 / DSM 12428 / JCM 9974 / NBRC 100139 / OT-3),62,218,1.47,0.13,227,4.1,3.29,4.10,2.83,0.74,72884.52,4.74,107,111,9427.48,Enzyme,2HVB,1
2hx1_1,A,4,D2,48856913,2.1,284,Cytophaga hutchinsonii,769,1984,2.68,0.17,724,4.16,3.5,4.16,3.07,1.44,180746.8,5.49,485,368,31284.54,Other,2HX1,1
2hx5_1,A,4,D2,Q7V4A7,1.5,152,Prochlorococcus marinus (strain MIT 9313),1030,314,1.88,0.18,404,3.8,2.99,3.80,2.56,1.49,89518.32,5.05,168,188,15921.42,Enzyme,2HX5,1
2i2w_3,A,4,D2,P63224,1.95,212,Escherichia coli (strain K12),924,588,2.39,0.13,562,4.39,3.79,4.39,3.43,1.42,113880.77,6.43,272,187,15235.87,Enzyme,2I2W,3
2i3y_1,A,4,D2,O75715,2,215,Homo sapiens (Human),828,626,3.04,0.21,480,3.73,3.06,3.73,2.6,0.81,111930.45,4.74,340,280,23856.8,Enzyme,2I3Y,1
2ia2_3,A,4,C2,Q2F1F8,2.1,265,Rhodococcus jostii RHA1,438,7154,2.36,0.19,676,4.23,3.59,4.23,3.23,1.45,146979.79,8.92,347,350,28238.13,Other,2IA2,3
2ib5_2,A,4,D2,A0AQQ7,1.8,233,Epiactis japonica (Sea anemone) (Cnidopus japonicus),119,32,2.33,0.12,545,4.09,3.29,4.09,2.78,0.76,145794.33,5.49,339,230,18146.25,Other,2IB5,2
2iby_1,A,4,D2,P24752,1.85,395,Homo sapiens (Human),761,1447,3.35,0.16,1070,4.36,3.66,4.36,3.22,1.05,235702,7.54,790,421,37036.93,Enzyme,2IBY,1
2icr_1,A,4,D2,Q8T4U4,1.51,237,Zoanthus sp. SAL-2001,113,39,2.74,0.17,638,4,3.2,4.00,2.76,0.89,138566.97,5.2,380,300,24090.02,Other,2ICR,1
2ie2_1,A,4,D2,Q5TLG6,1.7,222,Echinophyllia sp. SC22,106,49,2.86,0.17,572,4.08,3.21,4.08,2.77,0.9,130960.61,4.01,374,270,21962.16,Binding,2IE2,1
2igb_1,A,4,D2,P41007,1.68,179,Bacillus caldolyticus,1012,572,2.65,0.18,470,3.96,3.13,3.96,2.75,1.58,105602.16,5.11,280,228,19274.66,Enzyme,2IGB,1
2iht_1,A,4,D2,Q9LCV9,2,573,Streptomyces clavuligerus,1138,3168,3.28,0.12,1431,4.31,3.66,4.31,3.18,1.16,342853.48,6.72,1126,523,41223.53,Enzyme,2IHT,1
2imp_1,A,4,D2,P25553,2.1,479,Escherichia coli (strain K12),985,6840,3.47,0.15,1292,4.2,3.46,4.20,2.98,0.92,276988.96,6.66,960,540,42280.69,Enzyme,2IMP,1
2iop_3,A,4,D2,P0A6Z3,3.55,624,Escherichia coli (strain K12),379,740,3.02,0.18,1591,3.84,3.06,3.84,2.59,0.84,360481.03,15.96,1089,773,66686.64,Binding,2IOP,3
2irp_4,B,4,C4,O67788,2.3,208,Aquifex aeolicus (strain VF5),635,1965,2.86,0.19,564,3.9,3.15,3.90,2.74,1.23,124585.42,4.58,356,268,23960.16,Enzyme,2IRP,4
2isa_1,A,4,D2,Q3LSM1,1.96,483,Aliivibrio salmonicida (strain LFI1238) (Vibrio salmonicida (strain LFI1238)),895,333,2.3,0.10,1189,4.31,3.62,4.31,3.14,0.2,326441.34,9.38,750,397,31358.1,Enzyme,2ISA,1
2iuf_1,A,4,D2,D9N167,1.71,688,Penicillium janthinellum,993,65,2.81,0.09,1730,4.25,3.49,4.25,2.97,0.64,421790.03,10.58,1186,502,39456.49,Other,2IUF,1
2ix5_1,A,4,D2,Q96329,2.7,436,Arabidopsis thaliana (Mouse-ear cress),950,2542,2.9,0.11,1169,4.56,3.95,4.56,3.55,1.14,246156.34,7.29,715,362,26782.47,Enzyme,2IX5,1
2iz6_1,A,4,D2,Q8RV61,1.6,176,Chlamydomonas reinhardtii (Chlamydomonas smithii),612,130,2.94,0.16,436,3.95,3.31,3.95,2.89,1.41,85688.66,4.79,252,180,14045.86,Other,2IZ6,1
2j2m_1,A,4,D2,A2A136,2.4,491,Exiguobacterium oxidotolerans,871,369,2.38,0.11,1172,4.32,3.6,4.32,3.19,0.55,300918.92,9.27,716,381,32112.98,Other,2J2M,1
2j6l_2,E,4,D2,Not Found,1.3,500,Homo sapiens,994,5850,3.26,0.13,1441,4.38,3.71,4.38,3.22,1.06,322773.03,6.55,1051,516,40853.32,Other,2J6L,2
2j87_1,A,4,D2,O57203,3.1,177,Vaccinia virus (strain Ankara) (VACV),327,746,2.58,0.17,370,3.96,3.18,3.96,2.77,1.3,99331,5.33,256,194,16947.35,Enzyme,2J87,1
2j91_1,A,4,D2,P30566,1.8,503,Homo sapiens,1127,424,2.39,0.13,1398,4.46,3.95,4.46,3.61,1.41,296870.94,9.37,709,442,37503.39,Other,2J91,1
2j9r_1,A,4,D2,Q81JX0,2.7,214,Bacillus anthracis str. Sterne,732,738,2.15,0.17,420,3.87,3.04,3.87,2.5,1.51,103996.83,8.05,224,204,17325.86,Other,2J9R,1
2ja1_1,A,4,D2,Q0H0H6,2.8,197,Bacillus cereus,841,840,2.49,0.17,472,3.68,2.95,3.68,2.47,1.09,112639.72,5.94,280,236,19191.9,Other,2JA1,1
2jah_1,A,4,D2,Q9LCV7,1.8,247,Streptomyces clavuligerus,902,24886,2.76,0.15,681,4.21,3.66,4.21,3.24,1.53,146859.51,5.44,406,257,21424.12,Enzyme,2JAH,1
2jbh_1,A,4,D2,Q9NRG1,1.7,225,Homo sapiens (Human),988,479,2.34,0.17,571,4.04,3.35,4.04,2.88,1.88,132390.55,4.93,310,246,22565.22,Enzyme,2JBH,1
2jbr_1,A,4,D2,Q6Q272,2.3,422,Acinetobacter baumannii,1129,1337,3.15,0.14,1057,4.23,3.6,4.23,3.15,0.78,238155.49,5.99,750,399,34465.24,Enzyme,2JBR,1
2jeo_1,A,4,D2,Q9HA47,2.5,245,Homo sapiens,463,942,2.8,0.21,556,3.79,3.13,3.79,2.75,1.08,128539.58,6.07,360,320,27436.97,Other,2JEO,1
2jer_1,A,4,D2,Q837U5,1.65,389,Enterococcus faecalis (strain ATCC 700802 / V583),1069,758,3.67,0.14,933,4.19,3.55,4.19,3.05,0.6,233824.55,4.82,859,399,33366.1,Enzyme,2JER,1
2jg7_2,E,4,D2,Q4KTQ7,2.8,510,Acanthopagrus schlegelii (Black porgy),993,5628,3.44,0.13,1452,4.25,3.56,4.25,3.08,0.97,292639.39,9.61,1007,505,39365.1,Enzyme,2JG7,2
2jif_1,A,4,D2,P45954,2,404,Homo sapiens,919,6953,2.97,0.15,1149,4.4,3.81,4.40,3.42,1.07,238052.84,5.97,707,450,35362.61,Other,2JIF,1
2ldx_1,A,4,D2,P00342,2.96,331,Mus musculus (Mouse),978,1041,2.79,0.14,764,3.79,3.02,3.79,2.61,1.5,188076.34,8.48,524,312,25593.28,Enzyme,2LDX,1
2mas_1,A,4,D2,Q27546,2.3,314,Crithidia fasciculata,1054,2095,3.82,0.17,866,4.08,3.23,4.08,2.72,1.5,181635.57,5.3,693,363,30473.69,Enzyme,2MAS,1
2nli_2,A,4,C4,Q44467,1.59,368,Aerococcus viridans (strain ATCC 11563 / DSM 20340 / CCUG 4311 / JCM 20461 / NBRC 12219 / NCTC 8251 / M1),963,1737,3.36,0.15,976,4.16,3.41,4.16,2.95,1.04,207062.54,6.3,696,376,31665.84,Enzyme,2NLI,2
2nm0_1,A,4,D2,Q9S274,1.99,253,Streptomyces coelicolor (strain ATCC BAA-471 / A3(2) / M145),888,32186,2.85,0.18,614,4.05,3.42,4.05,3.06,1.5,125785.45,4.66,358,264,23045.17,Enzyme,2NM0,1
2nox_4,M,4,D2,Q1LK00,2.21,281,Cupriavidus metallidurans (strain ATCC 43123 / DSM 2839 / NBRC 102507 / CH34) (Ralstonia metallidurans),387,381,2.18,0.11,796,4.28,3.89,4.28,3.59,1.01,167143.88,6.51,364,228,19042.27,Enzyme,2NOX,4
2nuj_1,A,4,D2,Q28QX3,1.9,163,Jannaschia,975,181,2.4,0.19,420,3.96,3.15,3.96,2.65,1.23,96833.83,4.28,232,236,18422.64,Other,2NUJ,1
2nuw_1,A,4,D2,Q4JC35,1.8,288,Sulfolobus acidocaldarius (strain ATCC 33909 / DSM 639 / JCM 8929 / NBRC 15157 / NCIMB 11770),1081,2434,3.09,0.15,854,4.25,3.63,4.25,3.19,1.38,177723.73,5.36,550,318,27164.16,Enzyme,2NUW,1
2nw8_1,A,4,D2,Q8PDA8,1.6,306,Xanthomonas campestris pv. campestris (strain ATCC 33913 / DSM 3586 / NCPPB 528 / LMG 568 / P 25),433,302,2.02,0.12,817,4.27,3.75,4.27,3.4,0.75,177413.64,6.85,358,264,21997,Enzyme,2NW8,1
2nwq_1,A,4,D2,Q9HUQ6,2.3,272,Pseudomonas aeruginosa (strain ATCC 15692 / DSM 22644 / CIP 104116 / JCM 14847 / LMG 12228 / 1C / PRS 101 / PAO1),843,15787,2.32,0.13,585,4.38,3.73,4.38,3.29,1.2,135623.29,5.45,314,221,17103.43,Enzyme,2NWQ,1
2nwr_1,A,4,D2,O66496,1.5,267,Aquifex aeolicus (strain VF5),675,625,3.02,0.14,702,4.16,3.52,4.16,3.09,1.3,157964.93,5.62,477,242,21579.91,Enzyme,2NWR,1
2nyf_1,A,4,D2,B2J528,2.5,567,Nostoc punctiforme PCC 73102,907,528,3.26,0.13,1612,4.41,3.68,4.41,3.16,1.15,292958.74,9.07,956,480,38858.16,Other,2NYF,1
2nyn_1,A,4,D2,Q3M5Z3,1.9,565,Trichormus variabilis (strain ATCC 29413 / PCC 7937) (Anabaena variabilis),937,553,3.14,0.13,1563,4.48,3.83,4.48,3.41,1.07,300546.37,9.25,943,459,38609.56,Enzyme,2NYN,1
2nz2_1,A,4,D2,P00966,2.4,413,Homo sapiens (Human),1049,321,2.85,0.14,1092,4.22,3.47,4.22,2.94,0.9,241541.61,7.64,688,400,33491.83,Enzyme,2NZ2,1
2o0y_3,A,4,C2,Q0S167,2,260,Rhodococcus jostii (strain RHA1),729,5542,2.41,0.19,644,4.25,3.61,4.25,3.19,1.38,143888.42,6.41,347,337,27580.57,Regulatory,2O0Y,3
2o11_2,A,4,D2,P63611,1.65,407,Mycobacterium tuberculosis H37Rv,1075,447,2.22,0.13,1048,4.06,3.27,4.06,2.72,1.37,215816.69,7.12,480,356,27966.73,Other,2O11,2
2o1q_1,A,4,D2,Not Found,1.5,145,Methylibium petroleiphilum PM1,374,33,1.76,0.14,350,3.87,3.01,3.87,2.53,0.97,85221.74,4.96,150,152,11518.09,Other,2O1Q,1
2o23_1,A,4,D2,Q6IBS9,1.2,265,Homo sapiens,844,22893,2.53,0.15,720,4.11,3.45,4.11,2.99,1.58,144005.18,5.42,364,264,21514.32,Other,2O23,1
2o2p_1,A,4,D2,Q5HZB2,1.7,517,Rattus norvegicus,990,6198,3.34,0.13,1408,4.43,3.71,4.43,3.23,1.02,314439.36,6.52,1049,518,40739.03,Other,2O2P,1
2o5u_2,C,4,D2,Q9HU04,1.9,148,Pseudomonas aeruginosa (strain ATCC 15692 / DSM 22644 / CIP 104116 / JCM 14847 / LMG 12228 / 1C / PRS 101 / PAO1),959,1721,2.31,0.17,364,3.86,3.26,3.86,2.7,1.41,83198.26,4.38,192,180,14545.16,Enzyme,2O5U,2
2o6y_2,E,4,D2,Q3IWB0,1.5,521,Cereibacter sphaeroides (strain ATCC 17023 / DSM 158 / JCM 6121 / CCUG 31486 / LMG 2827 / NBRC 12203 / NCIMB 8253 / ATH 2.4.1.) (Rhodobacter sphaeroides),969,791,2.75,0.11,1491,4.39,3.7,4.39,3.26,1.31,312896,11.07,859,444,35166.69,Enzyme,2O6Y,2
2o9g_1,A,4,C4,P60844,1.8,234,Escherichia coli (strain K12),586,2593,2.9,0.11,740,4.4,3.87,4.40,3.42,0.55,129458.1,6.04,376,196,14317.08,Transport,2O9G,1
2oaf_1,A,4,D2,Q28UM1,2,151,Jannaschia sp. CCS1,1094,226,2.54,0.16,371,3.96,3.22,3.96,2.75,1.09,89777.83,4.89,228,164,14181.82,Other,2OAF,1
2oas_2,A,4,D2,Q8EG98,2.4,436,Shewanella oneidensis (strain ATCC 700550 / JCM 31522 / CIP 106686 / LMG 19005 / NCIMB 14063 / MR-1),1039,592,3.56,0.16,1094,4,3.25,4.00,2.74,1.29,242650.22,8.32,864,504,39533.25,Enzyme,2OAS,2
2obk_2,E,4,D2,Q4KGC5,2.7,103,Pseudomonas fluorescens (strain ATCC BAA-477 / NRRL B-23932 / Pf-5),191,288,1.86,0.19,209,4.05,3.38,4.05,3.13,1.55,50095.17,3.53,93,116,9656.84,Other,2OBK,2
2obv_2,A,4,D2,Q00266,2.05,384,Homo sapiens (Human),1002,357,3.27,0.14,1028,4.18,3.38,4.18,2.91,0.69,226621.7,6.84,740,376,32636.61,Enzyme,2OBV,2
2ocd_1,A,4,D2,Q9KQK3,2.45,337,Vibrio cholerae serotype O1 (strain ATCC 39315 / El Tor Inaba N16961),555,1337,2.68,0.17,713,4.22,3.55,4.22,3.14,1.11,196585.82,8.07,527,408,33716.55,Enzyme,2OCD,1
2ogr_1,A,4,D2,Q9U6Y4,1.8,229,Zoanthus sp. (Green polyp),108,44,2.61,0.17,607,4.04,3.26,4.04,2.89,0.91,141887.55,5.57,371,292,24214.75,Other,2OGR,1
2ohh_3,A,4,D2,Q50497,1.7,404,Methanothermobacter marburgensis (strain ATCC BAA-927 / DSM 2133 / JCM 14651 / NBRC 100331 / OCM 82 / Marburg) (Methanobacterium thermoautotrophicum),865,417,3.31,0.13,1213,4.5,3.86,4.50,3.5,1.05,251978.26,7.74,833,396,33580.46,Enzyme,2OHH,3
2oiw_1,A,4,D2,Q5KYT1,2,136,Geobacillus stearothermophilus,1022,1484,1.91,0.18,354,4.07,3.37,4.07,2.9,0.97,87855.76,3.96,168,173,15535.69,Other,2OIW,1
2ojk_1,A,4,D2,Q9U6Y5,2.2,229,Zoanthus sp. (Green polyp),110,46,2.8,0.18,644,3.87,3.02,3.87,2.58,1.01,135931.78,5.39,380,296,24228.32,Other,2OJK,1
2ojl_1,A,4,D2,Q7WAF1,2.1,108,Bordetella parapertussis (strain 12822 / ATCC BAA-587 / NCTC 13253),166,245,1.5,0.18,212,3.76,3.18,3.76,2.71,2.03,48057.67,3.16,72,106,8793.55,Other,2OJL,1
2oka_1,A,4,D2,Q9HYQ7,2.5,104,Pseudomonas aeruginosa (strain ATCC 15692 / DSM 22644 / CIP 104116 / JCM 14847 / LMG 12228 / 1C / PRS 101 / PAO1),259,282,1.83,0.19,226,3.64,2.98,3.64,2.63,1.62,50956.66,3.03,93,111,9855.17,Other,2OKA,1
2opi_2,A,4,C4,Q9RQ12,2.5,212,Bacteroides thetaiotaomicron,766,936,2.9,0.18,532,4.19,3.55,4.19,3.11,1.42,119387.89,5.23,346,258,21614.11,Enzyme,2OPI,2
2oqc_1,A,4,D2,Q2HPP6,2.497,327,Bacillus subtilis,880,515,2.81,0.15,798,4.13,3.32,4.13,2.8,0.84,195552.38,6.29,550,334,28964.09,Other,2OQC,1
2or0_3,A,4,D2,Q0S6I7,2.1,414,Rhodococcus jostii (strain RHA1),1142,1272,3.29,0.16,1078,4.22,3.67,4.22,3.22,0.75,233812.59,6.37,770,458,38207.95,Enzyme,2OR0,3
2orv_1,A,4,D2,P04183,2.08,234,Homo sapiens (Human),410,70,2.68,0.15,404,4.05,3.36,4.05,2.96,1.29,96325.37,5.7,258,180,14925.93,Enzyme,2ORV,1
2orw_1,A,4,D2,Q9WYN2,1.5,184,Thermotoga maritima (strain ATCC 43589 / DSM 3109 / JCM 10099 / NBRC 100826 / MSB8),575,840,2.71,0.19,474,3.92,3.31,3.92,2.93,1.27,107862.27,5.88,292,226,20614.42,Enzyme,2ORW,1
2oui_1,A,4,D2,P35630,1.77,360,Entamoeba histolytica (strain ATCC 30459 / HM-1:IMSS / ABRM),1104,3379,3.12,0.14,977,4.41,3.65,4.41,3.15,1.23,219894.29,5.91,686,360,30757.31,Enzyme,2OUI,1
2ozp_2,A,4,D2,Q5SH26,2.01,345,Thermus thermophilus (strain ATCC 27634 / DSM 579 / HB8),804,796,3.02,0.15,844,4.16,3.3,4.16,2.76,1.32,204244.21,5.61,616,352,30095.26,Enzyme,2OZP,2
2p0g_1,A,4,D2,Q9KTC1,2.3,105,Vibrio cholerae serotype O1 (strain ATCC 39315 / El Tor Inaba N16961),188,265,1.89,0.16,207,3.86,3.25,3.86,2.86,1.16,51387.05,3.74,97,99,8138.15,Other,2P0G,1
2p4m_1,A,4,D2,P83690,1.8,219,Montipora efflorescens (Pore coral),107,46,2.57,0.17,567,3.94,3.24,3.94,2.74,0.85,139431.65,4.85,358,292,23326.44,Transport,2P4M,1
2pah_1,A,4,D2,P00439,3.1,335,Homo sapiens (Human),451,288,3.1,0.20,830,3.98,3.36,3.98,2.89,0.8,198679.88,5.63,616,444,38956.29,Enzyme,2PAH,1
2pan_2,C,4,D2,P0AEP7,2.7,616,Escherichia coli (strain K12),1106,2259,3.4,0.13,1297,4.32,3.63,4.32,3.14,0.88,347744.12,7.4,1182,545,44419.98,Enzyme,2PAN,2
2pby_1,A,4,D2,Q5KY26,2.07,308,Geobacillus kaustophilus (strain HTA426),255,632,3.66,0.19,845,4.6,3.95,4.60,3.48,1.47,171535.16,4.99,628,373,32380.69,Enzyme,2PBY,1
2pcq_1,A,4,D2,Q5SKB1,2.1,283,Thermus thermophilus (strain ATCC 27634 / DSM 579 / HB8),1101,3106,2.98,0.16,816,4.21,3.47,4.21,3.02,1.44,170496.92,5.56,508,312,26663.72,Other,2PCQ,1
2pd4_1,A,4,D2,O24990,2.3,275,Helicobacter pylori (strain ATCC 700392 / 26695) (Campylobacter pylori),985,5807,2.48,0.13,779,4.16,3.5,4.16,3.09,1.57,164232.32,6.01,408,260,21409.25,Enzyme,2PD4,1
2pd6_1,A,4,D2,Q92506,2,264,Homo sapiens (Human),921,31333,2.96,0.15,715,4.24,3.52,4.24,3.11,1.29,128905.39,5.09,381,251,19351.31,Enzyme,2PD6,1
2pfm_1,A,4,D2,Q81ZH6,2,444,Bacillus anthracis,1117,735,2.31,0.12,1332,4.51,3.86,4.51,3.48,1.41,268724.96,10.68,620,394,32326.9,Other,2PFM,1
2pg0_1,A,4,D2,Q5L0D5,1.8,385,Geobacillus kaustophilus (strain HTA426),902,6971,3.06,0.16,1170,4.31,3.66,4.31,3.22,0.86,235430.79,6.07,720,440,37069.94,Enzyme,2PG0,1
2pgi_2,A,4,D2,P13376,2.3,445,Geobacillus stearothermophilus (Bacillus stearothermophilus),896,1175,2.75,0.11,1312,4.17,3.48,4.17,3.01,0.78,264710.1,7.47,728,376,29385.8,Enzyme,2PGI,2
2pgn_1,A,4,D2,P0CH62,1.1,589,Azoarcus sp.,1060,2146,3.23,0.10,1596,4.24,3.55,4.24,3.04,0.87,355058.55,7.98,1146,464,37155.08,Other,2PGN,1
2ph3_1,A,4,D2,Q5SL78,1.91,245,Thermus thermophilus (strain ATCC 27634 / DSM 579 / HB8),1072,39408,2.77,0.17,690,4.31,3.67,4.31,3.2,1.34,137348.13,4.98,380,264,23014.86,Enzyme,2PH3,1
2pim_2,A,4,D2,Q46RV7,2.2,141,Cupriavidus pinatubonensis (strain JMP 134 / LMG 1197) (Cupriavidus necator (strain JMP 134)),897,584,2.23,0.21,348,3.82,2.86,3.82,2.48,1.54,71900.79,4.53,160,188,15249.81,Enzyme,2PIM,2
2pnf_1,A,4,D2,O67610,1.8,248,Aquifex aeolicus (strain VF5),1031,42138,2.72,0.16,738,4.25,3.56,4.25,3.1,1.11,146424.57,5.27,398,258,23505.3,Enzyme,2PNF,1
2pqq_1,A,4,D2,Q9XA42,2,149,Streptomyces coelicolor (strain ATCC BAA-471 / A3(2) / M145),229,9068,1.77,0.19,378,4.21,3.54,4.21,3.16,1.31,84970.2,6.04,150,204,16497.62,Regulatory,2PQQ,1
2ptg_2,A,4,D2,Q0VIP6,2.6,319,Eimeria tenella (Coccidian parasite),653,374,2.73,0.19,608,3.98,3.29,3.98,2.9,1.48,124463.62,5.08,340,284,23127.6,Enzyme,2PTG,2
2ptm_1,A,4,C4,O76977,1.93,198,Strongylocentrotus purpuratus (Purple sea urchin),72,3456,2.06,0.18,572,3.86,3.24,3.86,2.83,1.67,118712.07,5.27,244,256,20981.76,Transport,2PTM,1
2ptr_1,A,4,D2,P0AB89,1.85,462,Escherichia coli (strain K12),1009,318,2.25,0.11,1372,4.47,3.84,4.47,3.45,1.47,277828.58,10.22,626,392,31820.3,Enzyme,2PTR,1
2pur_1,A,4,D2,P0A6L2,1.7,292,Escherichia coli (strain K12),1149,3007,3.38,0.17,828,4.18,3.56,4.18,3.15,1.5,172064.04,5.58,582,368,28853.92,Enzyme,2PUR,1
2pwy_1,A,4,D2,Q8GBB2,1.7,258,Thermus thermophilus (strain ATCC BAA-163 / DSM 7039 / HB27),419,602,2.73,0.17,620,4.2,3.48,4.20,3.02,0.99,150131.62,6.6,410,286,25376.11,Enzyme,2PWY,1
2py6_1,A,4,D2,Q1GXX6,2.15,409,Methylobacillus flagellatus (strain ATCC 51484 / DSM 6875 / VKM B-1610 / KT),590,151,3.12,0.17,1000,3.97,3.34,3.97,2.88,0.97,226572.82,7.04,708,508,39622.8,Enzyme,2PY6,1
2pzh_1,A,4,D2,P94842,1.7,135,Helicobacter pylori (strain ATCC 700392 / 26695) (Campylobacter pylori),840,592,1.93,0.17,353,4.08,3.32,4.08,2.93,1.57,87136.5,5.1,168,163,14623.93,Enzyme,2PZH,1
2q14_1,A,4,D2,Q8A013,2.2,410,Bacteroides thetaiotaomicron (strain ATCC 29148 / DSM 2079 / JCM 5827 / CCUG 10774 / NCTC 10582 / VPI-5482 / E50),911,215,2.87,0.15,1119,4.43,3.84,4.43,3.39,1.33,255433.8,6.5,732,489,38742.25,Enzyme,2Q14,1
2q28_1,A,4,D2,P0AFI0,1.74,564,Escherichia coli (strain K12),1090,2906,3.28,0.13,1552,4.25,3.56,4.25,3.13,1.1,324662.29,7.07,1064,552,43088.29,Enzyme,2Q28,1
2q2q_2,E,4,D2,Q9AE70,2.02,255,Pseudomonas putida (Arthrobacter siderocapsulatus),1058,29727,3.07,0.15,672,4.29,3.68,4.29,3.18,1.23,136312.86,4.89,418,262,21116.35,Enzyme,2Q2Q,2
2q2v_1,A,4,D2,Q9AE70,1.9,255,Pseudomonas putida (Arthrobacter siderocapsulatus),1131,29727,2.98,0.16,742,4.29,3.7,4.29,3.27,1.36,143835.68,5,428,290,22317.57,Enzyme,2Q2V,1
2q62_2,E,4,D2,Q92R45,1.8,247,Rhizobium meliloti (strain 1021) (Ensifer meliloti) (Sinorhizobium meliloti),886,52,2.01,0.11,578,4.17,3.63,4.17,3.25,0.77,142041.71,6.49,285,193,15853.49,Enzyme,2Q62,2
2q73_1,A,4,D2,Q2F9Z1,1.798,100,Vibrio sp. DAT722,43,89,0.84,0.17,274,4.03,3.69,4.03,3.45,-0.9,53518.52,4.48,45,87,9075.09,Enzyme,2Q73,1
2q9u_1,A,4,D2,Q86QZ1,1.9,414,Giardia intestinalis (Giardia lamblia),933,376,3.32,0.12,1134,4.28,3.61,4.28,3.22,1.02,253157.69,8.21,840,402,31330.42,Enzyme,2Q9U,1
2qap_1,A,4,D2,Q9U5N6,1.59,391,Leishmania mexicana,885,291,3.09,0.14,1002,4.31,3.68,4.31,3.22,0.67,237035.84,6.85,733,395,32472.58,Enzyme,2QAP,1
2qcv_1,A,4,D2,Q9KAG8,1.9,332,Halalkalibacterium halodurans (strain ATCC BAA-125 / DSM 18197 / FERM 7344 / JCM 9153 / C-125) (Bacillus halodurans),1066,5156,3.34,0.20,948,4.01,3.33,4.01,2.9,1.1,190551.95,5.29,636,452,37367.81,Enzyme,2QCV,1
2qcx_1,A,4,D2,P25052,2.2,263,Bacillus subtilis (strain 168),872,424,2.7,0.18,728,4.27,3.86,4.27,3.63,0.72,140541.89,4.98,380,280,24784.62,Enzyme,2QCX,1
2qf7_1,A,4,C2,Q2K340,2,1165,Rhizobium etli (strain ATCC 51251 / DSM 11541 / JCM 21823 / NBRC 15573 / CFN 42),622,72,3.78,0.17,2854,4.12,3.42,4.12,2.97,0.83,608771.51,12.2,2300,1430,104466.3,Enzyme,2QF7,1
2qga_1,B,4,D2,Q8WSJ9,2.01,465,Plasmodium vivax (malaria parasite P. vivax),951,309,2.26,0.12,1382,4.37,3.79,4.37,3.44,1.64,285658.34,10.93,646,396,35100.1,Enzyme,2QGA,1
2qks_1,A,4,C4,P63250,2.2,321,Mus musculus (Mouse),354,835,1.92,0.14,756,3.75,3.08,3.75,2.56,0.97,179321.68,10.68,344,308,25113.37,Transport,2QKS,1
2qmx_2,A,4,D2,Q8KBW6,2.3,283,Chlorobaculum tepidum (strain ATCC 49652 / DSM 12025 / NBRC 103806 / TLS) (Chlorobium tepidum),595,1928,2.96,0.19,688,4.21,3.48,4.21,3.08,1.41,164357.59,6.98,486,374,31737.8,Enzyme,2QMX,2
2qpo_1,A,4,D2,Q9WYN2,1.95,184,Thermotoga maritima (strain ATCC 43589 / DSM 3109 / JCM 10099 / NBRC 100826 / MSB8),233,840,2.41,0.17,418,4.1,3.47,4.10,3.17,1.98,91042.49,5.17,219,165,15520.88,Enzyme,2QPO,1
2qqe_1,A,4,D2,Q9WYN2,1.9,184,Thermotoga maritima (strain ATCC 43589 / DSM 3109 / JCM 10099 / NBRC 100826 / MSB8),464,840,2.38,0.17,426,4.02,3.3,4.02,2.97,1.77,94899.34,5.22,226,178,15989.42,Enzyme,2QQE,1
2qr6_1,A,4,C4,Q8NSR4,1.5,393,Corynebacterium glutamicum (strain ATCC 13032 / DSM 20300 / JCM 1318 / BCRC 11384 / CCUG 27702 / LMG 3730 / NBRC 12168 / NCIMB 10025 / NRRL B-2784 / 534),404,43,3.22,0.14,972,4.08,3.39,4.08,2.86,1.34,207257.2,7.25,668,364,28109.72,Enzyme,2QR6,1
2qt3_3,A,4,D2,O52063,2.24,403,Pseudomonas sp. (strain ADP),1045,522,3.55,0.16,1194,4.25,3.51,4.25,3.03,1.08,236788.52,7.47,840,494,38647.6,Enzyme,2QT3,3
2quy_2,E,4,D2,P12256,1.7,335,Lysinibacillus sphaericus (Bacillus sphaericus),910,457,2.9,0.12,823,4.2,3.45,4.20,2.95,0.74,201858.81,7.21,585,293,24713.44,Enzyme,2QUY,2
2qve_1,A,4,D2,Q8GMG0,2,526,Streptomyces globisporus,1090,824,3.01,0.12,1528,4.54,3.92,4.54,3.46,1.18,303575.48,11.07,914,428,35895.54,Enzyme,2QVE,1
2qwz_1,A,4,D2,Q1GGU3,2.15,159,Ruegeria sp. TM1040,798,124,2.38,0.21,315,3.93,3.21,3.93,2.76,1.77,80194.17,4.11,191,219,17166.61,Other,2QWZ,1
2qzc_2,A,4,D2,Q97WL0,1.5,214,Saccharolobus solfataricus (strain ATCC 35092 / DSM 1617 / JCM 11322 / P2) (Sulfolobus solfataricus),394,544,2.92,0.17,642,4.22,3.79,4.22,3.44,1.08,130313.49,4.69,380,286,22204.96,Regulatory,2QZC,2
2r37_3,A,4,D2,P22352,1.85,207,Homo sapiens (Human),743,796,2.93,0.19,484,3.89,3.26,3.89,2.8,0.83,118836.82,4.63,348,280,22668.92,Enzyme,2R37,3
2r3b_1,A,4,C4,Q833Y3,1.8,310,Enterococcus faecalis (strain ATCC 700802 / V583),246,1958,2.98,0.16,764,4.2,3.54,4.20,3.11,1.21,171185.69,5,510,312,27919.74,Enzyme,2R3B,1
2r5r_1,A,4,D2,Q82VD1,3.05,271,Nitrosomonas europaea (strain ATCC 19718 / CIP 103999 / KCTC 2705 / NBRC 14298),513,326,1.98,0.14,564,4,3.17,4.00,2.69,1.54,147512.99,7.95,292,264,19954.85,Enzyme,2R5R,1
2r8e_3,E,4,C4,P67653,1.4,188,Escherichia coli O6:H1 (strain CFT073 / ATCC 700928 / UPEC),1105,1178,2.63,0.14,515,4.23,3.47,4.23,3.04,1.54,117456.75,4.95,309,200,16107.29,Enzyme,2R8E,3
2r91_1,A,4,D2,Q704D1,2,286,Thermoproteus tenax,1124,2217,3.24,0.14,837,4.38,3.75,4.38,3.27,1.39,173216.58,5.57,561,289,24874.7,Enzyme,2R91,1
2rbd_1,A,4,D2,Q9KAD1,1.54,171,Halalkalibacterium halodurans (strain ATCC BAA-125 / DSM 18197 / FERM 7344 / JCM 9153 / C-125) (Bacillus halodurans),184,117,1.6,0.14,452,3.97,3.6,3.97,3.25,0.83,97609.35,6.05,156,176,13461.62,Other,2RBD,1
2rfg_1,A,4,D2,Q2S9K4,1.4,297,Hahella chejuensis (strain KCTC 2396),1146,3234,3.16,0.14,844,4.25,3.61,4.25,3.24,1.18,187600.78,5.82,592,313,26489.98,Enzyme,2RFG,1
2rfq_1,A,4,D2,Q0S811,1.65,394,Rhodococcus jostii (strain RHA1),1068,1783,2.97,0.16,1092,4.28,3.77,4.28,3.4,0.85,249466.8,5.75,741,497,40395.7,Enzyme,2RFQ,1
2rhc_1,B,4,D2,P16544,2.1,277,Streptomyces coelicolor (strain ATCC BAA-471 / A3(2) / M145),886,29320,2.95,0.17,798,4.12,3.43,4.12,2.98,1.23,149905.99,5.35,442,304,25587.37,Enzyme,2RHC,1
2sba_1,A,4,D2,P05046,2.4,253,Glycine max (Soybean) (Glycine hispida),128,1053,3.44,0.18,568,3.64,2.61,3.64,2.07,0.73,126694.59,3.94,436,328,22835.1,Binding,2SBA,1
2uvd_1,A,4,D2,Q81JG6,2.4,246,Bacillus anthracis str. Ames,1008,39394,2.8,0.16,710,4.24,3.59,4.24,3.07,1.52,140486.54,5.15,394,268,22348.5,Other,2UVD,1
2uyw_1,A,4,D2,A7YYL1,1.7,130,Xenopus tropicalis,99,338,1.24,0.15,292,3.81,3.13,3.81,2.56,1.1,75510.04,5.29,94,128,11472.36,Other,2UYW,1
2uyy_1,A,4,D2,Q49A26,2.5,316,Homo sapiens,969,3150,2.97,0.17,912,4.29,3.67,4.29,3.29,1.19,169156.23,5.01,502,347,28599.51,Other,2UYY,1
2uz0_1,A,4,D2,A0A0H2UNZ8,1.7,263,Streptococcus pneumoniae,627,1114,2.86,0.14,641,4.22,3.58,4.22,3.06,0.92,160929.29,5.84,461,253,22094.74,Other,2UZ0,1
2uz1_1,A,4,D2,Q9F4L3,1.65,563,Pseudomonas fluorescens,1069,3332,3.55,0.12,1499,4.28,3.63,4.28,3.22,1.07,331391.42,7.02,1175,510,39471.66,Binding,2UZ1,1
2uz1_1,A,4,D2,Q9F4L3,1.65,563,Pseudomonas fluorescens,1069,3332,3.55,0.12,1499,4.28,3.63,4.28,3.22,1.07,331391.42,7.02,1175,510,39471.66,Binding,2UZ1,1
2v65_2,B,4,D2,Not Found,2.35,331,Champsocephalus gunnari,999,1051,2.73,0.14,876,4.03,3.33,4.03,2.86,1.65,187555.25,8.4,512,320,26482.25,Other,2V65,2
2v6b_1,A,4,D2,P50933,2.5,304,Deinococcus radiodurans (strain ATCC 13939 / DSM 20539 / JCM 16871 / CCUG 27074 / LMG 4051 / NBRC 15346 / NCIMB 9279 / VKM B-1422 / R1),764,975,3.21,0.19,836,4.28,3.59,4.28,3.2,1.48,154292.59,5.32,496,351,28623.27,Enzyme,2V6B,1
2v6u_1,A,4,D2,Q2Q449,1.6,104,Toxoplasma gondii,616,548,2.2,0.21,272,3.82,3.3,3.82,2.92,1.13,65476.34,3.1,144,147,13892.62,Enzyme,2V6U,1
2vbi_1,A,4,D2,Q8L388,2.75,566,Acetobacter pasteurianus (Acetobacter turbidans),1027,2348,3.53,0.12,1468,4.18,3.48,4.18,3,1.2,314251.88,7.27,1108,471,38295.47,Enzyme,2VBI,1
2vc6_1,A,4,D2,Q07607,1.95,292,Sinorhizobium meliloti,1166,3432,3.58,0.16,830,4.26,3.61,4.26,3.22,1.25,165784.11,5.16,594,316,25910.43,Other,2VC6,1
2vig_2,E,4,D2,Not Found,1.9,391,Homo sapiens,910,7813,3.41,0.15,1099,4.32,3.75,4.32,3.36,0.96,221554.04,5.91,756,421,32985.81,Other,2VIG,2
2vmk_1,A,4,C2,P21513,3.22,515,Escherichia coli (strain K12),185,1959,2.99,0.23,1160,3.94,3.33,3.94,2.93,1,263727.11,8.4,789,755,60457.33,Enzyme,2VMK,1
2vqr_1,A,4,D2,Q1M964,1.42,543,Rhizobium johnstonii 3841,840,5642,3.47,0.13,1324,4.17,3.41,4.17,2.93,0.43,311568.33,7.44,1080,508,39006.27,Other,2VQR,1
2vr2_1,A,4,D2,Q14117,2.8,541,Homo sapiens,941,1506,3.81,0.13,1288,4.32,3.54,4.32,2.99,0.69,275396.93,9.42,1048,460,36376.49,Other,2VR2,1
2vu1_1,A,4,D2,P07097,1.51,392,Shinella zoogloeoides (Crabtreella saccharophila),957,1428,3.55,0.15,1104,4.41,3.75,4.41,3.4,1.13,227652.28,6.51,809,410,35243.87,Enzyme,2VU1,1
2vun_1,A,4,D2,Q0QLE9,1.89,386,Eubacterium barkeri (Clostridium barkeri),357,153,3.5,0.15,1054,4.31,3.61,4.31,3.13,1.14,225825.97,6.24,791,436,33011.15,Enzyme,2VUN,1
2vvh_1,A,4,D2,Q5S6Z9,1.8,226,Lobophyllia hemprichii (Lobed brain coral),117,38,2.32,0.15,579,4.1,3.33,4.10,2.84,1.1,152126.81,4.69,353,279,23554.2,Other,2VVH,1
2vw9_1,A,4,D2,O25841,2.3,134,Helicobacter pylori (strain ATCC 700392 / 26695) (Campylobacter pylori),331,2139,1.44,0.09,252,3.44,2.77,3.44,2.25,1.09,80572.5,4.89,116,86,7026.59,Regulatory,2VW9,1
2w48_1,A,4,C2,P37078,3.2,315,Klebsiella pneumoniae,1174,1401,2.97,0.21,826,4.18,3.55,4.18,3.17,1.5,178966.09,10.41,532,441,37994.29,Regulatory,2W48,1
2w8n_1,A,4,D2,P51649,2,487,Homo sapiens (Human),979,6928,3.52,0.16,1380,4.18,3.38,4.18,2.85,1.02,275408.24,6.55,970,530,42726.27,Enzyme,2W8N,1
2w8s_1,A,4,D2,Q45087,2.4,543,Trinickia caryophylli (Paraburkholderia caryophylli),840,5384,3.39,0.12,1353,4.35,3.68,4.35,3.24,0.45,317694.36,7.5,1078,495,39117.24,Enzyme,2W8S,1
2wbi_1,A,4,D2,Q709F0,2.8,428,Homo sapiens,870,1517,3.21,0.17,1232,4.08,3.42,4.08,3.01,0.87,228052.44,6.33,732,484,39716.8,Other,2WBI,1
2wkj_1,A,4,D2,P0A6L4,1.45,303,Escherichia coli,1149,2444,3.12,0.15,878,4.29,3.75,4.29,3.34,1.32,191007.72,4.8,596,345,28638.63,Other,2WKJ,1
2wkn_1,A,4,D2,A9BPK4,2.08,409,Delftia acidovorans (strain DSM 14801 / SPH-1),628,209,3.02,0.12,993,4.29,3.39,4.29,2.84,0.8,247969.78,6.49,749,370,30984.25,Enzyme,2WKN,1
2wlt_1,A,4,D2,Q9ZLB9,1.4,332,Helicobacter pylori (strain J99 / ATCC 700824) (Campylobacter pylori J99),1042,1258,3.02,0.13,873,4.21,3.41,4.21,2.87,1.68,187959.74,6.03,568,296,24754.36,Enzyme,2WLT,1
2wqk_1,A,4,D2,O67004,1.5,251,Aquifex aeolicus (strain VF5),1111,1394,2.44,0.14,664,4.12,3.44,4.12,2.85,1.17,155917.4,7.59,380,242,21397.77,Enzyme,2WQK,1
2wsb_1,A,4,D2,C0KTJ6,1.25,254,Cereibacter sphaeroides (Rhodobacter sphaeroides),1080,32167,2.37,0.11,854,4.32,3.67,4.32,3.28,1.45,167334.31,5.63,396,237,18433.79,Enzyme,2WSB,1
2wue_1,A,4,D2,P96851,1.8,291,Mycobacterium tuberculosis H37Rv,927,10675,3.42,0.17,828,4.05,3.32,4.05,2.83,0.85,166285.67,4.9,568,352,27710.64,Other,2WUE,1
2wyu_1,A,4,D2,Q5SLI9,1.5,261,Thermus thermophilus (strain ATCC 27634 / DSM 579 / HB8),988,17829,2.45,0.13,704,4.35,3.68,4.35,3.26,1.47,158616.68,5.75,388,236,20268.72,Enzyme,2WYU,1
2x5j_1,O,4,D2,P0A9B6,2.3,339,Escherichia coli (strain K12),897,782,3.13,0.17,949,4.35,3.67,4.35,3.22,1.21,195715.89,6.16,612,397,33714.89,Enzyme,2X5J,1
2x6c_1,A,4,C4,D9N164,2.7,301,Paramagnetospirillum magnetotacticum,375,804,1.83,0.17,652,3.51,2.74,3.51,2.28,1.21,153171.85,9.24,280,336,26573.92,Other,2X6C,1
2x75_1,A,4,D2,C8LPI8,2.5,431,Staphylococcus aureus,1120,854,2.47,0.14,1340,4.27,3.62,4.27,3.15,1.33,259208.97,10.01,640,424,37017.98,Other,2X75,1
2x7j_1,A,4,D2,P23970,2.35,604,Bacillus subtilis (strain 168),1072,1054,3.29,0.13,1526,4.34,3.7,4.34,3.27,0.77,354176.72,7.26,1167,561,46421.21,Enzyme,2X7J,1
2x9g_1,A,4,D2,O76290,1.1,288,Trypanosoma brucei brucei,899,22968,1.74,0.09,678,4.21,3.56,4.21,3.62,1.13,215478.66,5.12,375,233,19231.14,Enzyme,2X9G,1
2xem_1,A,4,D2,Q84HI7,2.1,150,Micromonospora chersina,978,174,1.96,0.18,384,4.21,3.41,4.21,2.89,0.87,91272.99,4.87,179,201,16628.86,Other,2XEM,1
2xhz_1,A,4,D2,P45395,2.6,183,Escherichia coli (strain K12),189,882,2.48,0.14,498,4.23,3.65,4.23,3.3,2,95085.22,5.97,236,152,13519.52,Enzyme,2XHZ,1
2xn2_1,A,4,D2,Q7WWP9,1.58,732,Lactobacillus acidophilus NCFM,1012,402,2.51,0.09,1868,4.31,3.41,4.31,3.51,0.36,618064.99,8.79,1552,664,54996.19,Other,2XN2,1
2xox_1,A,4,D2,Q6QDB5,2.5,288,Leishmania donovani,438,12286,3.11,0.19,612,3.98,3.38,3.98,2.99,1.3,118979.91,5.28,370,280,23105.52,Enzyme,2XOX,1
2xq1_2,A,4,D2,P30263,2.9,509,Pichia angusta (Yeast) (Hansenula polymorpha),877,331,2.44,0.11,1154,4.15,3.34,4.15,2.93,0.2,297441.37,10.93,727,410,33533.72,Enzyme,2XQ1,2
2xrn_1,A,4,D2,Q93PU6,2.9,241,Pseudomonas putida (strain DOT-T1E),402,4358,2.66,0.19,718,3.85,3.12,3.85,2.69,1.83,132224.79,7.63,352,300,25129.61,Enzyme,2XRN,1
2xu2_1,A,4,D2,Q9HVR0,2.3,252,Pseudomonas aeruginosa (strain ATCC 15692 / DSM 22644 / CIP 104116 / JCM 14847 / LMG 12228 / 1C / PRS 101 / PAO1),1089,726,3.33,0.19,632,3.99,3.31,3.99,2.86,1.24,135616.19,3.98,452,316,25319.36,Enzyme,2XU2,1
2y25_2,C,4,D2,P52179,3.5,317,Homo sapiens (Human),26,2996,2.65,0.30,658,3.59,2.75,3.59,2.3,0.98,177493.59,8.64,470,634,53649.26,Enzyme,2Y25,2
2y6d_1,A,4,C4,P09237,1.6,174,Homo sapiens (Human),21,2078,2.81,0.23,420,3.7,3.04,3.70,2.61,0.93,93975.28,3.93,264,236,21287.84,Enzyme,2Y6D,1
2y7e_1,A,4,D2,B0VHH0,1.28,282,Cloacimonas acidaminovorans (strain Evry),1032,561,3.39,0.15,786,4.12,3.47,4.12,2.99,0.98,166133.24,5.29,564,306,25654.14,Enzyme,2Y7E,1
2yfo_1,A,4,D2,G4T4R7,1.35,720,Mediterraneibacter gnavus E1,1009,412,3.57,0.12,1960,4.29,3.42,4.29,2.86,0.68,442280.02,8.97,1580,664,52680.72,Other,2YFO,1
2yq5_1,A,4,D2,Q1GAA2,2.75,343,Lactobacillus delbrueckii subsp. bulgaricus (strain ATCC 11842 / DSM 20081 / BCRC 10696 / JCM 1002 / NBRC 13953 / NCIMB 11778 / NCTC 12712 / WDCM 00102 / Lb 14),877,1339,2.75,0.19,847,4.12,3.56,4.12,3.16,1.38,193186.35,6.2,532,442,37125.6,Enzyme,2YQ5,1
2yva_1,A,4,D2,P66817,1.85,196,Escherichia coli (strain K12),996,1130,2.49,0.13,580,4.25,3.56,4.25,3.15,1.57,110851.02,5.96,276,156,14464.81,Binding,2YVA,1
2yvl_1,A,4,D2,O66653,2.2,248,Aquifex aeolicus (strain VF5),470,488,2.29,0.16,578,4.19,3.49,4.19,3.06,1.86,161381.4,6.99,369,308,26257.31,Enzyme,2YVL,1
2ywb_3,A,4,D2,Q5SI28,2.1,503,Thermus thermophilus (strain ATCC 27634 / DSM 579 / HB8),918,385,3.22,0.17,1257,4.27,3.61,4.27,3.24,1.45,279497.94,6.32,901,579,48472.39,Enzyme,2YWB,3
2yxd_2,A,4,D2,Q57836,2.3,183,Methanocaldococcus jannaschii (strain ATCC 43067 / DSM 2661 / JAL-1 / JCM 10045 / NBRC 100440) (Methanococcus jannaschii),71,727,2.89,0.19,462,4.1,3.46,4.10,3.04,1.63,105072.2,5.34,304,224,19812.34,Enzyme,2YXD,2
2yxg_1,A,4,D2,Q57695,2.2,289,Methanocaldococcus jannaschii (strain ATCC 43067 / DSM 2661 / JAL-1 / JCM 10045 / NBRC 100440) (Methanococcus jannaschii),1150,3822,3.31,0.16,848,4.34,3.77,4.34,3.37,1.5,175327.43,5.13,581,326,27233.2,Enzyme,2YXG,1
2yxo_1,A,4,D2,Q5SLG2,1.6,267,Thermus thermophilus (strain ATCC 27634 / DSM 579 / HB8),1090,1598,3.33,0.17,752,4.15,3.55,4.15,3.12,0.97,161500.45,5.54,538,324,26780.28,Enzyme,2YXO,1
2yyk_1,A,4,D2,Q5SJP8,1.6,481,Thermus thermophilus (strain ATCC 27634 / DSM 579 / HB8),676,293,2.79,0.13,1420,4.33,3.6,4.33,3.18,0.78,286976.98,9.81,800,452,38213.41,Enzyme,2YYK,1
2yzc_2,E,4,D2,Not Found,1.88,302,Arthrobacter globiformis,473,233,1.79,0.09,706,4.12,3.44,4.12,2.84,0.68,184761.3,7.62,330,222,17279.76,Other,2YZC,2
2z06_1,A,4,D2,Q5SKL8,2.05,252,Thermus thermophilus (strain ATCC 27634 / DSM 579 / HB8),1008,478,3.39,0.15,704,4.4,3.65,4.40,3.24,1,152677.09,5.55,517,262,23175.79,Binding,2Z06,1
2z08_1,A,4,D2,Q5SJV7,1.5,137,Thermus thermophilus (strain ATCC 27634 / DSM 579 / HB8),481,10674,2.69,0.21,336,3.78,3.13,3.78,2.75,1.55,69984.18,3.88,188,160,14929.24,Binding,2Z08,1
2z1m_1,A,4,D2,O67175,2,345,Aquifex aeolicus (strain VF5),928,3288,3.24,0.16,959,4.41,3.82,4.41,3.41,0.78,210590.53,5.23,683,424,34413.15,Enzyme,2Z1M,1
2z1n_3,A,4,D2,Q9YDK1,1.6,260,Aeropyrum pernix (strain ATCC 700893 / DSM 11879 / JCM 9820 / NBRC 100138 / K1),965,27304,2.89,0.14,694,4.51,3.84,4.51,3.3,1.47,137118.39,5.09,396,250,19503.96,Enzyme,2Z1N,3
2z2c_1,A,4,D2,P0A749,2.05,423,Escherichia coli (strain K12),1150,884,3.74,0.14,1138,4.46,3.77,4.46,3.38,1.42,250265.01,5.65,935,443,34840.32,Enzyme,2Z2C,1
2z3h_1,A,4,D2,P0C2P0,1.5,130,Aspergillus terreus,589,588,1.97,0.16,357,4.02,3.36,4.02,2.86,2.05,77982.11,4.45,154,152,12456.87,Enzyme,2Z3H,1
2z67_1,A,4,D2,Q6LZM9,2.5,456,Methanococcus maripaludis (strain DSM 14266 / JCM 13030 / NBRC 101832 / S2 / LL),358,101,2.57,0.15,1194,4.5,3.87,4.50,3.49,1.14,256153.94,7.84,659,447,37279.68,Enzyme,2Z67,1
2z7b_1,A,4,C4,Q988D0,1.9,270,Mesorhizobium japonicum (strain LMG 29417 / CECT 9101 / MAFF 303099) (Mesorhizobium loti (strain MAFF 303099)),960,335,2.64,0.14,644,4.1,3.4,4.10,2.93,1.25,141019.91,4.63,372,248,19752.44,Enzyme,2Z7B,1
2z9w_1,A,4,D2,Q988B8,1.6,392,Mesorhizobium japonicum (strain LMG 29417 / CECT 9101 / MAFF 303099) (Mesorhizobium loti (strain MAFF 303099)),1033,1010,3.37,0.13,1106,4.22,3.58,4.22,3.13,1.09,230641.57,7.39,778,394,30946.16,Enzyme,2Z9W,1
2zat_1,A,4,D2,Q8WNV7,1.5,260,Sus scrofa (Pig),1009,33129,2.67,0.14,712,4.18,3.46,4.18,2.97,1.38,154604.17,5.35,413,256,22084.62,Enzyme,2ZAT,1
2zki_1,A,4,D2,Q973M9,2.9,199,Sulfurisphaera tokodaii,754,433,2.5,0.14,453,4.34,3.81,4.34,3.37,0.95,116972.93,5.37,292,181,16257.63,Other,2ZKI,1
2zru_1,A,4,C4,P61615,1.99,368,Saccharolobus shibatae (strain ATCC 51178 / DSM 5389 / JCM 8931 / NBRC 15437 / B12) (Sulfolobus shibatae),778,460,3.47,0.15,1041,4.37,3.8,4.37,3.39,0.98,218221.96,6.42,757,356,32057.49,Enzyme,2ZRU,1
2zsc_1,A,4,D2,B9A0T7,1.3,141,Pleurotus cornucopiae (Cornucopia mushroom),35,179,1.08,0.15,320,3.87,3.09,3.87,2.46,0.99,77927.75,5.3,84,152,11526.12,Binding,2ZSC,1
2ztl_1,A,4,D2,Q5KST5,1.8,260,Pseudomonas fragi,1103,32028,2.82,0.15,786,4.27,3.66,4.27,3.23,1.37,155434.13,4.81,438,309,23538.02,Enzyme,2ZTL,1
3a28_2,E,4,D2,Q9ZNN8,2,258,Corynebacterium glutamicum (Brevibacterium saccharolyticum),995,31758,2.69,0.15,819,4.38,3.72,4.38,3.36,1.16,155251.88,4.94,417,290,23084,Enzyme,3A28,2
3a5f_1,A,4,D2,A7FYA1,1.19,291,Clostridium botulinum A str. ATCC 19397,1146,3047,3.13,0.15,864,4.28,3.6,4.28,3.17,1.54,178752.72,5.45,560,342,27375.39,Other,3A5F,1
3a5v_1,A,4,C4,Not Found,2,397,Umbelopsis vinacea,658,1116,3.34,0.17,1104,4.07,3.4,4.07,2.85,0.76,241812.15,6.03,808,548,39954.4,Other,3A5V,1
3a8u_1,X,4,D2,P28269,1.15,449,Pseudomonas putida (Arthrobacter siderocapsulatus),1042,3255,2.77,0.13,1180,4.28,3.47,4.28,2.91,1.1,256816.4,6.56,712,400,32158.7,Enzyme,3A8U,1
3acz_1,A,4,D2,Q86D28,1.97,389,Entamoeba histolytica,1001,1965,2.99,0.13,1056,4.49,3.79,4.49,3.34,1.13,236503.21,6.95,707,350,30455.34,Enzyme,3ACZ,1
3afe_1,A,4,D2,P96852,2.4,394,Mycobacterium tuberculosis,1063,1621,3.46,0.17,1132,4.41,3.81,4.41,3.51,0.79,226293.94,6.06,783,466,37994.98,Other,3AFE,1
3afm_1,A,4,D2,D6RU56,1.65,258,Sphingomonas sp. A1,849,30230,2.8,0.14,784,4.19,3.59,4.19,3.09,1.27,142389.31,4.8,398,247,20270.77,Enzyme,3AFM,1
3afn_1,B,4,D2,D6RU56,1.63,258,Sphingomonas sp. A1,848,30230,2.62,0.14,799,4.18,3.58,4.18,3.09,1.19,158252.91,4.91,415,280,22628.12,Enzyme,3AFN,1
3afo_1,A,4,D2,Q06892,1.93,388,Saccharomyces cerevisiae (strain ATCC 204508 / S288c) (Baker's yeast),908,152,3.04,0.17,924,3.99,3.23,3.99,2.72,1.01,212731.37,6.85,646,432,35707.98,Enzyme,3AFO,1
3afp_1,A,4,D2,P46390,2.05,168,Mycobacterium leprae (strain TN),359,724,1.37,0.18,234,3.53,2.71,3.53,2.13,1.49,65749.76,5.2,90,126,11786.65,Regulatory,3AFP,1
3ai3_1,A,4,D2,A4PB64,1.8,263,Gluconobacter frateurii,1047,30544,2.6,0.15,794,4.16,3.6,4.16,3.23,1.58,159170.31,5.29,414,301,24605.02,Enzyme,3AI3,1
3ak2_1,A,4,D2,Q9Y8H8,1.35,214,Aeropyrum pernix (strain ATCC 700893 / DSM 11879 / JCM 9820 / NBRC 100138 / K1),718,1297,1.99,0.11,593,4.38,3.76,4.38,3.37,1,139762.14,6.13,278,204,15495.56,Enzyme,3AK2,1
3apg_1,A,4,D2,Q51723,2.35,473,Pyrococcus furiosus,1003,2313,3.81,0.15,1371,4.45,3.86,4.45,3.4,0.47,294716.74,6.46,1122,528,44081.17,Other,3APG,1
3asu_1,A,4,D2,Not Found,1.9,248,Escherichia coli,820,14998,2.57,0.14,614,4.19,3.54,4.19,3.11,1.23,127680.42,4.96,328,220,17911.03,Other,3ASU,1
3awd_1,A,4,D2,Q5FNX9,1.8,260,Gluconobacter oxydans (strain 621H) (Gluconobacter suboxydans),1041,32868,2.39,0.14,797,4.34,3.73,4.34,3.3,1.59,159225.7,5.23,381,271,22137.82,Enzyme,3AWD,1
3ay7_1,A,4,D2,P39485,1.9,269,Priestia megaterium (Bacillus megaterium),1023,32070,2.73,0.14,784,4.29,3.67,4.29,3.28,1.08,150050.71,5.53,410,254,21234.05,Enzyme,3AY7,1
3b20_2,O,4,D2,Q9R6W2,2.398,339,Synechococcus elongatus (strain ATCC 33912 / PCC 7942 / FACHB-805) (Anacystis nidulans R2),931,799,3.17,0.16,915,4.31,3.57,4.31,3.19,1.1,199543.96,6.82,633,367,32854.56,Enzyme,3B20,2
3b8f_1,A,4,D2,Q81Y61,1.9,142,Bacillus anthracis,770,80,1.73,0.15,352,3.96,3.44,3.96,3.09,1.41,91192.86,5.04,158,158,13780.32,Other,3B8F,1
3b8i_2,E,4,D2,Q9HUU1,1.9,287,Pseudomonas aeruginosa (strain ATCC 15692 / DSM 22644 / CIP 104116 / JCM 14847 / LMG 12228 / 1C / PRS 101 / PAO1),921,547,2.78,0.14,824,4.12,3.48,4.12,3.1,1.41,170634.9,6.33,474,288,23998.05,Enzyme,3B8I,2
3bc8_1,A,4,D2,Q6P6M7,1.65,450,Mus musculus (Mouse),387,132,2.91,0.16,1454,4.23,3.59,4.23,3.16,1.21,264329.39,6.94,768,504,42835.85,Enzyme,3BC8,1
3be3_2,A,4,D2,Q7WDN8,2.04,91,Bordetella bronchiseptica RB50,550,41,0.91,0.15,146,3.65,2.96,3.65,2.4,0.33,48519.18,4.15,44,84,7093.38,Other,3BE3,2
3beh_1,A,4,C4,Q98GN8,3.1,355,Mesorhizobium japonicum (strain LMG 29417 / CECT 9101 / MAFF 303099) (Mesorhizobium loti (strain MAFF 303099)),253,17,1.46,0.25,606,3.96,3.63,3.96,3.4,0.93,124959.35,6.64,182,363,30622.42,Transport,3BEH,1
3bf0_1,A,4,C4,P08395,2.5,593,Escherichia coli (strain K12),497,852,3.17,0.19,1360,4.12,3.56,4.12,3.19,0.99,274374.82,9.65,869,665,52173.91,Enzyme,3BF0,1
3bg3_1,A,4,D2,P11498,2.8,718,Homo sapiens (Human),684,176,3.73,0.19,1562,4.36,3.76,4.36,3.34,0.9,369442.38,12.14,1377,854,71694.13,Enzyme,3BG3,1
3bgk_1,A,4,C4,Q8DVC0,2.5,311,Streptococcus mutans serotype c (strain ATCC 700610 / UA159),319,1727,3.25,0.16,672,4.1,3.38,4.10,2.89,1.33,151319.63,5.29,492,304,24219.8,Enzyme,3BGK,1
3bhg_1,A,4,D2,Q5ZXD1,1.9,459,Legionella pneumophila subsp. pneumophila (strain Philadelphia 1 / ATCC 33152 / DSM 7513),866,316,2.32,0.13,1240,4.2,3.67,4.20,3.31,1.37,265269.62,10.87,616,400,34161.76,Enzyme,3BHG,1
3blz_3,I,4,D2,A3D088,1.75,128,Shewanella baltica (strain OS155 / ATCC BAA-1091),316,268,1.57,0.17,388,4,3.31,4.00,2.85,1.54,76398.58,4.91,120,150,12975.33,Binding,3BLZ,3
3bq9_1,A,4,D2,A3WM10,1.75,460,Idiomarina baltica OS145,536,22,3.61,0.17,1244,4.11,3.56,4.11,3.16,0.92,269571.17,6.21,972,584,46207.6,Other,3BQ9,1
3bu2_1,A,4,D2,Q49YH3,2.7,199,Staphylococcus saprophyticus subsp. saprophyticus (strain ATCC 15305 / DSM 20229 / NCIMB 8711 / NCTC 7292 / S-41),87,94,1.91,0.18,346,3.71,2.86,3.71,2.29,1.2,113039.05,5.19,216,237,19792.69,Regulatory,3BU2,1
3bu7_1,A,4,D2,Q5LLB1,2.8,394,Ruegeria pomeroyi (strain ATCC 700808 / DSM 15171 / DSS-3) (Silicibacter pomeroyi),560,201,2.54,0.14,848,4.17,3.38,4.17,2.89,0.14,211414.9,9.11,538,352,30540.86,Enzyme,3BU7,1
3byi_5,A,4,D2,Q8IXX1,2.25,214,Homo sapiens,30,4258,2.81,0.16,604,4.26,3.75,4.26,3.41,1.65,126249.97,6.58,355,254,20467.82,Other,3BYI,5
3c02_1,A,4,C4,Q8WPZ6,2.05,258,Plasmodium falciparum,563,2114,2.78,0.13,808,4.39,3.81,4.39,3.4,0.77,141074.96,5.82,392,236,18098.8,Other,3C02,1
3c1n_1,A,4,D2,Q57991,2.7,473,Methanocaldococcus jannaschii (strain ATCC 43067 / DSM 2661 / JAL-1 / JCM 10045 / NBRC 100440) (Methanococcus jannaschii),926,1273,3.2,0.20,1240,4.48,3.78,4.48,3.38,1.56,258236.51,9.94,827,595,50627.83,Enzyme,3C1N,1
3c2u_1,A,4,D2,O52575,1.2,538,Selenomonas ruminantium,1005,614,3.42,0.13,1374,4.2,3.34,4.20,2.78,0.4,354677.43,6.15,1213,575,46581.8,Enzyme,3C2U,1
3c5o_1,A,4,D2,P61167,2.2,157,Rhodopseudomonas palustris (strain ATCC BAA-98 / CGA009),677,545,2.13,0.16,410,4.03,3.28,4.03,2.71,1.63,93433.8,4.77,199,165,14856.5,Other,3C5O,1
3c6c_1,A,4,D2,Q46MU0,1.72,316,Cupriavidus pinatubonensis (strain JMP 134 / LMG 1197) (Cupriavidus necator (strain JMP 134)),980,486,2.89,0.17,796,3.96,3.3,3.96,2.78,1.2,170320.18,6.36,492,380,29187.55,Binding,3C6C,1
3c7t_3,A,4,D2,Q7YTB0,1.76,263,Bombyx mori (Silk moth),386,210,2.68,0.16,614,4.01,3.43,4.01,3.03,0.47,161985.35,6.29,434,282,25395.55,Enzyme,3C7T,3
3c8l_1,A,4,D2,Not Found,1.22,122,Nostoc punctiforme PCC 73102,162,113,1.58,0.17,304,3.96,3.22,3.96,2.73,1.88,70868.63,7.28,112,144,11804.95,Other,3C8L,1
3c8t_1,A,4,D2,Q11C84,2.2,451,Chelativorans sp. (strain BNC1),1000,807,2.8,0.14,1304,4.38,3.75,4.38,3.3,1.6,241114.4,9.51,676,404,34386.06,Enzyme,3C8T,1
3ccz_1,A,4,D2,P04035,1.7,441,Homo sapiens (Human),583,358,2.48,0.16,931,4.29,3.59,4.29,3.12,1.08,245480.71,7.16,610,429,38152.12,Enzyme,3CCZ,1
3cea_1,A,4,D2,Q88S39,2.4,346,Lactiplantibacillus plantarum WCFS1,957,6528,2.8,0.17,840,4.22,3.59,4.22,3.14,0.94,202981.89,6.82,568,426,35039.83,Other,3CEA,1
3cgl_1,A,4,D2,Q9U6Y7,2.09,241,Discosoma striata (Striped mushroom),113,36,2.59,0.15,577,4.04,3.24,4.04,2.82,0.8,140761.3,4.59,364,267,20999.82,Other,3CGL,1
3cin_1,A,4,D2,Q9X1D6,1.7,394,Thermotoga maritima (strain ATCC 43589 / DSM 3109 / JCM 10099 / NBRC 100826 / MSB8),566,148,3.11,0.16,1112,4.15,3.36,4.15,2.84,1.14,224770.14,5.57,700,436,34951.41,Binding,3CIN,1
3ck1_1,A,4,D2,Q46Z90,1.74,150,Cupriavidus pinatubonensis (strain JMP 134 / LMG 1197) (Cupriavidus necator (strain JMP 134)),1008,717,1.95,0.17,456,4,3.23,4.00,2.67,1.18,88413.65,4.58,172,197,15129.16,Enzyme,3CK1,1
3cky_1,A,4,D2,Q0QLF5,2.3,301,Eubacterium barkeri (Clostridium barkeri),995,3855,2.64,0.19,857,4.2,3.66,4.20,3.32,1.56,155874.61,5.94,411,383,29177.14,Enzyme,3CKY,1
3cl6_1,A,4,C4,Q3KFK7,1.58,308,Pseudomonas fluorescens,735,459,2.71,0.14,804,4.2,3.45,4.20,2.96,0.84,185954.15,5.2,504,320,26090.96,Other,3CL6,1
3cmc_1,O,4,D2,P00362,1.77,334,Geobacillus stearothermophilus (Bacillus stearothermophilus),939,816,2.76,0.14,1035,4.19,3.49,4.19,2.99,1.12,219539.82,6.56,605,371,31272.36,Enzyme,3CMC,1
3cn5_1,A,4,C4,Q41372,2.05,304,Spinacia oleracea (Spinach),565,502,3.07,0.15,744,4.29,3.71,4.29,3.22,0.94,135398.24,6.03,416,224,20194.8,Transport,3CN5,1
3cog_1,A,4,D2,P32929,2,403,Homo sapiens (Human),936,1952,3.09,0.12,1054,4.52,3.84,4.52,3.4,0.89,240111.35,6.87,741,353,28812.71,Enzyme,3COG,1
3cpr_1,A,4,D2,Q546B6,2.17,304,Corynebacterium glutamicum (Brevibacterium saccharolyticum),1153,3156,3.5,0.16,892,4.06,3.37,4.06,2.86,1.42,169349.66,5.32,592,352,27843.87,Enzyme,3CPR,1
3cps_3,A,4,D2,Q5CWT6,1.9,354,Cryptosporidium parvum (strain Iowa II),937,787,3.15,0.16,916,4.17,3.43,4.17,2.92,1.28,191843.7,6.14,604,370,30257.57,Enzyme,3CPS,3
3csw_2,C,4,D2,P74921,2.15,285,Thermotoga maritima (strain ATCC 43589 / DSM 3109 / JCM 10099 / NBRC 100826 / MSB8),1147,2004,2.88,0.17,708,4.16,3.43,4.16,2.91,1.18,168957.09,6.92,486,340,28125.4,Enzyme,3CSW,2
3ctd_1,A,4,C4,Q7V3J8,2.5,213,Prochlorococcus marinus subsp. pastoris (strain CCMP1986 / NIES-2087 / MED4),16,622,1.25,0.12,440,4.06,3.6,4.06,3.24,1.57,89692.1,7.31,112,112,10459.09,Regulatory,3CTD,1
3ctm_1,A,4,D2,G8BHG6,2.69,279,Lodderomyces parapsilosis,1029,25911,2.67,0.16,691,4.46,3.87,4.46,3.45,1.05,153005.17,6.42,409,283,25179.22,Other,3CTM,1
3d0o_1,A,4,D2,Q5HJD7,1.7,317,Staphylococcus aureus (strain COL),930,1115,2.67,0.15,926,4.3,3.59,4.30,3.15,1.81,184379.45,6.15,492,360,28258.75,Enzyme,3D0O,1
3d3w_1,A,4,D2,Q7Z4W1,1.87,244,Homo sapiens (Human),1009,30662,2.56,0.13,664,4.21,3.53,4.21,3.18,1.29,145224.38,4.91,372,252,19429.18,Enzyme,3D3W,1
3d3w_1,A,4,D2,Q7Z4W1,1.87,244,Homo sapiens (Human),1009,30662,2.56,0.13,664,4.21,3.53,4.21,3.18,1.29,145224.38,4.91,372,252,19429.18,Enzyme,3D3W,1
3d64_1,A,4,D2,Q3JY79,2.3,494,Burkholderia pseudomallei (strain 1710b),796,281,3.11,0.15,1352,4.28,3.6,4.28,3.13,1.05,279438.94,6.98,868,520,41729.67,Enzyme,3D64,1
3d6a_3,A,4,D2,Q8BX41,2.25,273,Mus musculus (Mouse),312,244,2.78,0.17,628,4.38,3.71,4.38,3.22,0.91,159483.08,6.43,443,313,27403.65,Signalling,3D6A,3
3d7n_1,A,4,D2,A9CG77,2.3,193,Agrobacterium fabrum (strain C58 / ATCC 33970) (Agrobacterium tumefaciens (strain C58)),309,257,2.88,0.18,444,4.12,3.5,4.12,3.04,0.79,88848.93,4.13,256,192,15955.16,Enzyme,3D7N,1
3d9s_1,A,4,C4,P55064,2,266,Homo sapiens (Human),496,1894,2.92,0.15,768,4.43,3.98,4.43,3.66,1.05,138257.57,5.49,404,262,21417.95,Transport,3D9S,1
3dc6_1,A,4,D2,P31161,1.8,198,Caenorhabditis elegans,628,1390,2.61,0.18,618,4.05,3.58,4.05,3.21,0.92,122640.41,6.39,320,270,22031.77,Enzyme,3DC6,1
3dc8_1,A,4,D2,Q0PQZ5,1.85,490,Rhizobium meliloti (Ensifer meliloti) (Sinorhizobium meliloti),962,2273,3.7,0.12,1350,4.33,3.66,4.33,3.21,0.55,292094.39,9.96,1080,454,34695.74,Enzyme,3DC8,1
3dhy_1,A,4,D2,P60176,1.2,495,Mycobacterium tuberculosis,813,288,3.21,0.14,1355,4.43,3.84,4.43,3.43,0.9,288995.42,6.96,927,492,41098.31,Other,3DHY,1
3djl_1,A,4,D2,P33224,1.7,541,Escherichia coli (strain K12),857,173,3.64,0.14,1556,4.2,3.54,4.20,3.11,0.91,315779.32,9.46,1148,560,43930.52,Enzyme,3DJL,1
3dkz_1,A,4,D2,Q7W9W5,2.4,142,Bordetella parapertussis (strain 12822 / ATCC BAA-587 / NCTC 13253),568,1219,2.29,0.16,290,4,3.15,4.00,2.74,1.78,68990.63,4.29,158,150,11325.17,Enzyme,3DKZ,1
3dmo_1,A,4,D2,Q63IV7,1.6,138,Burkholderia pseudomallei (strain K96243),729,1551,2.18,0.14,335,4.18,3.48,4.18,3.02,1.49,77346.06,4.36,169,135,11122.07,Enzyme,3DMO,1
3dmp_1,A,4,D2,Q63VS8,2.5,217,Burkholderia pseudomallei (strain K96243),593,778,2.69,0.15,546,4.14,3.41,4.14,3,1.75,125565.54,6.84,338,202,18368.94,Enzyme,3DMP,1
3do6_1,A,4,D2,Q9X287,1.85,543,Thermotoga maritima (strain ATCC 43589 / DSM 3109 / JCM 10099 / NBRC 100826 / MSB8),886,227,3.57,0.16,1546,4.25,3.51,4.25,3.03,1.08,319038.81,6.05,1140,660,52633.16,Enzyme,3DO6,1
3doc_1,A,4,D2,Q2YRE0,2.4,335,Brucella abortus 2308,937,797,3,0.16,901,4.29,3.56,4.29,3.08,1.18,199697.17,6.49,600,375,31195.06,Other,3DOC,1
3dr3_1,A,4,D2,P59310,2,337,Shigella flexneri,1059,795,3.42,0.16,884,4.14,3.34,4.14,2.82,1.26,195265.19,6.08,668,408,31562.28,Enzyme,3DR3,1
3dty_1,A,4,D2,Q880Y1,2.04,398,Pseudomonas syringae pv. tomato (strain ATCC BAA-871 / DC3000),974,305,2.78,0.17,984,4.22,3.57,4.22,3.17,0.81,226560.9,5.88,630,482,37771.93,Enzyme,3DTY,1
3duk_1,A,4,D2,Q1H3V3,2.2,125,Methylobacillus flagellatus (strain ATCC 51484 / DSM 6875 / VKM B-1610 / KT),259,334,1.65,0.15,335,4.02,3.34,4.02,2.86,1.43,74073.05,4.62,122,147,11421.49,Binding,3DUK,1
3dz1_1,A,4,D2,Q6N4Z3,1.87,313,Rhodopseudomonas palustris (strain ATCC BAA-98 / CGA009),1148,765,3.16,0.15,832,4.08,3.36,4.08,2.95,1.24,176133.58,5.94,556,328,25900.48,Other,3DZ1,1
3e1e_1,A,4,D2,Q5LMG0,2,141,Ruegeria pomeroyi (strain ATCC 700808 / DSM 15171 / DSS-3) (Silicibacter pomeroyi),1015,794,2.37,0.18,392,4.06,3.29,4.06,2.9,1.89,82671.64,4.99,196,175,14701.15,Enzyme,3E1E,1
3e2i_1,A,4,D2,Q0H0G9,2.01,219,Staphylococcus aureus,671,602,2.34,0.20,448,3.77,3.06,3.77,2.61,1.45,100863.59,5.09,236,240,20365.5,Enzyme,3E2I,1
3e3i_2,E,4,D2,P45148,2,229,Haemophilus influenzae (strain ATCC 51907 / DSM 11121 / KW20 / Rd),665,829,2,0.13,630,4.24,3.65,4.24,3.28,1.47,130128.3,5.48,260,177,16548.08,Enzyme,3E3I,2
3e8p_1,A,4,D2,Q8E9M7,2.3,164,Shewanella oneidensis (strain ATCC 700550 / JCM 31522 / CIP 106686 / LMG 19005 / NCIMB 14063 / MR-1),888,567,2.27,0.18,430,4.14,3.45,4.14,3.07,1.56,89020.52,4.87,202,202,16443.38,Enzyme,3E8P,1
3e9a_1,A,4,D2,Q9KQ29,1.8,286,Vibrio cholerae serotype O1 (strain ATCC 39315 / El Tor Inaba N16961),788,437,3.25,0.14,716,4.1,3.34,4.10,2.87,1.35,159848.94,5.7,520,268,21959.62,Enzyme,3E9A,1
3e9n_2,E,4,D2,Q8NMW9,2.4,245,Corynebacterium glutamicum (strain ATCC 13032 / DSM 20300 / JCM 1318 / BCRC 11384 / CCUG 27702 / LMG 3730 / NBRC 12168 / NCIMB 10025 / NRRL B-2784 / 534),39,11102,3.05,0.18,537,4.12,3.56,4.12,3.21,1.42,100311.42,4.37,306,231,18181.25,Enzyme,3E9N,2
3eb2_1,A,4,D2,Q6N9H8,2.04,300,Rhodopseudomonas palustris (strain ATCC BAA-98 / CGA009),1142,2556,3.42,0.15,833,4.2,3.66,4.20,3.34,1.55,172848.25,5.7,591,311,26415.27,Enzyme,3EB2,1
3ebr_1,A,4,D2,Q476C0,2.6,159,Cupriavidus pinatubonensis (strain JMP 134 / LMG 1197) (Cupriavidus necator (strain JMP 134)),562,141,1.47,0.19,352,3.75,2.93,3.75,2.35,0.26,92542.29,4.79,136,216,17259.18,Other,3EBR,1
3ec7_4,E,4,D2,Q8ZK57,2.15,357,Salmonella typhimurium (strain LT2 / SGSC1412 / ATCC 700720),924,1249,2.77,0.16,917,4.19,3.53,4.19,3.15,1.01,214125.89,6.48,593,421,34642.26,Enzyme,3EC7,4
3edm_1,A,4,D2,A9CEK0,2.3,259,Agrobacterium fabrum (strain C58 / ATCC 33970) (Agrobacterium tumefaciens (strain C58)),573,28802,3.22,0.16,680,4.3,3.66,4.30,3.22,1.56,119016.94,4.83,383,249,18758.79,Enzyme,3EDM,1
3eef_1,A,4,D2,Q9HKY9,2.35,182,Thermoplasma acidophilum (strain ATCC 25905 / DSM 1728 / JCM 9062 / NBRC 15155 / AMRC-C165),665,2272,2.91,0.16,460,4.13,3.43,4.13,3.01,1.55,98944.8,4.25,288,194,15831.08,Enzyme,3EEF,1
3egz_1,A,4,C4,P09012,2.2,98,Homo sapiens (Human),62,1742,2.25,0.04,196,3.71,3.03,3.71,2.57,0.64,156201.83,2.97,352,72,5585.86,Regulatory,3EGZ,1
3ek1_2,E,4,D2,Q2YRI3,2.1,504,Brucella abortus (strain 2308),974,6436,3.41,0.14,1377,4.34,3.67,4.34,3.34,1.04,288940.1,6.75,984,539,41187.61,Enzyme,3EK1,2
3enn_1,A,4,D2,Q8YFP3,2.1,249,Brucella melitensis biotype 1 (strain ATCC 23456 / CCUG 17765 / NCTC 10094 / 16M),977,36750,2.67,0.14,687,4.41,3.87,4.41,3.49,1.22,135833.73,5.27,362,227,19515.13,Enzyme,3ENN,1
3eol_1,A,4,D2,Q8YIN4,2,433,Brucella melitensis biotype 1 (strain ATCC 23456 / CCUG 17765 / NCTC 10094 / 16M),313,131,2.88,0.13,992,4.23,3.64,4.23,3.22,0.81,212176.03,8.43,612,322,28345.78,Enzyme,3EOL,1
3eoo_4,K,4,D2,B2H5R7,2.7,298,Burkholderia pseudomallei 1655,951,603,2.49,0.13,788,4.21,3.59,4.21,3.25,1.41,160797.17,7.42,400,261,20927.58,Other,3EOO,4
3epr_1,A,4,D2,Q8E044,1.55,264,Streptococcus agalactiae serotype V (strain ATCC BAA-611 / 2603 V/R),1048,2179,2.95,0.17,736,4.07,3.32,4.07,2.89,1.12,153443.61,5.05,452,328,26331.46,Enzyme,3EPR,1
3etn_1,A,4,D2,Q5LIW1,1.7,220,Bacteroides fragilis (strain ATCC 25285 / DSM 2151 / CCUG 4856 / JCM 11019 / LMG 10263 / NCTC 9343 / Onslow / VPI 2553 / EN-2),222,673,1.8,0.13,580,4.16,3.53,4.16,3.18,1.92,123297.35,5.76,222,179,15544.52,Enzyme,3ETN,1
3euw_1,A,4,D2,Q8NL86,2.3,344,Corynebacterium glutamicum (strain ATCC 13032 / DSM 20300 / JCM 1318 / BCRC 11384 / CCUG 27702 / LMG 3730 / NBRC 12168 / NCIMB 10025 / NRRL B-2784 / 534),964,4270,2.82,0.18,934,4.19,3.58,4.19,3.22,1.21,197595.64,5.87,558,443,35775.29,Enzyme,3EUW,1
3ewi_1,A,4,C4,Q99KK2,1.9,168,Mus musculus (Mouse),796,1304,2.79,0.19,450,4.18,3.58,4.18,3.23,1.57,90471.04,4.28,252,216,17636.95,Enzyme,3EWI,1
3eya_3,I,4,D2,P07003,2.5,549,Escherichia coli (strain K12),1087,3129,3.48,0.14,1430,4.18,3.44,4.18,2.97,1.14,311361.73,7.05,1084,502,43720.24,Enzyme,3EYA,3
3ezy_1,A,4,D2,Q9WYP5,2.04,344,Thermotoga maritima (strain ATCC 43589 / DSM 3109 / JCM 10099 / NBRC 100826 / MSB8),935,6439,3.03,0.17,1009,4.26,3.62,4.26,3.19,1.06,204704.46,6.16,621,400,33955.29,Enzyme,3EZY,1
3f1t_1,A,4,D2,Q9I3C8,2.2,148,Pseudomonas aeruginosa (strain ATCC 15692 / DSM 22644 / CIP 104116 / JCM 14847 / LMG 12228 / 1C / PRS 101 / PAO1),720,308,2.26,0.17,323,4.15,3.42,4.15,3.06,1.67,81058.58,4.5,183,168,13410.88,Other,3F1T,1
3f4b_1,A,4,D2,Q6TEI5,2.49,323,Plasmodium berghei,902,180,2.72,0.15,749,4.38,3.75,4.38,3.34,1.24,173974.72,5.23,473,304,26959.11,Enzyme,3F4B,1
3f5o_2,E,4,D2,Q9NPJ3,1.7,148,Homo sapiens (Human),644,778,2.21,0.16,416,4.11,3.38,4.11,2.97,1.84,86516.76,4.5,191,174,13773.98,Enzyme,3F5O,2
3f9i_1,A,4,D2,P50941,2.25,249,Rickettsia prowazekii (strain Madrid E),806,35525,2.75,0.18,642,4.1,3.52,4.10,3.21,1.31,122920.88,4.65,338,274,21894.74,Enzyme,3F9I,1
3fa4_3,I,4,D2,Q2L887,2.18,302,Aspergillus niger,810,786,2.69,0.12,746,4.31,3.85,4.31,3.45,1.1,159081.89,6.85,428,234,19614.53,Enzyme,3FA4,3
3fca_1,A,4,D2,Not Found,2.149,291,Thermus thermophilus,789,2785,3.47,0.15,852,4.42,3.75,4.42,3.24,1.03,164931.5,5.19,572,296,24545.51,Other,3FCA,1
3fd0_1,A,4,D2,Q92C56,2.12,409,Listeria innocua serovar 6a (strain ATCC BAA-680 / CLIP 11262),427,125,3.12,0.16,1132,4.28,3.59,4.28,3.13,0.86,243217.31,6.1,758,450,38079.4,Binding,3FD0,1
3fef_1,A,4,D2,P39130,2.2,450,Bacillus subtilis (strain 168),1055,467,3.4,0.18,1188,4.18,3.52,4.18,3.14,0.99,260713.89,5.94,886,572,45895.57,Enzyme,3FEF,1
3ff1_2,A,4,D2,Q5HHC2,1.65,446,Staphylococcus aureus (strain COL),893,1074,2.33,0.12,1246,4.31,3.64,4.31,3.27,1.15,283492.62,7.28,660,426,34208.42,Enzyme,3FF1,2
3flu_1,A,4,D2,Q9JZR4,1.999,297,Neisseria meningitidis serogroup B (strain ATCC BAA-335 / MC58),1154,3180,3.25,0.15,836,4.22,3.59,4.22,3.17,1.36,180734.03,5.27,588,342,27817.74,Enzyme,3FLU,1
3fmx_1,X,4,D2,Q51945,2.8,364,Pseudomonas putida (Arthrobacter siderocapsulatus),882,973,3.24,0.17,904,4.04,3.28,4.04,2.82,1.03,210916.45,6.3,684,436,36092.24,Enzyme,3FMX,1
3foc_1,A,4,D2,A8B8N3,2.09,451,Giardia intestinalis (strain ATCC 50803 / WB clone C6) (Giardia lamblia),707,229,2.89,0.17,1156,4.21,3.61,4.21,3.24,0.85,243558.61,5.69,704,530,42122.66,Enzyme,3FOC,1
3fpc_1,A,4,D2,P14941,1.4,352,Thermoanaerobacter brockii (Thermoanaerobium brockii),1081,2977,2.84,0.13,974,4.41,3.62,4.41,3.13,1.42,230140.47,6.03,653,362,29859.39,Enzyme,3FPC,1
3fpl_1,A,4,D2,P25984,1.9,351,Clostridium beijerinckii (Clostridium MP),1015,2462,3.25,0.14,968,4.25,3.39,4.25,2.93,1.42,203243.5,6.09,660,360,29386.48,Enzyme,3FPL,1
3fs2_1,A,4,D2,Q8YHF1,1.85,298,Brucella melitensis biotype 1 (strain ATCC 23456 / CCUG 17765 / NCTC 10094 / 16M),719,551,3.36,0.17,686,4.15,3.48,4.15,3.02,1.46,145977.24,5.15,490,312,24708.25,Enzyme,3FS2,1
3ftn_1,A,4,D2,P14941,2.2,352,Thermoanaerobacter brockii (Thermoanaerobium brockii),1095,2972,3.04,0.14,966,4.43,3.62,4.43,3.22,1.49,212570.66,6.19,647,371,29797.11,Enzyme,3FTN,1
3ftp_1,A,4,D2,Q63S85,2.05,270,Burkholderia pseudomallei (strain K96243),1065,33993,2.85,0.16,726,4.25,3.65,4.25,3.29,1.36,134928.24,5.28,384,280,21532.96,Enzyme,3FTP,1
3fxa_1,A,4,D2,Q723E8,1.6,201,Listeria monocytogenes serotype 4b str. F2365,237,944,1.96,0.12,554,4.26,3.72,4.26,3.26,2.02,112960.92,6.07,221,160,13582.55,Other,3FXA,1
3fxq_1,A,4,C2,P94678,1.849,305,Comamonas testosteroni (Pseudomonas testosteroni),82,4594,2.71,0.20,800,4.05,3.39,4.05,3.01,1.6,174062.59,12.03,472,408,34478.38,Regulatory,3FXQ,1
3fz0_1,A,4,D2,Q57X73,2.5,360,Trypanosoma brucei brucei (strain 927/4 GUTat10.1),1075,985,3.58,0.19,872,4.08,3.42,4.08,3.03,1.14,195296.73,4.59,699,406,36274.86,Enzyme,3FZ0,1
3fzv_1,A,4,C2,Q9I6S0,2.7,306,Pseudomonas aeruginosa (strain ATCC 15692 / DSM 22644 / CIP 104116 / JCM 14847 / LMG 12228 / 1C / PRS 101 / PAO1),286,8455,2.58,0.18,721,4.03,3.43,4.03,2.99,1.59,155130.08,8.27,401,354,28507.34,Regulatory,3FZV,1
3g0o_2,A,4,D2,Q8ZMG4,1.8,303,Salmonella typhimurium (strain LT2 / SGSC1412 / ATCC 700720),1024,3316,2.73,0.18,804,4.16,3.46,4.16,2.99,1.38,156796.86,5.34,428,364,27543.57,Enzyme,3G0O,2
3g1u_1,A,4,D2,Q4Q124,2.2,437,Leishmania major,660,311,3.32,0.14,1181,4.42,3.78,4.42,3.36,0.94,251765.97,7.36,835,423,34314.27,Enzyme,3G1U,1
3g25_2,A,4,D2,Q5HGD2,1.9,501,Staphylococcus aureus (strain COL),1116,3939,3.53,0.15,1477,4.46,3.79,4.46,3.41,0.61,311178.59,8.8,1099,559,45796.81,Enzyme,3G25,2
3g7g_1,A,4,D2,Q97DZ9,1.99,158,Clostridium acetobutylicum (strain ATCC 824 / DSM 792 / JCM 1419 / IAM 19013 / LMG 5710 / NBRC 13948 / NRRL B-527 / VKM B-1787 / 2291 / W),684,423,1.96,0.17,389,3.96,3.15,3.96,2.62,1.59,89426.44,4.63,175,176,15493,Other,3G7G,1
3gaf_1,A,4,D2,Q8YIN7,2.2,256,Brucella melitensis biotype 1 (strain ATCC 23456 / CCUG 17765 / NCTC 10094 / 16M),1001,33493,2.78,0.16,688,4.12,3.6,4.12,3.23,1.44,131082.81,4.66,365,277,21130.53,Enzyme,3GAF,1
3gd8_1,A,4,C4,P55087,1.6,223,Homo sapiens (Human),497,2800,2.82,0.14,684,4.27,3.66,4.27,3.26,0.94,126224.7,5.38,356,212,17839.95,Transport,3GD8,1
3gdg_1,A,4,D2,P0C0Y5,2.3,267,Davidiella tassiana (Mycosphaerella tassiana) (Cladosporium herbarum),1038,23157,2.39,0.14,724,4.41,3.78,4.41,3.45,1.25,158783.2,5.25,380,262,22651.51,Enzyme,3GDG,1
3ged_1,A,4,D2,A3DFK9,1.416,247,Acetivibrio thermocellus (strain ATCC 27405 / DSM 1237 / JCM 9322 / NBRC 103400 / NCIMB 10682 / NRRL B-4536 / VPI 7372) (Clostridium thermocellum),999,26555,2.26,0.13,706,4.24,3.54,4.24,3.15,1.32,148949.46,6.35,336,224,19360.86,Enzyme,3GED,1
3gek_1,A,4,D2,Q9CHK5,2.24,146,Lactococcus lactis subsp. lactis (strain IL1403) (Streptococcus lactis),468,49,2.1,0.17,341,3.99,3.32,3.99,2.9,0.89,73797.85,4.32,155,149,12910.35,Other,3GEK,1
3gem_1,A,4,D2,Q48MN0,1.83,260,Pseudomonas savastanoi pv. phaseolicola (strain 1448A / Race 6) (Pseudomonas syringae pv. phaseolicola (strain 1448A / Race 6)),849,6324,2.69,0.15,611,4.37,3.77,4.37,3.39,1.1,134531.14,4.33,362,232,20013.56,Enzyme,3GEM,1
3gf3_1,A,4,D2,B7TVP1,1.75,588,Clostridium symbiosum (Bacteroides symbiosus),502,494,3.02,0.13,1524,4.25,3.58,4.25,3.08,0.63,332017.28,9.53,1004,500,42808.24,Enzyme,3GF3,1
3gfb_1,A,4,D2,Q5JI69,2.4,350,Thermococcus kodakarensis (strain ATCC BAA-918 / JCM 12380 / KOD1) (Pyrococcus kodakaraensis (strain KOD1)),1160,8409,3.25,0.16,888,4.37,3.67,4.37,3.25,1.18,210793.38,5.71,686,408,34038.82,Enzyme,3GFB,1
3gfs_3,E,4,D2,O07529,2.105,174,Bacillus subtilis (strain 168),810,715,2.54,0.17,484,4.14,3.6,4.14,3.18,1.64,102445.73,4.7,260,199,16911.54,Enzyme,3GFS,3
3gg8_1,A,4,D2,Q969A2,2.2,511,Toxoplasma gondii,988,1491,3.44,0.19,1341,4.33,3.68,4.33,3.26,1.27,272566.5,6.58,938,665,52862.66,Enzyme,3GG8,1
3gh1_1,A,4,D2,Q9KTK3,1.832,462,Vibrio cholerae serotype O1 (strain ATCC 39315 / El Tor Inaba N16961),472,22,3.06,0.18,1094,4.23,3.63,4.23,3.22,0.81,280400.91,5.41,859,598,50287.34,Enzyme,3GH1,1
3gnq_6,E,4,D2,Q3JNL6,2.4,344,Burkholderia pseudomallei (strain 1710b),923,793,3.14,0.16,906,4.33,3.61,4.33,3.13,1.05,194035.03,6.22,610,388,31419.98,Enzyme,3GNQ,6
3gr4_1,A,4,D2,P14618,1.6,550,Homo sapiens (Human),1025,1242,3.28,0.16,1458,4.21,3.56,4.21,3.12,1.04,300380.98,6.6,984,634,47754.03,Enzyme,3GR4,1
3gr7_1,A,4,D2,Q5KXG9,2.3,340,Geobacillus kaustophilus (strain HTA426),574,3360,3.74,0.17,942,4.16,3.45,4.16,2.99,0.95,205241.78,4.82,768,396,34314.89,Enzyme,3GR7,1
3grk_1,A,4,D2,Q8YFK8,2.35,293,Brucella melitensis biotype 1 (strain ATCC 23456 / CCUG 17765 / NCTC 10094 / 16M),928,5668,2.68,0.15,697,4.36,3.73,4.36,3.37,1.47,144522.49,4.93,387,265,22088.53,Enzyme,3GRK,1
3grp_1,A,4,D2,Q6G443,2.09,266,Bartonella henselae str. Houston-1,830,31250,2.64,0.17,647,4.15,3.55,4.15,3.24,1.53,126578.98,5.35,334,256,21971.21,Other,3GRP,1
3gtd_1,A,4,D2,Q9ZCQ4,2.4,482,Rickettsia prowazekii (strain Madrid E),955,488,2.82,0.13,1259,4.39,3.79,4.39,3.32,1.34,248027.93,8.93,700,394,32842.32,Enzyme,3GTD,1
3guy_2,E,4,D2,A6B7Q2,1.9,230,Vibrio parahaemolyticus AQ3810,398,5838,2.73,0.15,580,4.05,3.42,4.05,3.12,1.01,122675.73,5.21,335,240,18612.67,Other,3GUY,2
3gvc_2,C,4,D2,P95273,2.45,277,Mycobacterium tuberculosis (strain CDC 1551 / Oshkosh),991,30114,2.99,0.14,746,4.22,3.57,4.22,3.22,1.27,131011.52,4.88,392,254,18804.33,Enzyme,3GVC,2
3gvi_1,A,4,D2,Q2YLR9,2.25,324,Brucella abortus (strain 2308),948,1042,3,0.14,944,4.22,3.57,4.22,3.17,1.65,185963.3,6.34,557,338,26047.95,Enzyme,3GVI,1
3gvp_1,A,4,D2,Q96HN2,2.25,435,Homo sapiens (Human),738,301,2.97,0.17,1253,4.36,3.71,4.36,3.31,1.37,261166.9,6.46,775,541,45390.75,Enzyme,3GVP,1
3h4r_1,A,4,C4,P15032,2.8,265,Escherichia coli (strain K12),128,485,2.25,0.20,528,3.66,3.01,3.66,2.6,0.41,129670.09,6.06,292,304,25510.97,Enzyme,3H4R,1
3h6o_1,A,4,D2,P14618,2,550,Homo sapiens (Human),1004,1242,3.35,0.17,1347,4.19,3.57,4.19,3.16,1.08,280852.14,5.92,942,611,46570.39,Enzyme,3H6O,1
3h7a_1,A,4,D2,Q6NDT3,1.87,252,Rhodopseudomonas palustris (strain ATCC BAA-98 / CGA009),634,1771,2.87,0.15,611,4.31,3.73,4.31,3.41,1.55,127033.41,4.92,365,235,18479.86,Enzyme,3H7A,1
3h9e_1,O,4,D2,O14556,1.72,346,Homo sapiens (Human),933,792,3.05,0.15,954,4.23,3.46,4.23,2.93,1.09,201562.48,6.56,614,356,30095.18,Enzyme,3H9E,1
3hb9_1,A,4,D2,Q99UY8,2.9,1150,Staphylococcus aureus subsp. aureus Mu50,472,76,3.74,0.18,2557,4.37,3.78,4.37,3.37,0.88,628316.98,12.96,2350,1438,112700.12,Other,3HB9,1
3hbc_1,A,4,D2,Q8A600,2.25,320,Bacteroides thetaiotaomicron (strain ATCC 29148 / DSM 2079 / JCM 5827 / CCUG 10774 / NCTC 10582 / VPI-5482 / E50),746,547,3.22,0.18,756,3.98,3.13,3.98,2.62,0.5,184055.73,5.36,592,364,33505.18,Enzyme,3HBC,1
3hbl_1,A,4,D2,Q99UY8,2.7,1150,Staphylococcus aureus subsp. aureus Mu50,627,76,3.71,0.18,2713,4.43,3.83,4.43,3.41,0.88,637865.73,12.99,2364,1484,114846.46,Other,3HBL,1
3hja_1,A,4,D2,P46795,2.2,356,Borreliella burgdorferi (strain ATCC 35210 / DSM 4680 / CIP 102532 / B31) (Borrelia burgdorferi),919,776,2.93,0.15,915,4.25,3.53,4.25,3.09,1.31,204164.99,6.28,598,374,31586.09,Enzyme,3HJA,1
3hm0_1,A,4,D2,Q6G5R2,2.5,167,Bartonella henselae,718,190,1.89,0.20,314,3.88,3.23,3.88,2.87,1.39,74950.31,4.43,142,177,14771.54,Other,3HM0,1
3hm2_1,A,4,D2,Q6NHA4,2.2,178,Corynebacterium diphtheriae (strain ATCC 700971 / NCTC 13129 / Biotype gravis),172,522,2.52,0.21,381,4.11,3.56,4.11,3.23,1.33,98992.52,5.79,249,247,21079.23,Enzyme,3HM2,1
3hm2_2,E,4,D2,Q6NHA4,2.2,178,Corynebacterium diphtheriae (strain ATCC 700971 / NCTC 13129 / Biotype gravis),172,522,2.56,0.21,398,4.17,3.55,4.17,3.23,1.28,98427.61,5.56,252,244,20683,Enzyme,3HM2,2
3hn3_1,A,4,D2,P08236,1.67,613,Homo sapiens (Human),441,1353,3.15,0.13,1615,4.23,3.52,4.23,3.03,0.44,422389.22,9.02,1331,666,55402.07,Enzyme,3HN3,1
3hpy_1,A,4,D2,Q7WYF5,1.94,309,Pseudomonas alkylphenolica,934,327,2.87,0.15,727,4.31,3.58,4.31,3.1,0.8,179586.3,4.87,515,333,26558.06,Enzyme,3HPY,1
3hqn_1,D,4,D2,Q27686,2,499,Leishmania mexicana,976,1552,3.28,0.19,1438,4.11,3.42,4.11,2.97,1.2,290574.01,5.87,952,696,54481.04,Enzyme,3HQN,1
3hsk_2,A,4,D2,Q5ALM0,2.2,381,Candida albicans (strain SC5314 / ATCC MYA-2876) (Yeast),947,425,3.45,0.19,898,4.16,3.5,4.16,3.04,1.06,201751.28,4.81,696,482,38578.77,Enzyme,3HSK,2
3ht4_2,D,4,D2,Q81A77,2.9,431,Bacillus cereus (strain ATCC 14579 / DSM 31 / CCUG 7414 / JCM 2152 / NBRC 15305 / NCIMB 9373 / NCTC 2599 / NRRL B-3711),433,124,3.14,0.17,1028,4.45,3.83,4.45,3.46,1.04,233119.28,6.57,731,465,39022.48,Other,3HT4,2
3hu5_2,A,4,D2,Q72G28,1.5,204,Nitratidesulfovibrio vulgaris (strain ATCC 29579 / DSM 644 / CCUG 34227 / NCIMB 8303 / VKM B-1760 / Hildenborough) (Desulfovibrio vulgaris),865,1397,2.99,0.17,487,3.99,3.48,3.99,3.07,1.69,109527.9,4.1,328,220,18587.74,Other,3HU5,2
3hvu_1,A,4,D2,Q81VX6,1.95,204,Bacillus anthracis str. 'Ames Ancestor,1079,1164,2.36,0.16,512,3.95,3.3,3.95,2.88,1.68,117555.69,6.03,278,208,18663.09,Other,3HVU,1
3hvy_1,A,4,D2,Q97I22,2,427,Clostridium acetobutylicum (strain ATCC 824 / DSM 792 / JCM 1419 / IAM 19013 / LMG 5710 / NBRC 13948 / NRRL B-527 / VKM B-1787 / 2291 / W),419,124,2.96,0.14,1160,4.39,3.77,4.39,3.3,1.03,254977.87,6.98,754,422,34796.88,Other,3HVY,1
3hxa_2,E,4,D2,P61459,1.8,104,Rattus norvegicus (Rat),625,926,2.15,0.20,308,4.01,3.51,4.01,3.15,1.28,64225.86,3.07,138,152,12766.21,Enzyme,3HXA,2
3hxk_1,A,4,D2,Q9CID4,3.2,276,Lactococcus lactis subsp. lactis (strain IL1403) (Streptococcus lactis),779,847,3.07,0.17,589,3.87,3.11,3.87,2.72,0.88,151724.21,4.88,466,293,25167.78,Enzyme,3HXK,1
3i16_1,A,4,D2,A0Q0N1,2,427,Clostridium novyi (strain NT),445,124,2.93,0.14,1135,4.44,3.81,4.44,3.33,1.08,260945.22,6.81,765,447,36875.19,Other,3I16,1
3i3o_2,E,4,D2,Q81UV8,2.05,291,Bacillus anthracis str. 'Ames Ancestor,975,28235,2.77,0.14,813,4.32,3.75,4.32,3.34,0.92,160549.39,5.79,445,264,21822.92,Other,3I3O,2
3i4e_1,A,4,D2,Q63SY3,2.69,439,Burkholderia pseudomallei (strain K96243),765,123,2.7,0.11,1180,4.37,3.74,4.37,3.41,0.61,236539.22,7.89,638,314,26201.27,Enzyme,3I4E,1
3i4f_1,A,4,D2,C3ERL8,2.4,264,Bacillus thuringiensis serovar kurstaki str. T03a001,893,26755,2.84,0.16,674,4.29,3.73,4.29,3.32,1,140056.12,5.06,398,252,21866.07,Other,3I4F,1
3ibx_1,A,4,D2,A8KRL3,2.4,221,Helicobacter pylori (Campylobacter pylori),851,832,3,0.18,674,4.1,3.69,4.10,3.37,1.24,133797.46,4.32,402,276,24619.28,Enzyme,3IBX,1
3icc_1,A,4,D2,Q81S30,1.87,255,Bacillus anthracis str. 'Ames Ancestor,1036,33400,2.49,0.17,728,4.2,3.55,4.20,3.07,1.39,148741.16,5.01,370,306,25124.47,Other,3ICC,1
3ids_1,C,4,D2,P22513,1.8,359,Trypanosoma cruzi,943,778,2.81,0.16,965,4.29,3.62,4.29,3.17,1,221435.94,6.2,623,437,35967.47,Enzyme,3IDS,1
3ifs_5,E,4,D2,Q81K75,2.004,453,Bacillus anthracis,908,1051,2.44,0.12,1298,4.28,3.58,4.28,3.19,0.97,275466.32,7.43,672,434,33019.32,Enzyme,3IFS,5
3ii9_1,A,4,D2,Q3JP94,1.73,396,Burkholderia pseudomallei (strain 1710b),963,4638,2.98,0.14,1153,4.53,3.82,4.53,3.37,0.79,235081.2,6.01,700,428,33176.76,Enzyme,3II9,1
3ij5_1,A,4,C4,Q8ZB47,1.95,211,Yersinia pestis,1087,91,2.6,0.17,575,4.25,3.58,4.25,3.12,1.7,113339.5,5.16,295,231,19326.54,Enzyme,3IJ5,1
3ijp_1,A,4,D2,Q6G2G3,2.3,288,Bartonella henselae (strain ATCC 49882 / DSM 28221 / CCUG 30454 / Houston 1) (Rochalimaea henselae),1130,1001,2.93,0.18,718,4.07,3.49,4.07,2.98,1.41,155828.41,5.08,456,338,28703.08,Enzyme,3IJP,1
3imf_1,A,4,D2,Q81MP2,1.99,257,Bacillus anthracis str. 'Ames Ancestor,1048,33987,2.11,0.16,705,4.23,3.6,4.23,3.19,1.67,148297.59,5.31,313,276,23678.08,Other,3IMF,1
3io1_1,A,4,D2,A6T8P4,2.5,445,Klebsiella pneumoniae subsp. pneumoniae (strain ATCC 700721 / MGH 78578),786,1500,3.27,0.21,1068,4.22,3.5,4.22,3.05,1.11,220963.53,6.02,722,572,47397.52,Enzyme,3IO1,1
3ip1_1,A,4,D2,Q9WYP3,2.09,404,Thermotoga maritima (strain ATCC 43589 / DSM 3109 / JCM 10099 / NBRC 100826 / MSB8),1019,3542,3.16,0.16,1072,4.22,3.6,4.22,3.13,1.33,236277.16,6.23,747,459,38174.25,Enzyme,3IP1,1
3ipv_1,A,4,D2,P86352,2.04,251,Spatholobus parviflorus,158,1253,3.08,0.15,595,4.1,3.24,4.10,2.77,1.05,146093.29,4.47,450,308,22181.2,Other,3IPV,1
3ipv_1,A,4,D2,P86352,2.04,239,Spatholobus parviflorus,158,1253,3.08,0.15,595,4.1,3.24,4.10,2.77,1.05,146093.29,4.47,450,308,22181.2,Other,3IPV,1
3is3_2,A,4,D2,O93874,1.48,270,Cochliobolus lunatus (Filamentous fungus) (Curvularia lunata),1051,28908,2.63,0.15,780,4.14,3.49,4.14,3.08,1.26,150538.82,5.14,396,288,23033.09,Enzyme,3IS3,2
3isp_1,A,4,C2,P67665,2.7,303,Mycobacterium tuberculosis H37Rv,316,855,2.65,0.22,680,4.07,3.44,4.07,3.05,1.36,157166.11,6.68,416,390,34309.53,Other,3ISP,1
3iwv_1,A,4,D2,Q06S87,1.68,138,Danio rerio (Zebrafish) (Brachydanio rerio),477,712,1.86,0.21,275,3.89,3.11,3.89,2.72,0.52,71458.93,3.58,133,176,15214.94,Enzyme,3IWV,1
3ixq_1,A,4,D2,Q58998,1.7,226,Methanocaldococcus jannaschii (strain ATCC 43067 / DSM 2661 / JAL-1 / JCM 10045 / NBRC 100440) (Methanococcus jannaschii),846,941,2.59,0.15,638,4.2,3.54,4.20,3.18,1.63,143348.38,5.23,371,239,22116.81,Enzyme,3IXQ,1
3juk_1,A,4,D2,O25363,2.3,281,Helicobacter pylori (strain ATCC 700392 / 26695) (Campylobacter pylori),1039,2662,2.83,0.16,699,4.17,3.55,4.17,3.12,1.15,170063.58,4.74,481,318,27705.56,Enzyme,3JUK,1
3jz4_1,A,4,D2,P25526,2.3,481,Escherichia coli (strain K12),982,7050,3.6,0.14,1345,4.36,3.62,4.36,3.19,0.91,276236.33,6.86,994,529,39442.96,Enzyme,3JZ4,1
3jzl_1,A,4,D2,Q720C5,1.91,409,Listeria monocytogenes serotype 4b str. F2365,424,125,3.18,0.16,1066,4.26,3.62,4.26,3.14,0.77,228045.95,6.31,726,434,35903.8,Other,3JZL,1
3k1y_1,A,4,D2,Q6NGS1,2.5,191,Corynebacterium diphtheriae (strain ATCC 700971 / NCTC 13129 / Biotype gravis),924,289,2.76,0.19,465,3.96,3.47,3.96,3.12,2.06,101591.16,4.62,280,248,19738.61,Enzyme,3K1Y,1
3k2k_1,A,4,D2,Q62IR3,2.49,403,Burkholderia mallei ATCC 23344,576,177,3.13,0.14,952,4.07,3.31,4.07,2.81,0.52,230285.76,7.61,720,420,32555.38,Other,3K2K,1
3k2w_2,E,4,D2,Q15SR9,1.9,497,Paraglaciecola sp. T6c,981,6355,3.55,0.14,1320,4.42,3.81,4.42,3.38,0.81,287915.2,7.43,1023,517,40876.44,Other,3K2W,2
3k31_2,A,4,D2,Q2GKM8,1.8,296,Anaplasma phagocytophilum (strain HZ),1022,5723,2.71,0.14,722,4.09,3.4,4.09,3,1.49,148854.69,5.12,404,278,21542.98,Enzyme,3K31,2
3k3c_5,A,4,D2,Q11034,1.62,158,Mycobacterium tuberculosis,26,1760,1.34,0.13,422,4,3.4,4.00,2.99,1.05,101472.72,9.16,136,167,13535.21,Other,3K3C,5
3k5p_1,A,4,D2,Q2YK82,2.15,416,Brucella abortus (strain 2308),843,337,3.08,0.19,1080,4,3.33,4.00,2.88,1.37,228558.93,11.92,704,548,43021.96,Enzyme,3K5P,1
3k7p_1,A,4,D2,A1BTJ7,1.4,179,Trypanosoma cruzi strain CL Brener,877,786,2.54,0.17,480,4.1,3.46,4.10,3.03,1.67,89865.86,4.92,228,168,15129.02,Other,3K7P,1
3k85_2,A,4,D2,Q8AAJ0,2.28,357,Bacteroides thetaiotaomicron (strain ATCC 29148 / DSM 2079 / JCM 5827 / CCUG 10774 / NCTC 10582 / VPI-5482 / E50),871,801,2.77,0.19,802,3.94,3.35,3.94,2.83,1.28,179191.55,6.04,496,424,34406.84,Enzyme,3K85,2
3k9r_1,A,4,C2,Q8YQN0,1.96,115,Nostoc sp. PCC 7120 = FACHB-418,276,1320,1.36,0.14,248,4.15,3.59,4.15,3.32,1.61,60954.42,4.24,83,109,8608.79,Other,3K9R,1
3khj_1,A,4,C4,Q5CPK7,2.8,361,Cryptosporidium parvum (strain Iowa II),311,484,3.32,0.18,770,4.38,3.76,4.38,3.38,1.54,174623.37,6.33,579,380,30825.45,Enzyme,3KHJ,1
3kkk_1,A,4,D2,Q8IIG6,2.08,258,Plasmodium falciparum (isolate 3D7),634,1048,2.9,0.20,647,4.15,3.51,4.15,3.03,0.75,143347.2,4.22,416,329,28815.98,Enzyme,3KKK,1
3kl2_2,E,4,D2,Q82NB5,2.3,226,Streptomyces avermitilis (strain ATCC 31267 / DSM 46492 / JCM 5070 / NBRC 14893 / NCIMB 12804 / NRRL 8165 / MA-4680),984,1188,3.12,0.16,561,4.2,3.54,4.20,3.23,1.56,112328.93,4.59,350,227,17756.96,Enzyme,3KL2,2
3krt_1,A,4,D2,Q9ZBK1,2.19,456,Streptomyces coelicolor (strain ATCC BAA-471 / A3(2) / M145),1048,1489,3.31,0.17,1160,4.34,3.65,4.34,3.27,0.8,263315.95,6.59,871,522,43663.22,Enzyme,3KRT,1
3krz_1,A,4,D2,B0KAH1,1.501,337,Thermoanaerobacter pseudethanolicus (strain ATCC 33223 / 39E) (Clostridium thermohydrosulfuricum),556,3392,3.2,0.15,927,4.27,3.61,4.27,3.2,0.89,225926.94,4.85,723,417,34135.3,Enzyme,3KRZ,1
3ktc_1,A,4,D2,Q6D5T7,1.54,333,Pectobacterium atrosepticum (strain SCRI 1043 / ATCC BAA-672) (Erwinia carotovora subsp. atroseptica),905,146,2.56,0.11,1021,4.25,3.62,4.25,3.25,1.11,206633.97,6.39,530,287,22953.19,Enzyme,3KTC,1
3kx6_1,A,4,D2,A7AV51,2.1,379,Babesia bovis,820,308,3.55,0.16,961,4.17,3.56,4.17,3.18,0.83,201880.05,4.8,716,419,31814.62,Enzyme,3KX6,1
3l0d_2,A,4,D2,Q8L201,2.5,356,Bartonella henselae (Rochalimaea henselae),924,755,3.19,0.16,914,4.18,3.41,4.18,2.92,1.09,186849.03,6.36,596,378,30014.16,Enzyme,3L0D,2
3l0g_1,A,4,D2,Q2GI74,2.05,300,Ehrlichia chaffeensis (strain ATCC CRL-10679 / Arkansas),1061,988,2.5,0.17,781,4.11,3.5,4.11,3.11,1.86,167309.34,8.81,418,361,28228.76,Enzyme,3L0G,1
3l2h_1,A,4,D2,B7J8Z8,1.85,162,Acidithiobacillus ferrooxidans (strain ATCC 23270 / DSM 14882 / CIP 104768 / NCIMB 8455) (Ferrobacillus ferrooxidans (strain ATCC 23270)),433,90,1.46,0.14,454,3.99,3.24,3.99,2.69,-0.08,105247.18,5.95,154,174,14506.28,Binding,3L2H,1
3l2n_1,A,4,D2,Q12MY8,2.39,395,Shewanella denitrificans (strain OS217 / ATCC BAA-1090 / DSM 15013),353,300,3.43,0.16,1018,4.22,3.49,4.22,3.04,0.51,223299.44,5.44,766,440,34782.89,Binding,3L2N,1
3l6e_2,A,4,D2,A0KPA6,2,235,Aeromonas hydrophila subsp. hydrophila (strain ATCC 7966 / DSM 30187 / BCRC 13018 / CCUG 14551 / JCM 1027 / KCTC 2358 / NCIMB 9240 / NCTC 8049),535,9020,2.61,0.20,508,4,3.39,4.00,2.97,1.48,120136.08,4.83,314,272,23475.27,Enzyme,3L6E,2
3l77_1,A,4,D2,C6A190,1.55,235,Thermococcus sibiricus (strain DSM 12597 / MM 739),824,16473,2.76,0.15,708,4.18,3.48,4.18,3.06,1.25,143389.12,5.1,396,244,20951.93,Enzyme,3L77,1
3l8w_1,A,4,D2,Q00511,1,296,Aspergillus flavus,606,246,1.41,0.09,716,4.03,3.19,4.03,3.31,0.87,248888.45,7.72,352,280,22248.78,Enzyme,3L8W,1
3lac_2,A,4,D2,Q81NT5,2,215,Bacillus anthracis,1011,645,2.9,0.20,544,4.08,3.32,4.08,2.93,1.44,122896.4,3.88,356,290,24455.85,Enzyme,3LAC,2
3ldc_1,A,4,C4,O27564,1.45,82,Methanothermobacter thermautotrophicus (strain ATCC 29096 / DSM 1053 / JCM 10044 / NBRC 100330 / Delta H) (Methanobacterium thermoautotrophicum),28,1838,1.63,0.15,260,3.94,3.51,3.94,3.21,0.74,49023.97,4.94,80,84,7262.5,Transport,3LDC,1
3lf2_1,A,4,D2,Q9HYA2,1.99,265,Pseudomonas aeruginosa (strain ATCC 15692 / DSM 22644 / CIP 104116 / JCM 14847 / LMG 12228 / 1C / PRS 101 / PAO1),1072,25773,2.7,0.17,769,4.23,3.72,4.23,3.36,1.59,154365.19,4.8,417,300,26703.93,Enzyme,3LF2,1
3lg3_1,A,4,D2,Q7CLE1,1.4,435,Yersinia pestis,779,136,2.37,0.11,1218,4.18,3.58,4.18,3.18,0.81,257794.99,7.84,612,352,28927.22,Other,3LG3,1
3llq_1,A,4,C4,Q8UJW4,2,256,Agrobacterium fabrum (strain C58 / ATCC 33970) (Agrobacterium tumefaciens (strain C58)),572,2502,2.9,0.13,748,4.44,3.91,4.44,3.48,0.73,126145.94,5.69,366,218,15812.51,Transport,3LLQ,1
3lm4_1,A,4,D2,Q0S9X1,1.8,339,Rhodococcus jostii (strain RHA1),1043,167,2.69,0.15,779,4.17,3.36,4.17,2.89,0.31,204704.88,5.28,550,364,30340.41,Enzyme,3LM4,1
3lmf_1,A,4,D2,Q2Y879,2.3,121,Nitrosospira multiformis (strain ATCC 25196 / NCIMB 11849 / C 71),364,320,2.07,0.19,324,4.28,3.8,4.28,3.55,1.31,61872.97,4.52,128,124,11566.14,Other,3LMF,1
3lor_1,A,4,D2,Q8NRX7,2.1,160,Corynebacterium glutamicum (strain ATCC 13032 / DSM 20300 / JCM 1318 / BCRC 11384 / CCUG 27702 / LMG 3730 / NBRC 12168 / NCIMB 10025 / NRRL B-2784 / 534),260,1025,2.56,0.21,361,3.9,3.23,3.90,2.88,1.35,89755.54,5.26,230,222,18801.96,Enzyme,3LOR,1
3lot_1,A,4,D2,O29058,1.89,314,Archaeoglobus fulgidus (strain ATCC 49558 / DSM 4304 / JCM 9628 / NBRC 100126 / VC-16),1065,503,3.16,0.13,872,4.36,3.69,4.36,3.24,0.94,203085.81,6.02,641,323,27302.36,Binding,3LOT,1
3lou_1,A,4,D2,Q62DH4,1.9,292,Burkholderia mallei ATCC 23344,448,200,2.32,0.18,746,4.01,3.37,4.01,3.01,1.85,182157.28,7.84,422,389,32443.96,Other,3LOU,1
3lpf_1,A,4,D2,P05804,2.26,605,Escherichia coli (strain K12),457,1531,3.45,0.16,1318,4.22,3.4,4.22,2.94,0.2,366600.74,8.73,1264,702,57767.88,Enzyme,3LPF,1
3lq1_3,A,4,D2,Q71YZ2,2.6,578,Listeria monocytogenes serotype 4b (strain F2365),990,1141,3.38,0.16,1190,4.21,3.54,4.21,3.1,1.17,302526.76,6.98,1022,570,48511.78,Enzyme,3LQ1,3
3lrk_1,A,4,C4,P04824,1.95,479,Saccharomyces cerevisiae (Baker's yeast),730,366,3.67,0.16,1160,4.09,3.4,4.09,2.9,0.38,270666.07,6.53,992,552,42548.65,Enzyme,3LRK,1
3lt0_1,A,4,D2,Q9BJJ9,1.96,329,Plasmodium falciparum (malaria parasite P. falciparum),902,101,2.67,0.14,798,4.23,3.5,4.23,3.06,1.09,175790.25,5.15,470,298,25463.79,Enzyme,3LT0,1
3lvf_1,P,4,D2,Q6GIL8,1.7,338,Staphylococcus aureus (strain MRSA252),913,775,2.83,0.16,930,4.2,3.5,4.20,3.01,1.14,201387.13,6.68,569,371,31603.62,Enzyme,3LVF,1
3lw9_3,A,4,C4,P0A1I3,1.85,168,Salmonella typhimurium (strain LT2 / SGSC1412 / ATCC 700720),10,123,1.66,0.18,404,3.7,3.08,3.70,2.66,1.54,103455.49,7.69,172,208,18656.88,Other,3LW9,3
3lwu_1,A,4,D2,Q088B8,2.1,391,Shewanella frigidimarina (strain NCIMB 400),720,94,2.86,0.16,916,4.03,3.31,4.03,2.77,0.87,218393.78,7.89,624,428,34688.63,Enzyme,3LWU,1
3lye_1,A,4,D2,Not Found,1.3,307,Cryphonectria parasitica,858,643,2.64,0.12,780,4.14,3.51,4.14,3.08,0.98,166734.73,6.61,440,232,19316.56,Other,3LYE,1
3lyl_1,A,4,D2,Q5NF68,1.95,247,Francisella tularensis subsp. tularensis (strain SCHU S4 / Schu 4),1098,38329,2.54,0.16,665,4.25,3.7,4.25,3.27,1.29,147105.17,5.28,373,275,23620.7,Enzyme,3LYL,1
3m2t_1,A,4,D2,Q7NY68,2.3,359,Chromobacterium violaceum (strain ATCC 12472 / DSM 30191 / JCM 1249 / CCUG 213 / NBRC 12614 / NCIMB 9131 / NCTC 9757 / MK),968,606,2.52,0.17,914,4.17,3.5,4.17,2.99,1.76,205141.55,7.27,516,412,34817.42,Enzyme,3M2T,1
3m6i_1,A,4,D2,Q7SI09,2.6,363,Neurospora crassa (strain ATCC 24698 / 74-OR23-1A / CBS 708.71 / DSM 1257 / FGSC 987),1085,5737,3.35,0.17,988,4.06,3.28,4.06,2.78,1.2,204260.91,5.19,684,424,34673.88,Enzyme,3M6I,1
3m9v_1,A,4,D2,B3TMR1,2.05,439,Actinomadura kijaniata,931,1187,3.38,0.19,1168,4.04,3.36,4.04,2.92,1.17,216487.13,4.98,732,512,41041.72,Enzyme,3M9V,1
3mb5_1,A,4,D2,Q9V1J7,1.6,255,Pyrococcus abyssi (strain GE5 / Orsay),346,650,2.43,0.18,676,3.94,3.2,3.94,2.69,1.73,159803.27,7.23,388,312,28440.08,Enzyme,3MB5,1
3mdn_1,A,4,D2,Q5LRU5,2.09,274,Ruegeria pomeroyi (strain ATCC 700808 / DSM 15171 / DSS-3) (Silicibacter pomeroyi),383,302,3.19,0.18,551,4.12,3.37,4.12,2.94,0.75,127538.14,5.32,407,279,22499.86,Enzyme,3MDN,1
3meq_1,A,4,D2,Q8G2V9,2,365,Brucella suis,1040,7779,3.45,0.16,926,4.18,3.43,4.18,3.03,1.24,194638.08,5.55,671,379,30932.51,Other,3MEQ,1
3mi6_1,A,4,D2,Q03PP7,2.7,745,Levilactobacillus brevis (strain ATCC 367 / BCRC 12310 / CIP 105137 / JCM 1170 / LMG 11437 / NCIMB 947 / NCTC 947) (Lactobacillus brevis),1009,390,3.35,0.12,1722,4.42,3.7,4.42,3.2,0.43,453539.17,9.07,1521,664,54358.85,Enzyme,3MI6,1
3mkh_1,A,4,D2,B2AM55,1.995,438,Podospora anserina (strain S / ATCC MYA-4624 / DSM 980 / FGSC 10383) (Pleurage anserina),898,1244,2.85,0.14,1240,4.31,3.74,4.31,3.33,1.15,260713.36,6.27,743,470,35497.86,Enzyme,3MKH,1
3mla_2,A,4,D2,C3L5T6,1.75,191,Bacillus anthracis (strain CDC 684 / NRRL 3495),1000,3323,2.14,0.14,444,3.96,3.4,3.96,2.95,1.84,119742.86,4.58,256,196,17044.73,Enzyme,3MLA,2
3mmt_1,A,4,D2,Q8L207,2.35,347,Bartonella henselae (Rochalimaea henselae),762,327,3.56,0.17,968,4.25,3.69,4.25,3.26,1,199361.19,4.69,709,434,33290.18,Enzyme,3MMT,1
3mn1_2,B,4,C4,Q48EB9,1.8,189,Pseudomonas savastanoi pv. phaseolicola (strain 1448A / Race 6) (Pseudomonas syringae pv. phaseolicola (strain 1448A / Race 6)),1095,1119,2.62,0.16,510,4.27,3.66,4.27,3.21,1.85,104729.71,6.43,274,204,17017.22,Enzyme,3MN1,2
3mpi_1,A,4,D2,C3UVB0,2.05,397,Desulfococcus multivorans,928,7083,3.33,0.15,1190,4.33,3.69,4.33,3.3,0.87,229790.23,5.6,766,410,34112.54,Enzyme,3MPI,1
3mpz_1,A,4,D2,A0QT11,1.7,150,Mycolicibacterium smegmatis (strain ATCC 700084 / mc(2)155) (Mycobacterium smegmatis),784,637,2.05,0.15,329,4.1,3.35,4.10,2.98,1.55,71385.82,4.48,146,141,10887.62,Enzyme,3MPZ,1
3mtj_1,A,4,D2,Q3SKI5,2.15,444,Thiobacillus denitrificans (strain ATCC 25259 / T1),1079,567,3.24,0.18,1124,3.96,3.19,3.96,2.66,1.41,240509.44,11.26,780,572,44207,Enzyme,3MTJ,1
3mvu_1,A,4,D2,Q1GL43,1.8,226,Ruegeria sp. TM1040,823,678,3.05,0.17,720,4.12,3.7,4.12,3.37,0.53,131145.43,4.85,400,284,22145.68,Other,3MVU,1
3mwb_1,A,4,D2,A1R118,2,313,Paenarthrobacter aurescens (strain TC1),793,1606,2.87,0.19,733,4.07,3.35,4.07,2.92,1.17,170075.86,8.61,488,388,31478.83,Enzyme,3MWB,1
3mxl_1,A,4,D2,B5APQ9,3.15,395,Micromonospora sp. ATCC 39149,989,2421,3.36,0.20,939,4.09,3.5,4.09,2.99,1.13,205111.22,5.56,689,511,40224.94,Other,3MXL,1
3mz0_1,A,4,D2,P26935,1.539,344,Bacillus subtilis (strain 168),931,1703,3.04,0.18,904,4.05,3.32,4.05,2.74,1.01,202681.13,6.6,616,404,35597.28,Enzyme,3MZ0,1
3n07_1,A,4,C4,Q9KP52,1.76,195,Vibrio cholerae serotype O1 (strain ATCC 39315 / El Tor Inaba N16961),1083,804,2.63,0.17,507,4.28,3.69,4.28,3.23,1.86,106437.26,5.81,280,218,17625.75,Enzyme,3N07,1
3n0v_1,A,4,D2,Q88R07,2.25,286,Pseudomonas putida (strain ATCC 47054 / DSM 6125 / CFBP 8728 / NCIMB 11950 / KT2440),486,202,2.45,0.19,699,4,3.35,4.00,2.98,1.46,173137.16,7.66,424,398,32082.22,Enzyme,3N0V,1
3n1u_1,A,4,C4,Q5ZX93,1.8,191,Legionella pneumophila subsp. pneumophila (strain Philadelphia 1 / ATCC 33152 / DSM 7513),1101,1128,2.65,0.18,528,4.13,3.43,4.13,3.04,1.71,105769.5,5.72,280,216,19336.64,Enzyme,3N1U,1
3n2w_1,A,4,D2,Q52VH2,1.45,373,Sphingosinicella xenopeptidilytica,964,224,2.29,0.09,913,4.29,3.4,4.29,3.57,0.96,301128.84,6.12,690,362,28262.3,Enzyme,3N2W,1
3n3y_1,A,4,D2,Q5UVJ4,2.307,216,Helicobacter pylori (Campylobacter pylori),476,151,2,0.14,597,4.18,3.63,4.18,3.28,1.43,134324.05,8.07,268,212,19289.09,Enzyme,3N3Y,1
3n58_1,A,4,D2,Q2YQX8,2.39,464,Brucella abortus (strain 2308),641,305,3.29,0.13,1367,4.45,3.83,4.45,3.43,0.87,272549.1,6.73,897,466,36434.26,Enzyme,3N58,1
3n5m_1,A,4,D2,Q6I0U5,2.05,452,Bacillus anthracis,1023,4203,2.55,0.12,1125,4.44,3.71,4.44,3.21,1.01,279708.88,6.49,713,424,34933.7,Other,3N5M,1
3n6h_1,A,4,D2,A6VQF6,2.3,455,Actinobacillus succinogenes (strain ATCC 55618 / DSM 22257 / CCUG 43843 / 130Z),1094,347,3.39,0.18,1048,4.37,3.77,4.37,3.36,0.76,254184.64,7.45,862,561,46467.67,Binding,3N6H,1
3n74_1,A,4,D2,Q2YJS1,2.2,261,Brucella abortus (strain 2308),783,35259,2.81,0.14,687,4.29,3.62,4.29,3.23,1.32,130258.6,4.8,366,239,18577.48,Enzyme,3N74,1
3na8_1,A,4,D2,Q9I6R5,1.85,315,Pseudomonas aeruginosa (strain ATCC 15692 / DSM 22644 / CIP 104116 / JCM 14847 / LMG 12228 / 1C / PRS 101 / PAO1),1162,2854,3,0.16,818,4.21,3.54,4.21,3.18,1.47,177656.23,4.65,533,356,28401.45,Enzyme,3NA8,1
3ndn_1,A,4,D2,P95199,1.85,414,Mycobacterium tuberculosis,865,1823,2.88,0.13,1044,4.29,3.53,4.29,3,1.04,239278.96,7.19,689,392,30062.97,Other,3NDN,1
3ne2_2,E,4,C4,O28846,2.8,246,Archaeoglobus fulgidus (strain ATCC 49558 / DSM 4304 / JCM 9628 / NBRC 100126 / VC-16),517,2446,2.99,0.12,769,4.4,3.74,4.40,3.38,0.98,133145.38,6.11,398,210,16137.26,Transport,3NE2,2
3nep_1,X,4,D2,Q2S289,1.55,314,Salinibacter ruber (strain DSM 13855 / M31),933,1119,3.1,0.16,920,4.14,3.45,4.14,3.03,1.51,173131.32,5.92,536,336,27559.5,Enzyme,3NEP,1
3nf4_1,A,4,D2,G7CDN2,2.35,387,Mycolicibacterium thermoresistibile,910,7095,3.32,0.16,1018,4.11,3.36,4.11,2.86,0.88,206058.71,5.26,684,446,33691.21,Other,3NF4,1
3ng3_1,A,4,D2,A0QLL2,2.15,227,Mycobacterium avium (strain 104),881,1104,3.33,0.18,671,4.14,3.51,4.14,3.14,1.77,118169.04,4.25,394,301,21557.55,Enzyme,3NG3,1
3nj8_1,A,4,D2,Q6UCJ9,2,315,Toxoplasma gondii,917,1519,2.71,0.16,807,4.1,3.41,4.10,3,0.99,168295.55,5.9,456,306,26407.77,Enzyme,3NJ8,1
3nnk_1,A,4,D2,B5B0L4,2.58,411,Klebsiella michiganensis M5al,1026,979,3.24,0.13,1045,4.37,3.77,4.37,3.36,1.15,238697.72,8,774,377,31726.67,Enzyme,3NNK,1
3no6_1,A,4,D2,Q8CNK1,1.65,248,Staphylococcus epidermidis (strain ATCC 12228 / FDA PCI 1200),674,378,2.41,0.18,675,4.23,3.88,4.23,3.57,1.08,153014.35,6.61,369,303,27048.28,Enzyme,3NO6,1
3nrb_1,A,4,D2,Q88LI9,2.05,287,Pseudomonas putida (strain ATCC 47054 / DSM 6125 / CFBP 8728 / NCIMB 11950 / KT2440),423,217,2.47,0.16,742,4.1,3.43,4.10,3.08,1.77,176711,7.65,437,353,28872.68,Enzyme,3NRB,1
3nw4_1,A,4,D2,Q67FT0,2,368,Pseudaminobacter salicylatoxidans,763,222,2.25,0.12,932,4.1,3.31,4.10,2.69,0.67,220455.16,8.75,496,352,27119.33,Binding,3NW4,1
3nwz_1,A,4,D2,Q9K9P3,2.6,176,Halalkalibacterium halodurans (strain ATCC BAA-125 / DSM 18197 / FERM 7344 / JCM 9153 / C-125) (Bacillus halodurans),1006,137,1.57,0.19,377,4.14,3.53,4.14,3.2,1.76,87012.76,6.34,137,176,16375.7,Enzyme,3NWZ,1
3nxk_1,A,4,D2,Q0PC96,2.4,334,Campylobacter jejuni subsp. jejuni serotype O:2 (strain ATCC 700819 / NCTC 11168),1042,1354,2.92,0.14,818,4.37,3.66,4.37,3.21,1.7,192314.13,6.34,561,333,27774.39,Enzyme,3NXK,1
3nyw_1,A,4,D2,Q8A562,2.16,250,Bacteroides thetaiotaomicron (strain ATCC 29148 / DSM 2079 / JCM 5827 / CCUG 10774 / NCTC 10582 / VPI-5482 / E50),766,15550,2.42,0.20,595,4.18,3.62,4.18,3.26,1.9,132380.32,5.07,320,297,26032.4,Enzyme,3NYW,1
3o03_1,A,4,D2,A4VVQ2,1.8,291,Streptococcus suis 05ZYH33,1125,27468,2.4,0.13,748,4.11,3.47,4.11,3.11,1.36,144816.08,5.86,348,228,18579.26,Other,3O03,1
3o1l_4,A,4,D2,Q87X74,2.2,302,Pseudomonas syringae pv. tomato (strain ATCC BAA-871 / DC3000),485,216,2.46,0.16,702,3.96,3.29,3.96,2.78,1.49,181798.95,7.39,448,332,28869.3,Enzyme,3O1L,4
3o38_1,A,4,D2,A0R4Z8,1.95,266,Mycolicibacterium smegmatis (strain ATCC 700084 / mc(2)155) (Mycobacterium smegmatis),921,26628,2.36,0.14,691,4.26,3.6,4.26,3.21,1.49,141314.96,5.52,334,277,20226.63,Enzyme,3O38,1
3o4r_1,A,4,D2,Q9BTZ2,1.7,261,Homo sapiens (Human),1026,33233,2.59,0.15,709,4.08,3.46,4.08,3.06,1.3,151100.14,5.52,392,271,22497.46,Enzyme,3O4R,1
3o7m_1,A,4,D2,Q81KC7,1.98,186,Bacillus anthracis str. 'Ames Ancestor,1007,1506,2.25,0.18,499,4.17,3.5,4.17,3.05,1.92,109093.59,4.81,246,222,19376.47,Other,3O7M,1
3o94_1,A,4,D2,Q97PM2,1.6,211,Streptococcus pneumoniae TIGR4,825,511,2.74,0.16,526,4.13,3.56,4.13,3.13,1.37,123422.07,4.6,338,235,19397.24,Other,3O94,1
3o9z_1,A,4,D2,Q72KX8,1.449,312,Thermus thermophilus (strain ATCC BAA-163 / DSM 7039 / HB27),820,96,2.97,0.17,905,4.18,3.56,4.18,3.19,1.03,204665.07,5.6,608,422,33946.12,Binding,3O9Z,1
3oa2_1,A,4,D2,P72133,1.5,318,Pseudomonas aeruginosa,766,91,2.99,0.17,881,4.01,3.43,4.01,3.11,0.78,199025.66,5.01,595,404,34828.73,Other,3OA2,1
3obb_1,A,4,D2,Q9I5I6,2.2,300,Pseudomonas aeruginosa (strain ATCC 15692 / DSM 22644 / CIP 104116 / JCM 14847 / LMG 12228 / 1C / PRS 101 / PAO1),1015,3541,2.73,0.19,812,4.15,3.51,4.15,3.06,1.11,161028.81,5.25,440,372,30483.68,Enzyme,3OBB,1
3obi_1,A,4,D2,Q6N2L8,1.95,288,Rhodopseudomonas palustris (strain ATCC BAA-98 / CGA009),554,229,2.22,0.16,719,4.09,3.44,4.09,3.03,1.55,186139.82,7.6,413,359,30694.12,Enzyme,3OBI,1
3oce_1,A,4,D2,Q2YLW1,2.58,474,Brucella abortus (strain 2308),1026,495,2.8,0.13,1414,4.52,3.96,4.52,3.57,1.36,264153.36,10.27,739,438,34544.46,Enzyme,3OCE,1
3ocf_1,A,4,D2,Q2YLW1,2.1,478,Brucella abortus (strain 2308),979,485,2.8,0.14,1297,4.46,3.92,4.46,3.56,1.27,248570.22,9.45,696,452,34633.65,Enzyme,3OCF,1
3ocr_1,A,4,C4,Q48HR6,1.95,273,Pseudomonas savastanoi pv. phaseolicola (strain 1448A / Race 6) (Pseudomonas syringae pv. phaseolicola (strain 1448A / Race 6)),612,501,2.89,0.16,724,4.06,3.44,4.06,2.95,0.91,146722.52,5.26,424,284,22803.71,Binding,3OCR,1
3oec_1,A,4,D2,E1C9L4,1.95,317,Mycolicibacterium thermoresistibile,1040,24916,3.08,0.13,794,4.26,3.61,4.26,3.25,0.97,163215.49,5.06,502,262,20931.79,Other,3OEC,1
3ohp_1,A,4,D2,Q9KUD7,2.04,177,Vibrio cholerae serotype O1 (strain ATCC 39315 / El Tor Inaba N16961),1015,1629,2.47,0.17,452,4.09,3.3,4.09,2.92,1.76,103079.98,4.62,255,205,17281.41,Enzyme,3OHP,1
3oic_1,A,4,D2,P71079,2.2,258,Bacillus subtilis (strain 168),990,29525,2.63,0.16,694,4.2,3.53,4.20,3.09,1.56,143653.38,5.43,378,264,23305.84,Enzyme,3OIC,1
3oid_1,A,4,D2,P71079,1.8,258,Bacillus subtilis (strain 168),992,29525,2.5,0.15,731,4.29,3.67,4.29,3.23,1.58,153592.57,4.75,384,268,23053.63,Enzyme,3OID,1
3oig_1,A,4,D2,P54616,1.25,266,Bacillus subtilis (strain 168),1037,9648,2.63,0.15,740,4.14,3.36,4.14,2.91,1.77,151882.81,5.15,400,260,22432.26,Enzyme,3OIG,1
3oj6_1,A,4,D2,P0CI02,1.7,158,Coccidioides immitis,752,101,1.98,0.14,341,4.1,3.35,4.10,2.93,2.08,77164.26,4.86,153,139,10680.46,Other,3OJ6,1
3ond_1,A,4,D2,Q9SP37,1.17,488,Lupinus luteus (European yellow lupine),714,287,3.1,0.14,1514,4.31,3.65,4.31,3.19,0.83,304872.42,6.83,946,512,42611,Enzyme,3OND,1
3op4_1,A,4,D2,C3NP04,1.6,248,Vibrio cholerae O1 biovar El Tor str. N16961,1078,38572,2.32,0.17,702,4.13,3.59,4.13,3.13,1.32,143741.01,5.21,334,294,24337.69,Other,3OP4,1
3oq8_1,A,4,D2,Q2YQA0,2.25,433,Brucella abortus (strain 2308),796,131,2.41,0.09,1215,4.46,3.8,4.46,3.39,0.68,258771.65,8.31,624,282,22996.65,Enzyme,3OQ8,1
3osu_1,A,4,D2,P0A0H9,1.9,246,Staphylococcus aureus (strain Mu50 / ATCC 700699),1011,38226,2.47,0.16,664,4.15,3.53,4.15,3.04,1.44,139199.19,4.82,344,272,22542.54,Enzyme,3OSU,1
3otd_1,A,4,D2,Q9NWX6,2.28,269,Homo sapiens (Human),485,257,2.36,0.20,680,3.88,3.33,3.88,2.93,0.71,150923.14,6.09,356,342,29706.85,Enzyme,3OTD,1
3oug_1,A,4,C4,Q5NF56,1.55,114,Francisella tularensis subsp. tularensis (strain SCHU S4 / Schu 4),478,264,1.7,0.15,278,3.93,3.22,3.93,2.76,2.06,67821.4,4.87,115,104,9898.63,Enzyme,3OUG,1
3ozf_1,A,4,D2,P20035,1.944,250,Plasmodium falciparum (isolate FCR-3 / Gambia),1036,157,2.65,0.17,594,4.05,3.44,4.05,3,1.67,146661.93,5.75,389,283,24676.82,Enzyme,3OZF,1
3p19_1,A,4,D2,Q9F172,2.05,266,Vibrio vulnificus,918,12551,2.68,0.14,623,4.26,3.66,4.26,3.28,1.43,140115.44,5,376,233,19437.56,Other,3P19,1
3p4t_1,A,4,D2,A0R3J1,1.7,403,Mycolicibacterium smegmatis (strain ATCC 700084 / mc(2)155) (Mycobacterium smegmatis),914,5907,3.28,0.15,1128,4.27,3.61,4.27,3.2,0.9,225316.11,6.08,738,442,32824.71,Enzyme,3P4T,1
3p7m_1,A,4,D2,Q8G942,2.2,321,Francisella tularensis subsp. tularensis,888,1016,2.75,0.16,891,4.16,3.52,4.16,3.12,1.68,182843.6,6.1,502,372,28986.18,Enzyme,3P7M,1
3pdu_2,E,4,D2,Q74DE4,1.89,287,Geobacter sulfurreducens (strain ATCC 51573 / DSM 12127 / PCA),956,3892,3.14,0.16,916,4.27,3.64,4.27,3.19,1.09,159279.27,5.3,500,336,26040.6,Enzyme,3PDU,2
3pef_1,A,4,D2,Q39R98,2.07,287,Geobacter metallireducens (strain ATCC 53774 / DSM 7210 / GS-15),959,3849,3.02,0.16,900,4.38,3.82,4.38,3.43,1.1,167928.78,5.21,507,344,27594.63,Enzyme,3PEF,1
3pfd_1,A,4,D2,G7CNE7,2.1,393,Mycolicibacterium thermoresistibile,887,7995,3.39,0.15,1092,4.3,3.75,4.30,3.34,0.85,215152.49,5.94,729,416,31544.71,Other,3PFD,1
3pfn_1,A,4,D2,O95544,2.7,365,Homo sapiens (Human),875,622,2.84,0.17,683,3.83,3.12,3.83,2.63,1.35,171276.78,7.46,486,379,28995.44,Enzyme,3PFN,1
3pgx_1,A,4,D2,Q73SC8,1.85,280,Mycolicibacterium paratuberculosis (strain ATCC BAA-968 / K-10) (Mycobacterium paratuberculosis),1014,23161,2.94,0.12,779,4.23,3.63,4.23,3.24,0.99,165029.27,4.86,485,270,20284.34,Enzyme,3PGX,1
3pib_1,A,4,D2,H3JQU4,1.15,236,Entacmaea quadricolor,119,39,1.87,0.10,595,3.94,3.19,3.94,3.22,0.79,198688.4,5.21,372,243,20744.57,Other,3PIB,1
3pk0_1,A,4,D2,A0QQJ6,1.75,262,Mycolicibacterium smegmatis (strain ATCC 700084 / mc(2)155) (Mycobacterium smegmatis),952,33362,2.59,0.15,762,4.15,3.52,4.15,3.08,1.36,142150.8,5.4,368,282,20901.22,Enzyme,3PK0,1
3pl8_1,A,4,D2,Q7ZA32,1.35,623,Trametes ochracea (White-rot fungus) (Trametes multicolor),330,100,3.39,0.16,1416,4.04,3.24,4.04,2.78,0.31,345287.04,6.25,1172,692,55518.91,Enzyme,3PL8,1
3ppi_1,A,4,D2,A0QDP7,2,281,Mycobacterium avium 104,961,19921,2.57,0.15,743,4.31,3.68,4.31,3.24,1.27,147671.86,5.25,380,279,22597.18,Other,3PPI,1
3pqa_1,A,4,D2,Q58806,1.5,486,Methanocaldococcus jannaschii (strain ATCC 43067 / DSM 2661 / JAL-1 / JCM 10045 / NBRC 100440) (Methanococcus jannaschii),925,6759,3.3,0.15,1321,4.34,3.68,4.34,3.27,1.26,284279.27,6.43,939,525,42860.25,Enzyme,3PQA,1
3pqe_1,A,4,D2,P13714,2.2,326,Bacillus subtilis (strain 168),887,1027,2.84,0.17,904,4.25,3.56,4.25,3.11,1.74,182002.67,6.78,516,391,31044.29,Enzyme,3PQE,1
3prl_1,A,4,D2,Q9KAQ0,2,505,Halalkalibacterium halodurans (strain ATCC BAA-125 / DSM 18197 / FERM 7344 / JCM 9153 / C-125) (Bacillus halodurans),963,6013,3.54,0.15,1330,4.43,3.86,4.43,3.44,1.14,274905.92,6.02,972,535,40955.36,Enzyme,3PRL,1
3pvj_1,A,4,D2,Q88RA3,1.85,277,Pseudomonas putida (strain ATCC 47054 / DSM 6125 / CFBP 8728 / NCIMB 11950 / KT2440),1069,1940,1.99,0.13,709,4.03,3.39,4.03,3.39,0.83,244327.58,5.76,487,399,30923.47,Enzyme,3PVJ,1
3pvs_1,A,4,C4,C5W2B1,2.35,447,Escherichia coli,227,653,2.25,0.17,1148,4.16,3.62,4.16,3.29,1.22,249944.21,10.35,562,502,43738.34,Other,3PVS,1
3pym_1,A,4,D2,P00359,2,332,Saccharomyces cerevisiae (strain ATCC 204508 / S288c) (Baker's yeast),932,827,3.04,0.16,940,4.14,3.41,4.14,2.91,1.1,195875.29,6.39,595,368,30626.34,Enzyme,3PYM,1
3qe3_1,A,4,D2,P07846,1.9,355,Ovis aries (Sheep),1053,7725,3.34,0.17,972,4.1,3.34,4.10,2.85,1.21,200249.96,5.53,668,420,33650.45,Enzyme,3QE3,1
3qhx_1,A,4,D2,A0PKT3,1.65,392,Mycobacterium ulcerans (strain Agy99),838,1965,3.05,0.12,1008,4.25,3.61,4.25,3.13,0.92,226026.44,6.56,689,368,27623.7,Enzyme,3QHX,1
3qiv_1,A,4,D2,Q743I2,2.25,253,Mycolicibacterium paratuberculosis (strain ATCC BAA-968 / K-10) (Mycobacterium paratuberculosis),341,35106,3.2,0.20,606,3.92,3.37,3.92,3.06,1.33,106905.43,5.6,342,260,21000.81,Enzyme,3QIV,1
3qtg_1,A,4,D2,Q8ZYE0,2.2,461,Pyrobaculum aerophilum (strain ATCC 51768 / DSM 7523 / JCM 9630 / CIP 104966 / NBRC 100827 / IM2),885,1429,3.41,0.21,1190,4.08,3.44,4.08,2.96,1.35,251830.34,5.82,860,644,51674.92,Enzyme,3QTG,1
3qv1_2,E,4,C2,P25856,2,337,Arabidopsis thaliana (Mouse-ear cress),927,797,3.17,0.15,926,4.35,3.66,4.35,3.19,1.21,197900.55,6.76,628,352,30271.04,Enzyme,3QV1,2
3qva_1,A,4,D2,A6T926,1.755,116,Klebsiella pneumoniae subsp. pneumoniae (strain ATCC 700721 / MGH 78578),221,704,2.05,0.19,249,3.88,3.09,3.88,2.63,1.29,62527.95,3.6,128,152,11710.06,Enzyme,3QVA,1
3qvs_1,A,4,D2,O28480,1.69,392,Archaeoglobus fulgidus (strain ATCC 49558 / DSM 4304 / JCM 9628 / NBRC 100126 / VC-16),665,90,3.14,0.15,1164,4.3,3.57,4.30,3.11,0.76,235367.94,6.45,740,460,34687.48,Binding,3QVS,1
3qw4_1,B,4,C2,E9BCQ9,2.99,453,Leishmania donovani,949,40,3.19,0.18,1158,4.13,3.46,4.13,3.02,1.65,244702.85,8.51,780,564,44402.06,Other,3QW4,1
3qy1_1,A,4,D2,Q8ZRS0,1.54,223,Salmonella typhimurium (strain LT2 / SGSC1412 / ATCC 700720),635,816,1.99,0.14,680,4.14,3.53,4.14,3.1,1.45,133744.23,5.59,266,208,18566.31,Enzyme,3QY1,1
3qy3_1,A,4,D2,Q9I042,1.75,158,Pseudomonas aeruginosa (strain ATCC 15692 / DSM 22644 / CIP 104116 / JCM 14847 / LMG 12228 / 1C / PRS 101 / PAO1),868,525,2.21,0.18,336,3.69,3.02,3.69,2.53,1.57,78001.58,4.4,172,172,14363.16,Enzyme,3QY3,1
3qy9_1,A,4,D2,Q5HG24,1.8,243,Staphylococcus aureus (strain COL),1120,842,2.47,0.18,596,4.18,3.57,4.18,3.19,1.67,152129.67,4.78,375,320,27808.94,Enzyme,3QY9,1
3r1i_1,A,4,D2,B2HE09,1.95,276,Mycobacterium marinum (strain ATCC BAA-535 / M),965,29768,2.72,0.13,736,4.21,3.58,4.21,3.18,1.1,141091,5.21,384,238,18572.51,Enzyme,3R1I,1
3r1j_1,A,4,D2,A0QKQ0,2.05,301,Mycobacterium avium 104,778,1704,3.23,0.17,612,3.94,3.27,3.94,2.75,0.5,147477.54,5.75,476,316,25306.46,Other,3R1J,1
3r2g_2,A,4,C4,Q5ZRN7,1.94,361,Legionella pneumophila subsp. pneumophila (strain Philadelphia 1 / ATCC 33152 / DSM 7513),449,390,3.16,0.18,832,4.06,3.33,4.06,2.83,1.37,182169.04,7.31,576,400,32862.2,Enzyme,3R2G,2
3r2n_1,A,4,D2,B8ZST1,2.3,138,Mycobacterium leprae Br4923,630,1167,2.52,0.16,354,4.03,3.45,4.03,3.09,1.36,66994.73,4.37,169,138,10810.41,Other,3R2N,1
3r31_2,A,4,D2,Q8UH56,2.148,517,Agrobacterium fabrum (strain C58 / ATCC 33970) (Agrobacterium tumefaciens (strain C58)),984,6040,3.72,0.16,1278,4.28,3.57,4.28,3.15,0.88,269008.03,6.63,1000,540,42817.64,Enzyme,3R31,2
3r3s_1,A,4,D2,Q8ZM09,1.25,294,Salmonella typhimurium (strain LT2 / SGSC1412 / ATCC 700720),1036,24567,2.72,0.10,811,4.35,3.74,4.35,3.2,0.83,195553.93,5.79,531,259,19949.37,Enzyme,3R3S,1
3r4t_2,A,4,D2,B2HN70,2.5,467,Mycobacterium marinum (strain ATCC BAA-535 / M),1042,3964,3.19,0.13,1224,4.39,3.54,4.39,2.97,1.2,246767.98,6.68,788,424,32413.42,Enzyme,3R4T,2
3r64_1,A,4,D2,Q6M2H6,2.56,508,Corynebacterium glutamicum ATCC 13032,928,6487,3.91,0.16,1205,4.36,3.72,4.36,3.3,1.08,252660.47,7.88,987,552,40379.84,Other,3R64,1
3r6q_1,A,4,D2,Q9LCC6,2.4,468,Bacillus sp,972,554,2.71,0.13,1358,4.53,4.02,4.53,3.66,1.22,272650.72,10.36,739,423,35263.55,Enzyme,3R6Q,1
3r6y_2,E,4,D2,Q9LCC6,3,401,Bacillus sp,658,600,2.93,0.13,1119,4.6,4.07,4.60,3.71,1.12,223289.92,8.33,654,341,28776.77,Enzyme,3R6Y,2
3r7k_1,A,4,D2,B1MPB5,2.5,403,Mycobacteroides abscessus (strain ATCC 19977 / DSM 44196 / CCUG 20993 / CIP 104536 / JCM 13569 / NCTC 13031 / TMC 1543 / L948) (Mycobacterium abscessus),911,6282,3.4,0.16,1134,4.31,3.69,4.31,3.32,1.06,209454.5,5.85,712,473,34049.74,Enzyme,3R7K,1
3r87_1,A,4,D2,Q93CG9,1.05,135,Photobacterium profundum,665,658,2.19,0.17,364,3.78,3.02,3.78,2.51,1.22,82090.76,4.74,180,164,14307.6,Enzyme,3R87,1
3r9z_1,A,4,C4,D9J034,1.755,178,Solanum tuberosum (Potato),36,114,2.08,0.21,416,3.69,2.95,3.69,2.36,1.17,94242.17,5.39,196,208,19792.72,Regulatory,3R9Z,1
3rd8_1,A,4,D2,A0R2U8,2.2,489,Mycolicibacterium smegmatis (strain ATCC 700084 / mc(2)155) (Mycobacterium smegmatis),1010,478,2.77,0.13,1428,4.27,3.67,4.27,3.22,1.38,249963.33,9.68,692,424,33541.76,Enzyme,3RD8,1
3rhf_2,A,4,D2,A1R8G0,2.45,289,Paenarthrobacter aurescens (strain TC1),698,338,2.6,0.17,818,4.14,3.61,4.14,3.24,0.68,173590.04,8.57,452,387,28982.84,Enzyme,3RHF,2
3ri6_1,A,4,D2,Q7M9C8,2.2,430,Wolinella succinogenes (strain ATCC 29543 / DSM 1740 / CCUG 13145 / JCM 31913 / LMG 7466 / NCTC 11488 / FDC 602W) (Vibrio succinogenes),551,1860,3.43,0.17,926,4.02,3.37,4.02,2.89,1.45,196237.1,5.83,674,412,33772.23,Enzyme,3RI6,1
3rih_1,A,4,D2,B1MJ88,2.15,293,Mycobacteroides abscessus (strain ATCC 19977 / DSM 44196 / CCUG 20993 / CIP 104536 / JCM 13569 / NCTC 13031 / TMC 1543 / L948) (Mycobacterium abscessus),981,27572,2.31,0.14,728,4.23,3.57,4.23,3.15,1.38,150325.24,5.49,347,285,21750.33,Enzyme,3RIH,1
3rkr_2,B,4,D2,B2BKB1,2.42,262,uncultured bacterium Bio5,876,21863,2.62,0.15,612,4.16,3.41,4.16,2.91,1.86,122873.33,5.45,322,246,18790.36,Enzyme,3RKR,2
3rku_1,A,4,D2,Q05016,2.36,287,Saccharomyces cerevisiae (strain ATCC 204508 / S288c) (Baker's yeast),967,11597,2.66,0.14,779,4.11,3.42,4.11,2.99,1.52,165030.19,5.09,439,287,23543.07,Enzyme,3RKU,1
3ro0_1,A,4,D2,P46107,1.5,223,Bacillus amyloliquefaciens (Bacillus velezensis),1004,618,2.97,0.17,546,4.19,3.52,4.19,3.01,1.2,134066.63,4.5,398,271,22234.19,Enzyme,3RO0,1
3roj_1,A,4,D2,P73922,2.3,379,Synechocystis sp. (strain ATCC 27184 / PCC 6803 / Kazusa),776,147,3.09,0.15,978,4.29,3.55,4.29,3.07,1.53,206606.68,6.35,638,383,31707.71,Enzyme,3ROJ,1
3rpz_1,A,4,C4,P94368,1.51,279,Bacillus subtilis (strain 168),257,3574,3.31,0.15,708,4.21,3.48,4.21,3.05,1.37,162135.91,4.93,536,296,25028.08,Enzyme,3RPZ,1
3rrp_1,A,4,D2,B1MKP6,2.3,471,Mycobacteroides abscessus (strain ATCC 19977 / DSM 44196 / CCUG 20993 / CIP 104536 / JCM 13569 / NCTC 13031 / TMC 1543 / L948) (Mycobacterium abscessus),1017,492,2.66,0.14,1414,4.42,3.83,4.42,3.46,1.57,259476.95,9.83,690,472,36696.62,Enzyme,3RRP,1
3rwb_1,A,4,D2,Q988B7,1.699,247,Mesorhizobium japonicum (strain LMG 29417 / CECT 9101 / MAFF 303099) (Mesorhizobium loti (strain MAFF 303099)),1012,35543,2.58,0.12,771,4.23,3.61,4.23,3.17,1.13,150973.26,5.23,390,245,18413.86,Enzyme,3RWB,1
3rxz_1,A,4,C4,A0R0G0,2.01,300,Mycolicibacterium smegmatis (strain ATCC 700084 / mc(2)155) (Mycobacterium smegmatis),685,655,3,0.14,719,4.38,3.78,4.38,3.38,0.93,171906.75,5.67,515,290,23418.02,Enzyme,3RXZ,1
3s06_1,A,4,D2,P56427,1.8,166,Helicobacter pylori (strain ATCC 700392 / 26695) (Campylobacter pylori),41,730,1.78,0.18,486,4.1,3.46,4.10,3.07,0.81,97855.92,6.95,174,196,17489.61,Binding,3S06,1
3s1l_1,A,4,D2,Q46UZ9,1.72,340,Cupriavidus pinatubonensis (strain JMP 134 / LMG 1197) (Cupriavidus necator (strain JMP 134)),1033,9561,3.26,0.15,921,4.19,3.46,4.19,2.97,1.4,201089.41,5.66,655,398,31091.22,Enzyme,3S1L,1
3s28_2,E,4,D2,P49040,2.8,816,Arabidopsis thaliana (Mouse-ear cress),721,46,3.93,0.18,2142,4.35,3.71,4.35,3.31,0.62,477879.82,7.21,1878,996,85735.41,Enzyme,3S28,2
3s2s_1,A,4,D2,Q8DSG2,1.6,217,Streptococcus mutans serotype c (strain ATCC 700610 / UA159),752,720,2.83,0.15,524,4.12,3.55,4.12,3.11,1.26,114570.24,5.07,324,206,17457.67,Enzyme,3S2S,1
3s2y_1,A,4,D2,D5QFC5,2.244,199,Novacetimonas hansenii ATCC 23769,1065,686,2.8,0.17,476,3.98,3.36,3.98,3,1.75,105683.14,5.05,296,220,17763.08,Enzyme,3S2Y,1
3s3t_1,A,4,D2,Q88XN4,1.9,146,Lactiplantibacillus plantarum,726,4695,1.84,0.16,382,3.82,3.36,3.82,3,1.87,91155.7,5.71,168,184,14390.83,Other,3S3T,1
3s4k_2,A,4,D2,P95162,1.7,144,Mycobacterium tuberculosis,746,590,2.05,0.17,358,3.81,3.01,3.81,2.53,1.55,73297.57,4.93,150,142,12389.49,Other,3S4K,2
3s4t_1,A,4,D2,Q12BV1,1.9,348,Polaromonas sp. (strain JS666 / ATCC BAA-500),1011,1570,2.68,0.14,908,4.28,3.65,4.28,3.25,0.68,211153.14,6.26,565,326,28624.68,Enzyme,3S4T,1
3s55_1,A,4,D2,B1MLR7,2.1,281,Mycobacteroides abscessus (strain ATCC 19977 / DSM 44196 / CCUG 20993 / CIP 104536 / JCM 13569 / NCTC 13031 / TMC 1543 / L948) (Mycobacterium abscessus),1054,27162,3.1,0.14,761,4.35,3.64,4.35,3.25,0.97,157559.85,4.84,488,287,22380.61,Enzyme,3S55,1
3s5o_1,A,4,D2,Q86XE5,1.97,307,Homo sapiens (Human),1100,2519,3.22,0.15,872,4.26,3.58,4.26,3.13,1.26,170334.56,5.08,548,344,26315.98,Enzyme,3S5O,1
3s5p_3,A,4,D2,A8B2K2,2.3,166,Giardia intestinalis (strain ATCC 50803 / WB clone C6) (Giardia lamblia),658,1047,2.72,0.21,356,3.9,3.27,3.90,2.86,1.29,68458.37,3.78,186,186,14673.4,Enzyme,3S5P,3
3s6g_1,A,4,D2,Q0ASS9,2.66,460,Maricaulis maris (strain MCS10) (Caulobacter maris),793,161,2.99,0.22,1073,4.35,3.75,4.35,3.32,1.44,246836.44,10.73,738,666,54480.91,Enzyme,3S6G,1
3s6k_1,A,4,D2,Q4UVI7,2.8,467,Xanthomonas campestris pv. campestris str. 8004,809,174,3.04,0.22,856,3.61,2.75,3.61,2.28,1.19,253662.34,10.5,772,656,55012.4,Other,3S6K,1
3s6o_1,A,4,C4,Q3JR78,1.75,321,Burkholderia pseudomallei (strain 1710b),579,448,2.67,0.11,804,4.35,3.7,4.35,3.29,0.8,196861.62,5.7,526,267,22057.61,Enzyme,3S6O,1
3s82_2,A,4,D2,A0QI26,1.73,407,Mycobacterium avium (strain 104),978,350,3.2,0.14,1026,4.05,3.34,4.05,2.91,0.75,222019.75,7,710,408,31610.69,Enzyme,3S82,2
3se5_1,A,4,D2,Q7DDR9,1.7,164,Neisseria meningitidis serogroup B (strain ATCC BAA-335 / MC58),202,82,2.47,0.21,433,3.91,3.48,3.91,3.15,0.96,104255.54,4.44,257,239,21673.13,Enzyme,3SE5,1
3sf6_1,A,4,D2,A0QV68,1.7,403,Mycolicibacterium smegmatis (strain ATCC 700084 / mc(2)155) (Mycobacterium smegmatis),942,3602,3.27,0.13,1160,4.26,3.57,4.26,3.11,1.16,221607.86,6.13,724,404,29237.29,Enzyme,3SF6,1
3sfw_1,A,4,D2,Q846U5,1.73,461,Brevibacillus agri,955,2454,3.86,0.13,1296,4.34,3.58,4.34,3.12,0.73,281451.18,7.29,1086,452,37371.69,Enzyme,3SFW,1
3sg1_5,A,4,D2,Q81K13,2.6,458,Bacillus anthracis,1158,808,3.68,0.15,1158,4.45,3.66,4.45,3.22,1.4,242623.44,6.26,893,460,36606.15,Enzyme,3SG1,5
3sgw_2,A,4,D2,P0CL19,1.7,184,Coccidioides immitis (strain RS) (Valley fever fungus),911,470,2.51,0.12,460,4.08,3.44,4.08,2.97,1.59,90746.86,5.3,228,152,11229.27,Enzyme,3SGW,2
3si9_1,A,4,D2,Q6G468,2.1,315,Bartonella henselae (strain ATCC 49882 / DSM 28221 / CCUG 30454 / Houston 1) (Rochalimaea henselae),1165,2856,3.39,0.15,880,4.22,3.66,4.22,3.31,1.56,170328.98,5,578,323,24948.13,Enzyme,3SI9,1
3sju_1,A,4,D2,Q67G28,2.39,279,Streptomyces griseoruber,853,27587,2.97,0.17,730,4.2,3.57,4.20,3.12,1.39,139417.23,5.47,414,304,23514,Enzyme,3SJU,1
3so4_1,A,4,D2,C4M272,3.18,415,Entamoeba histolytica (strain ATCC 30459 / HM-1:IMSS / ABRM),954,327,3.38,0.15,961,4.14,3.38,4.14,2.95,0.72,214142.29,6.69,723,400,33169.73,Enzyme,3SO4,1
3sr7_1,A,4,C4,Q8DUI9,2.036,365,Streptococcus mutans serotype c (strain ATCC 700610 / UA159),173,426,2.84,0.18,752,4.16,3.47,4.16,3.11,1.61,157477.84,6.36,448,353,28557.67,Enzyme,3SR7,1
3ss6_1,A,4,D2,Q81MK7,1.7,394,Bacillus anthracis str. 'Ames Ancestor,979,1460,3.47,0.15,1138,4.27,3.5,4.27,3.04,1.15,234271.75,7.31,812,404,34252.6,Other,3SS6,1
3sth_3,A,4,D2,Q9BKE2,2.25,361,Toxoplasma gondii,928,768,2.97,0.16,905,4.18,3.44,4.18,2.94,1.22,204817.88,6.2,608,389,32079.05,Enzyme,3STH,3
3svl_1,A,4,D2,P0AGE6,2.2,193,Escherichia coli (strain K12),967,922,3.02,0.18,494,3.95,3.38,3.95,3,1.33,104718.48,4.63,316,224,18362.73,Enzyme,3SVL,1
3svr_5,A,4,D2,Not Found,1.9,233,synthetic construct,110,40,2.58,0.14,589,4.14,3.29,4.14,2.78,0.83,145082.65,5.98,374,251,20024.04,Other,3SVR,5
3svt_1,A,4,D2,A0PUS8,2,281,Mycobacterium ulcerans (strain Agy99),1041,29131,2.8,0.15,788,4.16,3.56,4.16,3.12,1.02,149105.59,5.68,418,308,22394.72,Enzyme,3SVT,1
3swe_2,A,4,D2,P45025,2.2,424,Haemophilus influenzae (strain ATCC 51907 / DSM 11121 / KW20 / Rd),1145,852,3.73,0.15,1160,4.09,3.32,4.09,2.81,1.57,239383.25,6.44,892,496,37057.73,Enzyme,3SWE,2
3swo_1,A,4,D2,A0R6V6,1.45,399,Mycolicibacterium smegmatis (strain ATCC 700084 / mc(2)155) (Mycobacterium smegmatis),936,3186,2.84,0.11,1160,4.4,3.72,4.40,3.27,1.02,253960.46,6.02,720,407,28932.85,Enzyme,3SWO,1
3swt_3,A,4,D2,B2HD26,2.05,302,Mycobacterium marinum (strain ATCC BAA-535 / M),771,1776,3.3,0.17,608,3.95,3.17,3.95,2.74,0.5,146048.65,5.52,482,320,25532.19,Enzyme,3SWT,3
3sx2_1,A,4,D2,Q73W00,1.5,278,Mycolicibacterium paratuberculosis (strain ATCC BAA-968 / K-10) (Mycobacterium paratuberculosis),1042,26425,3.08,0.14,815,4.21,3.55,4.21,3.13,1.29,154846.97,4.8,477,298,22360.42,Enzyme,3SX2,1
3sya_1,A,4,C4,P48542,2.975,340,Mus musculus (Mouse),477,786,1.73,0.14,788,3.66,2.93,3.66,2.45,1.01,189334.78,11.11,328,324,27259.46,Transport,3SYA,1
3szp_1,A,4,C2,Q9KT56,2.2,291,Vibrio cholerae serotype O1 (strain ATCC 39315 / El Tor Inaba N16961),43,14132,2.2,0.19,772,4.24,3.58,4.24,3.17,1.37,177577.44,7.56,390,406,33057.57,Regulatory,3SZP,1
3t05_1,A,4,D2,Q6GG09,3.05,606,Staphylococcus aureus (strain MRSA252),785,146,3.51,0.21,1568,3.93,3.14,3.93,2.68,1.38,327504.28,8.69,1149,839,67523.13,Enzyme,3T05,1
3t4x_1,A,4,D2,Q81MX9,2.8,267,Bacillus anthracis,1080,30259,2.52,0.19,696,4.18,3.53,4.18,3.04,1.11,151681.1,5.59,382,314,28451.84,Other,3T4X,1
3t7c_1,A,4,D2,A0QCJ8,1.95,299,Mycobacterium avium 104,961,24212,2.95,0.14,836,4.24,3.65,4.24,3.25,1.02,164895.76,5.02,487,300,23605.16,Other,3T7C,1
3t8i_1,A,4,D2,Q97WH6,1.8,306,Saccharolobus solfataricus (strain ATCC 35092 / DSM 1617 / JCM 11322 / P2) (Sulfolobus solfataricus),1094,1336,3.46,0.15,911,4.32,3.67,4.32,3.29,0.95,196524.97,5.11,679,336,30046.54,Enzyme,3T8I,1
3t8j_1,A,4,D2,Q97ZS5,1.6,311,Saccharolobus solfataricus (strain ATCC 35092 / DSM 1617 / JCM 11322 / P2) (Sulfolobus solfataricus),1086,1472,3.6,0.16,896,4.21,3.44,4.21,2.98,1.06,187919.3,5.24,676,332,29367.59,Enzyme,3T8J,1
3tde_1,A,4,D2,P77899,1.85,408,Mycobacterium tuberculosis,962,347,3.05,0.14,1031,4.11,3.46,4.11,3.05,0.94,229382.64,6.8,699,403,32046,Other,3TDE,1
3tfo_1,A,4,D2,Q92XI4,2.08,264,Rhizobium meliloti (strain 1021) (Ensifer meliloti) (Sinorhizobium meliloti),690,13260,2.78,0.14,617,4.24,3.6,4.24,3.17,1.48,124898.01,5.05,347,250,17958.76,Enzyme,3TFO,1
3thr_1,A,4,D2,P13255,2,293,Rattus norvegicus (Rat),332,52,2.44,0.18,758,4.05,3.37,4.05,3,1.16,181227.86,7.14,443,394,32940.67,Enzyme,3THR,1
3tl2_1,A,4,D2,Q6HSF4,1.7,315,Bacillus anthracis,964,1108,2.98,0.14,884,4.13,3.49,4.13,2.98,1.44,181406.11,5.98,540,304,24836.18,Enzyme,3TL2,1
3tl3_1,A,4,D2,A0PMN1,1.85,257,Mycobacterium ulcerans (strain Agy99),811,21269,3.16,0.18,708,4.28,3.57,4.28,3.07,1.47,127062.66,4.91,402,278,22563.84,Enzyme,3TL3,1
3tml_2,A,4,D2,B4EDA2,1.9,288,Burkholderia cenocepacia (strain ATCC BAA-245 / DSM 16553 / LMG 16656 / NCTC 13227 / J2315 / CF5610) (Burkholderia cepacia (strain J2315)),707,595,3.29,0.15,716,4.26,3.52,4.26,3.16,1.15,152985.34,5.27,504,295,23163.74,Enzyme,3TML,2
3tmq_1,A,4,D2,Q3JP68,2.05,285,Burkholderia pseudomallei (strain 1710b),781,290,2.98,0.13,691,4.27,3.59,4.27,3.11,1.39,160838.43,5.59,479,276,20246.44,Enzyme,3TMQ,1
3tox_3,D,4,D2,Q92SS3,1.93,280,Rhizobium meliloti (strain 1021) (Ensifer meliloti) (Sinorhizobium meliloti),1062,32379,2.79,0.13,725,4.22,3.63,4.22,3.21,1.12,140807.54,4.92,393,255,18506.17,Enzyme,3TOX,3
3tpc_1,A,4,D2,Q92YS1,2.34,257,Rhizobium meliloti (strain 1021) (Ensifer meliloti) (Sinorhizobium meliloti),649,23572,2.5,0.17,594,4.22,3.57,4.22,3.14,1.53,121351.19,5.24,303,249,20226.27,Enzyme,3TPC,1
3tqy_1,A,4,D2,Q83EP4,2.6,158,Coxiella burnetii (strain RSA 493 / Nine Mile phase I),241,1078,1.4,0.24,286,3.71,3.07,3.71,2.68,1.94,64968.37,5.15,91,165,15713.01,Regulatory,3TQY,1
3trj_1,A,4,D2,Q5NEF5,2.7,201,Francisella tularensis subsp. tularensis (strain SCHU S4 / Schu 4),975,1154,2.26,0.14,596,4.43,3.8,4.43,3.44,2.04,102380.77,6.01,231,170,14107.3,Enzyme,3TRJ,1
3tsc_1,A,4,D2,Q73X99,2.05,277,Mycolicibacterium paratuberculosis (strain ATCC BAA-968 / K-10) (Mycobacterium paratuberculosis),1013,25264,2.95,0.12,801,4.34,3.63,4.34,3.27,0.91,161310.26,5.25,476,258,19822.48,Enzyme,3TSC,1
3tv2_1,A,4,D2,Q3JQ34,2.1,459,Burkholderia pseudomallei (strain 1710b),978,518,2.74,0.13,1350,4.33,3.7,4.33,3.2,1.32,258380.26,9.85,708,452,33564.37,Enzyme,3TV2,1
3tw7_1,A,4,C2,Q2K340,2.75,1165,Rhizobium etli (strain ATCC 51251 / DSM 11541 / JCM 21823 / NBRC 15573 / CFN 42),645,72,3.95,0.19,2441,4.19,3.5,4.19,3.08,0.79,559002.61,12.34,2210,1408,105042.46,Enzyme,3TW7,1
3tzq_1,B,4,D2,B2HKN3,2.5,271,Mycobacterium marinum (strain ATCC BAA-535 / M),1002,29777,2.63,0.14,804,4.3,3.67,4.30,3.38,1.25,145426.84,5.57,382,275,20267.17,Enzyme,3TZQ,1
3u0a_2,A,4,D2,B2HN47,2.5,285,Mycobacterium marinum (strain ATCC BAA-535 / M),357,1110,2.44,0.17,614,4.11,3.32,4.11,2.8,0.95,146636.18,6.43,358,284,24195.01,Enzyme,3U0A,2
3u4j_1,A,4,D2,Q930S8,2,528,Rhizobium meliloti (strain 1021) (Ensifer meliloti) (Sinorhizobium meliloti),999,5434,3.41,0.14,1312,4.39,3.68,4.39,3.23,0.99,290415.07,8.65,990,500,40367.61,Enzyme,3U4J,1
3u5t_3,B,4,D2,Q92W70,2.4,267,Rhizobium meliloti (strain 1021) (Ensifer meliloti) (Sinorhizobium meliloti),1019,32153,2.71,0.17,658,4.16,3.47,4.16,2.98,1.2,124160.99,5.24,336,246,20849.92,Enzyme,3U5T,3
3u66_3,A,4,D2,D3GU40,2.63,183,Escherichia coli O44:H18 (strain 042 / EAEC),45,120,2.4,0.19,412,3.64,3.24,3.64,2.84,1.19,96775.54,5.81,232,208,18721.89,Other,3U66,3
3u7r_2,A,4,D2,A1B9E3,1.4,190,Paracoccus denitrificans (strain Pd 1222),998,1186,2.44,0.17,486,3.98,3.32,3.98,2.89,1.49,114684.85,4.8,280,216,19204.44,Enzyme,3U7R,2
3u7v_1,A,4,C4,B8H1H2,1.8,552,Caulobacter vibrioides NA1000,344,169,3.34,0.18,1252,4.12,3.4,4.12,2.78,0.82,306337.88,7.51,1024,724,55296.48,Other,3U7V,1
3uao_2,C,4,D2,Q7TTE5,2.399,236,Bordetella bronchiseptica,935,245,2.49,0.10,557,4.44,3.78,4.44,3.36,1.8,115414.88,5.6,287,157,11755.66,Other,3UAO,2
3uce_1,A,4,D2,Q7MBY8,1.798,223,Vibrio vulnificus (strain YJ016),765,9378,1.75,0.11,603,4.06,3.42,4.06,3.52,1.01,184865.81,4.43,323,246,20621.46,Enzyme,3UCE,1
3ucj_1,A,4,D2,Q96554,1.85,227,Coccomyxa sp. PA,607,989,1.71,0.11,608,4.12,3.49,4.12,3.06,1.81,132407.27,6.48,226,170,14948.51,Enzyme,3UCJ,1
3ucx_1,A,4,D2,A0R4R9,1.85,264,Mycolicibacterium smegmatis (strain ATCC 700084 / mc(2)155) (Mycobacterium smegmatis),1132,25182,2.91,0.17,772,4.02,3.41,4.02,3,1.47,142755.21,4.91,416,332,24268.36,Enzyme,3UCX,1
3uf0_3,A,4,D2,C5BY10,2,273,Beutenbergia cavernae (strain ATCC BAA-8 / DSM 12333 / CCUG 43141 / JCM 11478 / NBRC 16432 / NCIMB 13614 / HKI 0122),1072,29749,2.82,0.15,768,4.14,3.42,4.14,2.98,1.47,136280.8,4.84,384,276,20183.39,Enzyme,3UF0,3
3ujo_1,A,4,D2,B3EWQ9,2,281,Lablab purpureus,165,1025,2.98,0.16,503,4.59,3.82,4.59,3.34,0.89,146922.69,4.89,438,297,23113.74,Other,3UJO,1
3uko_2,A,4,D2,Q96533,1.4,378,Arabidopsis thaliana (Mouse-ear cress),894,4962,3.42,0.17,1140,4.15,3.38,4.15,2.87,1.23,223006.15,5.5,762,470,37066.26,Enzyme,3UKO,2
3ulp_1,A,4,D2,Q8I415,2.1,124,Plasmodium falciparum (isolate 3D7),208,1960,1.27,0.08,258,3.56,2.93,3.56,2.38,1.29,89287.13,5.56,113,76,6698.66,Regulatory,3ULP,1
3un1_1,A,4,D2,Q9EXU6,2.45,260,Rhizobium meliloti (Ensifer meliloti) (Sinorhizobium meliloti),960,24922,2.51,0.16,610,4.31,3.67,4.31,3.22,0.85,133274.82,4.86,335,253,21211.33,Enzyme,3UN1,1
3uog_1,A,4,D2,Q92MZ8,2.2,363,Rhizobium meliloti (strain 1021) (Ensifer meliloti) (Sinorhizobium meliloti),1020,6743,3.3,0.16,868,4.2,3.44,4.20,2.92,1.22,193222.8,5.66,638,388,31506.34,Enzyme,3UOG,1
3usb_1,A,4,C4,Q81W29,2.38,511,Bacillus anthracis str. Ames,696,332,3.01,0.22,1064,3.95,3.17,3.95,2.67,1.38,252251.44,6.09,760,628,56241.36,Other,3USB,1
3usb_2,B,4,C4,Q81W29,2.38,511,Bacillus anthracis str. Ames,696,332,2.79,0.25,952,3.79,3.05,3.79,2.56,1.4,226310.24,6.24,632,600,56243.24,Other,3USB,2
3usu_1,A,4,D2,H2L2M6,2.44,256,Butea monosperma,152,1241,3.16,0.15,602,4.21,3.35,4.21,2.92,1.12,146606.46,4.76,463,292,21754.99,Other,3USU,1
3usu_1,A,4,D2,H2L2M6,2.44,242,Butea monosperma,152,1241,3.16,0.15,602,4.21,3.35,4.21,2.92,1.12,146606.46,4.76,463,292,21754.99,Other,3USU,1
3uuw_1,A,4,D2,Q180U8,1.63,308,Clostridioides difficile (strain 630) (Peptoclostridium difficile),917,1238,2.68,0.16,945,4.19,3.52,4.19,3.1,1.52,198938.45,6.27,533,375,30861.77,Enzyme,3UUW,1
3uve_1,A,4,D2,A0QB72,1.55,286,Mycobacterium avium 104,972,23824,2.9,0.14,823,4.18,3.51,4.18,3.11,0.8,172384.06,5.16,500,306,23532.96,Other,3UVE,1
3uxi_1,A,4,D2,Q9KCL9,2.73,424,Halalkalibacterium halodurans (strain ATCC BAA-125 / DSM 18197 / FERM 7344 / JCM 9153 / C-125) (Bacillus halodurans),296,26,2.92,0.14,1132,4.41,3.79,4.41,3.39,0.95,249012.38,7.43,726,408,35268.41,Enzyme,3UXI,1
3uxy_1,A,4,D2,Q3IVH6,2.1,266,Cereibacter sphaeroides (strain ATCC 17023 / DSM 158 / JCM 6121 / CCUG 31486 / LMG 2827 / NBRC 12203 / NCIMB 8253 / ATH 2.4.1.) (Rhodobacter sphaeroides),1096,30964,2.81,0.15,659,4.11,3.56,4.11,3.16,1.53,136015.95,5,382,271,20868.47,Enzyme,3UXY,1
3uzd_1,A,4,D2,P61981,1.86,248,Homo sapiens (Human),572,670,2.31,0.19,764,4.12,3.68,4.12,3.35,1.12,140177.95,6.84,324,328,26255.54,Enzyme,3UZD,1
3v1y_1,O,4,D2,Q0J8A4,1.86,337,Oryza sativa subsp. japonica (Rice),926,807,3.04,0.16,923,4.27,3.57,4.27,3.15,1.22,198173.92,6.59,603,386,32622.53,Enzyme,3V1Y,1
3v2g_1,A,4,D2,Q92WA6,2.3,271,Rhizobium meliloti (strain 1021) (Ensifer meliloti) (Sinorhizobium meliloti),1000,31567,2.73,0.16,652,4.06,3.35,4.06,2.87,1.26,134924.13,5.03,368,272,21345.54,Enzyme,3V2G,1
3v2h_1,A,4,D2,O86034,2.9,281,Rhizobium meliloti (strain 1021) (Ensifer meliloti) (Sinorhizobium meliloti),969,27569,2.79,0.16,636,4.18,3.49,4.18,3.09,1.03,126722.42,5.05,354,258,20124.61,Enzyme,3V2H,1
3v5n_1,A,4,D2,Q92LX1,2.8,417,Rhizobium meliloti (strain 1021) (Ensifer meliloti) (Sinorhizobium meliloti),1007,580,2.9,0.17,912,4.26,3.63,4.26,3.27,0.87,203634.06,6.48,591,415,35589.54,Enzyme,3V5N,1
3v8b_1,A,4,D2,Q92U42,2.7,283,Rhizobium meliloti (strain 1021) (Ensifer meliloti) (Sinorhizobium meliloti),1071,28332,2.76,0.13,735,4.35,3.76,4.35,3.37,1.4,142081.34,5.51,392,237,19026.7,Enzyme,3V8B,1
3v9o_1,A,4,C4,Q2T1V0,1.45,143,Burkholderia thailandensis (strain ATCC 700388 / DSM 13276 / CCUG 48851 / CIP 106301 / E264),916,324,1.93,0.15,288,3.93,3.12,3.93,2.62,1.92,72409.05,5.11,140,116,10964.5,Enzyme,3V9O,1
3vcy_5,A,4,D2,B5F9P4,1.92,430,Aliivibrio fischeri (strain MJ11) (Vibrio fischeri),1154,814,3.61,0.14,1150,4.26,3.56,4.26,3.16,1.5,252138.16,6.05,909,466,35338.8,Enzyme,3VCY,5
3vdy_1,A,4,D2,C0SPB6,2.8,116,Bacillus subtilis (strain 168),259,3870,1.47,0.07,248,3.58,2.76,3.58,2.42,0.9,74672.06,4.62,110,64,5380.19,Regulatory,3VDY,1
3vgl_1,A,4,D2,B1VZT1,1.55,321,Streptomyces griseus subsp. griseus (strain JCM 4626 / CBS 651.72 / NBRC 13350 / KCC S-0626 / ISP 5235),689,7392,3.64,0.17,920,4.09,3.37,4.09,2.87,1.24,173463.06,6.09,632,360,29465.2,Enzyme,3VGL,1
3vni_1,A,4,D2,B8I944,1.98,294,Ruminiclostridium cellulolyticum (strain ATCC 35319 / DSM 5812 / JCM 6584 / H10) (Clostridium cellulolyticum),1152,375,3.02,0.16,869,4.24,3.66,4.24,3.3,1.02,188097.1,5.01,568,365,30163.09,Enzyme,3VNI,1
3vov_1,A,4,D2,Q5SLJ4,2.02,302,Thermus thermophilus (strain ATCC 27634 / DSM 579 / HB8),684,7098,3.33,0.18,835,4.33,3.68,4.33,3.23,1.55,168700.21,5.5,562,345,30358.06,Enzyme,3VOV,1
3vpc_1,A,4,D2,Q970U6,1.87,282,Sulfurisphaera tokodaii (strain DSM 16993 / JCM 10545 / NBRC 100140 / 7) (Sulfolobus tokodaii),368,432,2.65,0.15,740,4.3,3.64,4.30,3.22,1.23,180898.67,6.68,479,339,27960.45,Enzyme,3VPC,1
3vpd_1,A,4,D2,O50144,1.95,281,Thermus thermophilus,407,299,2.96,0.17,732,4.09,3.43,4.09,2.94,1.39,165658.13,6.15,490,336,27954.36,Enzyme,3VPD,1
3vpg_1,A,4,D2,P06150,1.8,310,Thermus caldophilus,902,989,3,0.17,906,4.25,3.59,4.25,3.17,1.6,184080.12,6.27,552,383,31695.36,Enzyme,3VPG,1
3vsq_1,A,4,C4,Q8C4T8,2,208,Mus musculus (Mouse),22,563,1.99,0.17,456,3.66,2.86,3.66,2.31,1.52,118774.89,6.56,236,236,20452.32,Transport,3VSQ,1
3vtz_1,A,4,D2,Q97CM7,2.3,269,Thermoplasma volcanium (strain ATCC 51530 / DSM 4299 / JCM 9571 / NBRC 15438 / GSS1),1102,30514,2.43,0.15,751,4.41,3.78,4.41,3.42,1.48,143352.13,6.08,348,246,21308.96,Enzyme,3VTZ,1
3vyl_1,A,4,D2,N0DP12,2.7,297,Rhizobium loti (Mesorhizobium loti),1162,436,3.23,0.15,885,4.42,3.77,4.42,3.48,1.3,170693.84,7.85,552,339,26335.6,Binding,3VYL,1
3w7b_1,A,4,D2,Q5SIP8,2.5,285,Thermus thermophilus (strain ATCC 27634 / DSM 579 / HB8),478,231,2.64,0.19,742,3.91,3.29,3.91,2.91,1.66,173929.17,7.46,460,380,32179.97,Enzyme,3W7B,1
3w8f_1,A,4,D2,D0VWQ0,0.99,260,Alcaligenes faecalis,1094,30844,2.82,0.17,800,4.18,3.5,4.18,3.08,1.25,147589.03,4.72,416,316,25339.64,Enzyme,3W8F,1
3wbz_2,E,4,D2,Q5AFK5,2.39,271,Candida albicans SC5314,601,280,2.23,0.19,699,4.07,3.57,4.07,3.19,0.68,170576.47,6.98,381,364,32778.16,Other,3WBZ,2
3wcs_1,A,4,D2,V5YN37,1.7,254,Phaseolus vulgaris (Kidney bean) (French bean),148,1112,3.11,0.18,606,3.94,3.1,3.94,2.54,1.16,141401.52,4.97,440,310,25272.83,Binding,3WCS,1
3wds_1,A,4,D2,G1K3P5,1.72,263,Agrobacterium tumefaciens,1021,33400,2.79,0.14,781,4.43,3.75,4.43,3.33,1.39,151804.7,5.21,423,274,21213.37,Other,3WDS,1
3we0_1,A,4,D2,B3IVI6,1.9,580,Pseudomonas sp.,474,326,3.65,0.16,1420,4.18,3.44,4.18,2.98,0.96,324188.42,4.76,1182,642,51462.66,Other,3WE0,1
3wgc_1,A,4,D2,O07051,2.5,341,Aeromonas jandaei,843,962,3.25,0.15,904,4.26,3.57,4.26,3.15,1.32,188274.44,6.93,612,373,28852.98,Enzyme,3WGC,1
3wid_1,A,4,D2,Q979W2,2.25,369,Thermoplasma volcanium (strain ATCC 51530 / DSM 4299 / JCM 9571 / NBRC 15438 / GSS1),781,444,3.09,0.16,993,4.23,3.56,4.23,3.11,1.01,221551.07,5.87,685,420,36061.67,Enzyme,3WID,1
3wj1_1,A,4,D2,Q5NU42,1.5,305,Saccharolobus shibatae,949,4003,3.52,0.15,828,4.13,3.44,4.13,2.94,1.28,180838.44,4.97,636,324,26947.09,Enzyme,3WJ1,1
3wj2_1,A,4,D2,Q2PCE5,1.61,308,Ferroplasma acidiphilum,965,1844,3.12,0.16,835,4.34,3.67,4.34,3.25,0.8,190627.39,5.06,595,367,30764.05,Enzyme,3WJ2,1
3wja_1,A,4,D2,P48163,2.548,580,Homo sapiens (Human),944,462,2.58,0.12,1402,4.19,3.53,4.19,3.63,1.21,464411.84,9.37,1198,654,54981.89,Enzyme,3WJA,1
3woh_1,A,4,D2,K9M8L2,2.5,251,Streptomyces sp. A7248,980,38979,3.02,0.16,660,4.06,3.37,4.06,2.99,1.26,126984.1,5.05,384,236,20607.22,Enzyme,3WOH,1
3wsw_1,A,4,D2,A0A2K8TEU5,2.3,322,Enterococcus mundtii,910,1063,2.74,0.15,947,4.35,3.69,4.35,3.28,1.61,191130.89,6.59,523,344,28728.92,Other,3WSW,1
3wtb_1,A,4,D2,Q5FTJ3,2.2,246,Gluconobacter oxydans (strain 621H) (Gluconobacter suboxydans),1009,31445,2.54,0.16,695,4.18,3.45,4.18,3.02,1.24,137266.72,4.87,349,274,22587.27,Enzyme,3WTB,1
3wtc_1,A,4,D2,Q5FPC4,1.65,262,Gluconobacter oxydans (strain 621H) (Gluconobacter suboxydans),1049,31781,2.81,0.16,786,4.37,3.64,4.37,3.21,1.24,146671.36,5.39,412,286,23736.96,Enzyme,3WTC,1
3wye_1,A,4,D2,Q48436,1.578,256,Klebsiella pneumoniae,1034,33454,2.86,0.15,776,4.27,3.56,4.27,3.09,1.53,138395.82,5.03,396,264,21222.05,Enzyme,3WYE,1
3x0x_1,A,4,D2,A0A0C6DRW4,2.11,417,Rhodococcus erythropolis,963,2275,3.36,0.15,1189,4.3,3.74,4.30,3.38,0.72,238648.42,6.32,803,442,35267.31,Other,3X0X,1
3zfh_1,A,4,C4,Q9HXM5,2.25,510,Pseudomonas aeruginosa (strain ATCC 15692 / DSM 22644 / CIP 104116 / JCM 14847 / LMG 12228 / 1C / PRS 101 / PAO1),289,322,3.36,0.18,780,4.18,3.37,4.18,2.88,1.45,162043.88,6.32,544,344,28470.52,Enzyme,3ZFH,1
3zoj_1,A,4,C4,F2QVG4,0.88,279,Komagataella phaffii (strain ATCC 76273 / CBS 7435 / CECT 11047 / NRRL Y-11430 / Wegner 21-1) (Yeast) (Pichia pastoris),545,801,1.84,0.08,840,4.32,3.74,4.32,3.92,0.78,212693.1,7.76,392,196,16365.28,Transport,3ZOJ,1
3zq4_1,A,4,D2,Q45493,3,555,Bacillus subtilis (strain 168),1058,725,3.43,0.18,1411,3.95,3.17,3.95,2.71,1.13,314579.74,10.23,1079,691,57116.65,Enzyme,3ZQ4,1
3zrq_1,A,4,D2,Q97VM5,1.8,384,Saccharolobus solfataricus (strain ATCC 35092 / DSM 1617 / JCM 11322 / P2) (Sulfolobus solfataricus),999,1064,3.39,0.15,1120,4.25,3.49,4.25,3.02,1.34,227502.1,7.66,772,390,33065.45,Enzyme,3ZRQ,1
3zv4_1,A,4,D2,Q46381,1.58,281,Comamonas testosteroni (Pseudomonas testosteroni),797,19946,2.56,0.13,750,4.39,3.78,4.39,3.32,1.23,153018.51,6.45,392,226,19244.81,Enzyme,3ZV4,1
3zwq_1,A,4,D2,A3MVR4,2,313,Pyrobaculum calidifontis (strain DSM 21063 / JCM 11548 / VA1),868,3722,3.72,0.16,896,4.17,3.6,4.17,3.15,0.95,182063.26,4.8,678,338,29262.52,Enzyme,3ZWQ,1
3zxh_1,A,4,D2,P45452,1.3,171,Homo sapiens (Human),27,2381,1.62,0.12,394,3.81,3.18,3.81,3.25,1.09,142116.01,5.81,230,210,17608.65,Enzyme,3ZXH,1
3zzh_1,A,4,D2,Q01217,2.1,307,Saccharomyces cerevisiae (strain ATCC 204508 / S288c) (Baker's yeast),692,524,2.98,0.18,829,4.49,3.83,4.49,3.37,1.39,178829.41,7.09,533,401,32619.55,Enzyme,3ZZH,1
4a0s_1,A,4,D2,F0V3Z3,1.9,447,Streptomyces cinnabarigriseus,1050,3235,3.26,0.13,1295,4.47,3.82,4.47,3.47,1.01,284797.33,6.29,929,480,36677.12,Enzyme,4A0S,1
4a10_1,A,4,D2,F0V3Z3,2.1,447,Streptomyces cinnabarigriseus,957,3235,3.41,0.15,1139,4.27,3.61,4.27,3.17,0.91,255525.56,6.97,872,499,39456.09,Enzyme,4A10,1
4a3s_2,B,4,D2,O34529,2.3,319,Bacillus subtilis (strain 168),684,1013,3.21,0.15,909,4.13,3.38,4.13,2.92,1.41,181526.31,6.9,582,324,27355.9,Enzyme,4A3S,2
4ab7_1,A,4,C2,Q01217,3.25,464,Saccharomyces cerevisiae (strain ATCC 204508 / S288c) (Baker's yeast),696,150,3.06,0.23,1138,4.11,3.47,4.11,3.02,1.34,243736.26,8.1,747,674,54878.85,Enzyme,4AB7,1
4af0_2,B,4,C4,E3P6S0,2.2,556,Cryptococcus neoformans (Filobasidiella neoformans),697,307,3.15,0.16,972,4.15,3.39,4.15,2.88,1.21,224577.38,7.74,708,392,34961.96,Enzyme,4AF0,2
4aiz_1,A,4,D2,Q5NV90,1.75,108,Homo sapiens (Human),304,2364,2.03,0.17,268,3.94,3.2,3.94,2.71,1.4,65911.47,4.15,134,140,11165.96,Other,4AIZ,1
4aiz_1,A,4,D2,Q5NV90,1.75,108,Homo sapiens (Human),304,2364,2.03,0.17,268,3.94,3.2,3.94,2.71,1.4,65911.47,4.15,134,140,11165.96,Other,4AIZ,1
4aj9_1,A,4,D2,Q9C169,1.85,682,Neurospora crassa (strain ATCC 24698 / 74-OR23-1A / CBS 708.71 / DSM 1257 / FGSC 987),995,69,2.77,0.09,1777,4.36,3.63,4.36,3.13,0.72,433510.86,10.03,1199,502,39997.07,Enzyme,4AJ9,1
4aln_3,I,4,D2,Q7A6D8,3.05,282,Staphylococcus aureus,443,6310,2.65,0.20,669,4.16,3.5,4.16,3.14,1.62,120416.93,4.7,319,262,24381.8,Other,4ALN,3
4atq_3,I,4,D2,A1R958,2.75,456,Paenarthrobacter aurescens (strain TC1),1067,4173,3.33,0.13,1195,4.31,3.54,4.31,3.08,1.29,229984.47,6.54,765,422,30802.54,Enzyme,4ATQ,3
4aum_1,A,4,D2,M4GGR7,1.4,719,Mycothermus thermophilus,989,63,2.74,0.09,1769,4.24,3.54,4.24,3.07,0.71,429849.64,9.91,1179,525,39951.34,Other,4AUM,1
4b2o_1,A,4,D2,O31775,1.64,286,Bacillus subtilis (strain 168),1061,465,3.11,0.14,725,4.25,3.53,4.25,3.04,1.02,175800.84,5.47,546,271,24699.8,Enzyme,4B2O,1
4b3z_1,A,4,D2,Q14194,3,572,Homo sapiens (Human),941,692,3.95,0.15,1259,4.45,3.76,4.45,3.31,0.9,270776.25,5.89,1070,534,41676.72,Enzyme,4B3Z,1
4b63_1,A,4,D2,Q5SE95,1.9,501,Aspergillus fumigatus,676,432,2.99,0.20,1132,3.84,3.12,3.84,2.63,0.78,267234.42,6.59,800,696,53434.15,Other,4B63,1
4b79_1,A,4,D2,Q9HWT0,1.98,242,Pseudomonas aeruginosa (strain ATCC 15692 / DSM 22644 / CIP 104116 / JCM 14847 / LMG 12228 / 1C / PRS 101 / PAO1),1020,29433,2.74,0.14,676,4.09,3.49,4.09,3.05,1.5,135147.82,5.07,370,224,19486.25,Enzyme,4B79,1
4b7h_1,A,4,D2,Q6M8A6,1.39,515,Corynebacterium glutamicum ATCC 13032,910,320,2.24,0.09,1245,4.24,3.59,4.24,3.08,0.24,340777.3,9.28,765,383,30459.96,Other,4B7H,1
4b91_1,A,4,D2,Q9BPU6,1.7,484,Homo sapiens (Human),937,2114,4.01,0.15,1368,4.32,3.55,4.32,3.05,0.8,280049.79,5.85,1124,488,41346.88,Enzyme,4B91,1
4b9b_1,C,4,D2,A3LGU8,1.64,448,Pseudomonas aeruginosa,1046,3371,2.49,0.11,1164,4.32,3.68,4.32,3.21,1.05,284425.8,6.57,708,373,30005.45,Other,4B9B,1
4bbo_1,A,4,D2,Q89IH6,1.6,118,Bradyrhizobium diazoefficiens (strain JCM 10833 / BCRC 13528 / IAM 13628 / NBRC 14792 / USDA 110),9,25,1.27,0.11,313,3.87,3.1,3.87,2.56,0.31,68491.62,5.17,87,106,7777.07,Binding,4BBO,1
4bcs_1,A,4,D2,P56734,1.8,125,Gallus gallus,107,317,1.32,0.15,316,3.83,3.09,3.83,2.69,0.89,72898.21,5.17,96,140,11107.26,Other,4BCS,1
4bgl_1,A,4,D2,O29903,1.9,125,Archaeoglobus fulgidus (strain ATCC 49558 / DSM 4304 / JCM 9628 / NBRC 100126 / VC-16),58,205,1.74,0.16,261,4,3.24,4.00,2.69,0.68,76833.46,5.96,134,132,12016.24,Enzyme,4BGL,1
4bgu_1,A,4,D2,Q9P9L2,1.49,303,Haloferax volcanii (strain ATCC 29605 / DSM 3757 / JCM 8879 / NBRC 14742 / NCIMB 2012 / VKM B-1768 / DS2) (Halobacterium volcanii),919,1152,2.63,0.15,896,4.22,3.62,4.22,3.14,1.31,198361.46,5.73,522,376,28981.26,Enzyme,4BGU,1
4bgv_1,A,4,D2,Q6L0C3,1.81,323,Picrophilus torridus (strain ATCC 700027 / DSM 9790 / JCM 10055 / NBRC 100828 / KAW 2/3),905,1092,2.82,0.15,940,4.29,3.72,4.29,3.33,1.48,203894.01,6.3,574,364,29626.12,Enzyme,4BGV,1
4bj8_3,I,4,D2,E7F650,2.4,126,Danio rerio (Zebrafish) (Brachydanio rerio),60,303,1.36,0.19,327,3.98,3.14,3.98,2.62,0.88,71191.79,4.67,97,152,13467.92,Binding,4BJ8,3
4bk8_1,A,4,D2,A8AC72,1.85,124,Ignicoccus hospitalis (strain KIN4/I / DSM 18386 / JCM 14125),67,121,1.54,0.16,276,3.85,3,3.85,2.48,1.5,75363.61,4.77,116,132,11692.04,Enzyme,4BK8,1
4bkn_1,A,4,D2,Q14195,2.1,571,Homo sapiens (Human),965,573,3.77,0.14,1366,4.23,3.45,4.23,2.88,0.87,280180.21,8.56,1056,530,40467.07,Enzyme,4BKN,1
4bmn_1,A,4,D2,C0IR58,1.52,253,Ralstonia sp. DSMZ 6428,1049,35382,2.49,0.13,688,4.2,3.51,4.20,3.13,1.33,141011.08,5.2,351,226,18723.41,Enzyme,4BMN,1
4bnw_1,A,4,D2,O54438,1.6,269,Pseudomonas aeruginosa (strain ATCC 15692 / DSM 22644 / CIP 104116 / JCM 14847 / LMG 12228 / 1C / PRS 101 / PAO1),1091,31422,2.82,0.18,706,4.43,3.81,4.43,3.36,1.5,138610.45,4.82,391,301,25284.59,Enzyme,4BNW,1
4bqm_1,A,4,D2,Q9UI32,2.18,349,Homo sapiens (Human),153,590,3.65,0.17,910,4.1,3.39,4.10,2.96,1.41,173751.91,6.55,634,394,29399.22,Enzyme,4BQM,1
4br6_1,A,4,D2,A5JTR7,2,197,Thermochaetoides thermophila,675,1391,2.33,0.15,569,4.08,3.56,4.08,3.19,0.71,133910.68,6.35,312,253,19862.77,Enzyme,4BR6,1
4bvq_1,A,4,D2,P58329,1.89,383,Pseudomonas sp. (strain ADP),127,59,3.82,0.15,1094,4.15,3.34,4.15,2.79,0.96,203709.87,5.14,778,362,30700.08,Enzyme,4BVQ,1
4bx5_1,A,4,D2,P22629,1.43,138,Streptomyces avidinii,22,191,1.39,0.16,363,5.77,4.71,5.77,3.83,0.45,74821.5,5.36,104,139,11736.41,Binding,4BX5,1
4bx5_1,A,4,D2,P22629,1.43,127,Streptomyces avidinii,22,191,1.39,0.16,363,5.77,4.71,5.77,3.83,0.45,74821.5,5.36,104,139,11736.41,Binding,4BX5,1
4bzw_1,A,4,D2,F9US10,2.15,282,Lactiplantibacillus plantarum (strain ATCC BAA-793 / NCIMB 8826 / WCFS1) (Lactobacillus plantarum),744,1012,3.19,0.13,734,4.13,3.45,4.13,3,0.81,167974.23,5.63,536,270,21753.63,Enzyme,4BZW,1
4c1l_1,A,4,D2,Q8U0A9,1.8,262,Pyrococcus furiosus (strain ATCC 43587 / DSM 3638 / JCM 8422 / Vc1),665,694,3.28,0.14,754,4.25,3.52,4.25,3.03,1.28,159626.61,5.09,524,260,21904.64,Enzyme,4C1L,1
4c24_1,A,4,C4,Q04I08,1.5,217,Streptococcus pneumoniae TIGR4,937,1758,2.96,0.19,596,4.03,3.3,4.03,2.97,1.55,121781.46,4.84,360,280,23380.8,Other,4C24,1
4c45_1,A,4,D2,Q9H0N5,1.45,104,Homo sapiens (Human),630,788,2.11,0.21,300,3.8,3.19,3.80,2.74,1.33,60568.37,3.07,128,148,12459.48,Enzyme,4C45,1
4c4o_1,A,4,D2,O42703,2.05,336,Candida parapsilosis (Yeast),1008,7240,3.06,0.18,790,4.3,3.45,4.30,2.99,1.27,170409.48,6.2,521,397,30175.46,Enzyme,4C4O,1
4c7u_3,F,4,D2,O81235,1.95,225,Arabidopsis thaliana (Mouse-ear cress),608,1241,2.67,0.17,582,4.12,3.62,4.12,3.17,0.86,121945.83,6.37,325,263,20675.34,Enzyme,4C7U,3
4cab_2,C,4,D2,Q59337,2.6,536,Deinococcus radiodurans (strain ATCC 13939 / DSM 20539 / JCM 16871 / CCUG 27074 / LMG 4051 / NBRC 15346 / NCIMB 9279 / VKM B-1422 / R1),897,368,2.24,0.09,1150,4.21,3.44,4.21,2.94,0.41,308623.81,9.68,692,346,28913.8,Enzyme,4CAB,2
4cbb_2,A,4,D2,Q9HTJ1,1.8,489,Pseudomonas aeruginosa (strain ATCC 15692 / DSM 22644 / CIP 104116 / JCM 14847 / LMG 12228 / 1C / PRS 101 / PAO1),989,6957,3.22,0.12,1406,4.45,3.71,4.45,3.23,0.8,310629.83,8.69,999,477,37766.01,Enzyme,4CBB,2
4cck_1,A,4,D2,Q9H6W3,2.15,467,Homo sapiens (Human),489,254,2.65,0.16,1151,4.09,3.48,4.09,3,0.84,284144.09,10.9,754,583,45446.31,Enzyme,4CCK,1
4cl3_1,A,4,D2,B9LLP6,1.7,309,Chloroflexus aurantiacus (strain ATCC 29364 / DSM 637 / Y-400-fl),877,1108,2.86,0.15,906,4.26,3.6,4.26,3.2,1.54,185807.77,5.66,532,343,27192.15,Enzyme,4CL3,1
4cmf_1,A,4,D2,C7YVL8,1.5,322,Fusarium vanettenii (strain ATCC MYA-4622 / CBS 123669 / FGSC 9596 / NRRL 45880 / 77-13-4) (Fusarium solani subsp. pisi),1109,2389,3.08,0.16,932,4.04,3.32,4.04,2.79,1,198393.55,6.06,612,360,32088.45,Other,4CMF,1
4cok_1,A,4,D2,A9H275,1.69,558,Gluconacetobacter diazotrophicus (strain ATCC 49037 / DSM 5601 / CCUG 37298 / CIP 103539 / LMG 7603 / PAl5),1069,2114,3.41,0.12,1528,4.31,3.61,4.31,3.21,1.03,322697.69,7.39,1102,518,39688.02,Enzyme,4COK,1
4cr6_1,A,4,D2,P22441,1.9,271,Flavobacterium sp. (strain 141-8),1055,29065,2.59,0.14,716,4.16,3.46,4.16,2.98,1.24,136822.32,6.1,355,253,19092.02,Enzyme,4CR6,1
4cuj_1,A,4,D2,Q8Z780,1.88,338,Salmonella typhi,956,1735,2.81,0.16,946,4.16,3.52,4.16,3.12,1.49,200895.41,7.75,565,401,32871.33,Enzyme,4CUJ,1
4cv2_1,A,4,D2,C6EFU4,1.8,270,Escherichia coli BL21(DE3),934,9817,2.58,0.14,672,4.27,3.61,4.27,3.17,1.59,138699.31,4.93,358,245,19389.34,Other,4CV2,1
4d7p_1,A,4,D2,E1EW53,2,111,Giardia intestinalis (strain P15) (Giardia lamblia),10,152,1.82,0.18,204,3.95,3.01,3.95,2.4,1.38,57019.91,4.49,104,108,10404.6,Enzyme,4D7P,1
4da9_1,A,4,D2,Q92L02,2.5,280,Rhizobium meliloti (strain 1021) (Ensifer meliloti) (Sinorhizobium meliloti),678,25577,2.58,0.19,606,4.08,3.49,4.08,3.12,1.43,120350.85,4.66,311,280,22693.58,Enzyme,4DA9,1
4dci_1,A,4,C4,Q7U8F0,2.8,150,Parasynechococcus marenigrum (strain WH8102),133,62,1.34,0.29,451,3.8,3.4,3.80,3.04,2.19,85853.31,10.68,115,268,25111.6,Other,4DCI,1
4dd5_1,A,4,D2,Q18AR0,1.25,396,Clostridioides difficile (strain 630) (Peptoclostridium difficile),1006,1521,3.69,0.16,1280,4.25,3.48,4.25,2.94,1.3,216541.08,6.71,800,416,33955.77,Enzyme,4DD5,1
4dib_2,B,4,D2,Q81L07,2.55,345,Bacillus anthracis str. Sterne,889,788,3.32,0.18,830,4.26,3.6,4.26,3.16,1.34,179647.92,6.34,597,407,32809.92,Other,4DIB,2
4dkm_1,A,4,D2,C3YRA3,1.95,214,Branchiostoma floridae (Florida lancelet) (Amphioxus),95,31,2.88,0.16,562,3.81,2.99,3.81,2.49,0.98,129847.33,4.85,374,275,21363.48,Other,4DKM,1
4dkn_1,A,4,D2,C3YKQ3,1.35,221,Branchiostoma floridae (Florida lancelet) (Amphioxus),87,16,2.68,0.14,602,4.05,3.17,4.05,2.59,0.57,133374.45,5.07,358,250,18271.81,Other,4DKN,1
4dpl_1,A,4,D2,Q96YK1,1.9,359,Sulfurisphaera tokodaii (strain DSM 16993 / JCM 10545 / NBRC 100140 / 7) (Sulfolobus tokodaii),978,531,3.21,0.16,927,4.32,3.63,4.32,3.16,0.94,221393.55,5.33,711,403,34778.79,Enzyme,4DPL,1
4dqx_1,A,4,D2,Q8KL31,2,277,Rhizobium etli (strain ATCC 51251 / DSM 11541 / JCM 21823 / NBRC 15573 / CFN 42),1029,32417,2.43,0.15,707,4.28,3.7,4.28,3.25,1.17,147107.56,4.88,358,256,21578.22,Enzyme,4DQX,1
4drs_1,A,4,D2,Q5CSM7,2.5,526,Cryptosporidium parvum (strain Iowa II),972,1458,3.4,0.20,1304,3.96,3.3,3.96,2.86,1.25,274771.64,5.93,934,692,55422.25,Enzyme,4DRS,1
4dry_1,A,4,D2,Q92TX5,2.5,281,Rhizobium meliloti (strain 1021) (Ensifer meliloti) (Sinorhizobium meliloti),811,10005,2.52,0.16,651,4.27,3.57,4.27,3.19,1.23,135880.82,5.33,343,270,21584.06,Enzyme,4DRY,1
4dxm_1,A,4,D2,Not Found,1.4,229,synthetic construct,108,41,2.31,0.13,602,4.09,3.26,4.09,2.78,1.09,151686.13,5.55,351,241,19817.71,Other,4DXM,1
4dxw_1,A,4,C4,D0RMU8,3.05,229,alpha proteobacterium HIMB114,41,3471,1.53,0.20,688,4.25,3.78,4.25,3.52,1.15,130397.46,6.23,200,301,26661.25,Other,4DXW,1
4dy4_1,A,4,D2,A1A9Q9,1.2,197,Escherichia coli O1:K1 / APEC,619,518,2.85,0.16,520,4.14,3.48,4.14,3.04,0.92,107446.32,4.26,306,218,17622.41,Enzyme,4DY4,1
4dyv_1,A,4,D2,A7IGZ0,1.8,272,Xanthobacter autotrophicus (strain ATCC BAA-1158 / Py2),595,10363,3.03,0.15,580,4.01,3.35,4.01,2.91,1.07,117578.57,5.16,356,220,17106.22,Enzyme,4DYV,1
4e3q_3,A,4,D2,F2XBU9,1,473,Vibrio fluvialis,1010,3746,2.72,0.13,1166,4.37,3.67,4.37,3.28,0.91,283750.84,7.01,771,444,37249.37,Binding,4E3Q,3
4e3z_2,A,4,D2,Q2K3F6,2,272,Rhizobium etli (strain ATCC 51251 / DSM 11541 / JCM 21823 / NBRC 15573 / CFN 42),893,32694,2.74,0.15,634,4.19,3.55,4.19,3.12,1.06,127519.37,5.05,350,230,18947.24,Enzyme,4E3Z,2
4e4y_2,A,4,D2,Q5NG43,1.8,244,Francisella tularensis subsp. tularensis (strain SCHU S4 / Schu 4),1123,25734,2.52,0.17,704,4.1,3.38,4.10,2.91,1.16,142899.92,4.86,360,284,24443.82,Enzyme,4E4Y,2
4ecd_1,A,4,D2,B7GS97,2.5,398,Bifidobacterium longum subsp. infantis (strain ATCC 15697 / DSM 20088 / JCM 1222 / NCTC 11817 / S12),357,453,3.01,0.19,754,3.95,3.21,3.95,2.71,1.38,149985.13,5.55,452,350,28016.85,Enzyme,4ECD,1
4eei_1,A,4,D2,Q5NIQ1,1.92,438,Francisella tularensis subsp. tularensis (strain SCHU S4 / Schu 4),992,378,2.53,0.15,1352,4.26,3.72,4.26,3.36,1.54,262776.25,10.4,664,446,40236.96,Enzyme,4EEI,1
4eez_2,A,4,D2,D2BLA0,1.9,348,Lactococcus lactis subsp. lactis KF147,1031,6851,3.47,0.17,968,4.22,3.48,4.22,3.05,1.3,192744.18,5.95,668,412,31804.44,Other,4EEZ,2
4efc_1,A,4,D2,Q38EJ2,2,472,Trypanosoma brucei brucei (strain 927/4 GUTat10.1),957,287,2.13,0.11,1468,4.39,3.73,4.39,3.36,1.53,278467.82,10.35,594,382,30914.98,Enzyme,4EFC,1
4egf_1,A,4,D2,A0QXD6,2.3,266,Mycolicibacterium smegmatis (strain ATCC 700084 / mc(2)155) (Mycobacterium smegmatis),969,32181,2.71,0.16,744,4.19,3.6,4.19,3.26,1.35,140008.17,5.01,380,292,21762.52,Enzyme,4EGF,1
4ejm_1,A,4,D2,Q92PZ3,2.09,370,Rhizobium meliloti (strain 1021) (Ensifer meliloti) (Sinorhizobium meliloti),1019,6723,3.34,0.17,880,3.94,3.17,3.94,2.63,1.49,187825.07,5.83,628,416,31653.31,Enzyme,4EJM,1
4eso_1,A,4,D2,Q92N93,1.9,255,Rhizobium meliloti (strain 1021) (Ensifer meliloti) (Sinorhizobium meliloti),1090,29577,2.46,0.17,715,4.29,3.68,4.29,3.31,1.32,145294.33,4.86,358,309,25077.77,Enzyme,4ESO,1
4ewt_1,A,4,D2,Q5HJR7,2.1,392,Staphylococcus aureus subsp. aureus COL,1012,3019,3.34,0.17,1024,4.37,3.71,4.37,3.25,0.92,227264.04,6.9,760,486,39209.47,Other,4EWT,1
4f0x_1,A,4,D2,O95822,3.29,458,Homo sapiens (Human),772,168,2.96,0.23,1127,4.1,3.43,4.10,3.06,1.33,262776.7,9.83,779,710,59584.67,Enzyme,4F0X,1
4f3w_1,A,4,D2,B2HDU6,1.8,135,Mycobacterium marinum (strain ATCC BAA-535 / M),635,984,2.34,0.17,329,4.11,3.29,4.11,2.93,1.68,68465.53,4.23,160,143,11487.64,Binding,4F3W,1
4f3x_1,A,4,D2,Q92ND9,2.01,498,Rhizobium meliloti (strain 1021) (Ensifer meliloti) (Sinorhizobium meliloti),971,6257,3.33,0.15,1303,4.4,3.75,4.40,3.33,0.94,281574.53,7,939,524,42122.25,Enzyme,4F3X,1
4f3y_1,A,4,D2,Q2SZ94,2.1,272,Burkholderia thailandensis (strain ATCC 700388 / DSM 13276 / CCUG 48851 / CIP 106301 / E264),1158,1180,2.86,0.18,722,3.98,3.35,3.98,2.96,1.48,147643.48,7.14,422,336,26308.15,Enzyme,4F3Y,1
4f6e_1,A,4,D2,P00447,1.6,207,Saccharomyces cerevisiae (strain ATCC 204508 / S288c) (Baker's yeast),628,1304,2.09,0.14,558,4.14,3.58,4.14,3.21,0.92,132369.1,6.53,277,232,18316.41,Enzyme,4F6E,1
4fb5_1,A,4,D2,Q2KAI6,2.6,393,Rhizobium etli (strain ATCC 51251 / DSM 11541 / JCM 21823 / NBRC 15573 / CFN 42),979,1645,2.92,0.14,940,4.28,3.49,4.28,3.05,1.02,214027.9,6.71,626,370,29964.06,Enzyme,4FB5,1
4fc7_1,A,4,D2,Q9NUI1,1.81,277,Homo sapiens (Human),1050,25804,2.55,0.12,768,4.33,3.73,4.33,3.35,1.26,170307.17,4.98,435,266,20576.48,Enzyme,4FC7,1
4ffa_1,A,4,D2,P65075,2.5,298,Mycobacterium tuberculosis,703,1736,3.26,0.17,594,4.2,3.46,4.20,3.04,0.47,139087.92,5.63,454,301,23898.04,Other,4FFA,1
4ffc_1,A,4,D2,B1MIQ9,1.8,453,Mycobacteroides abscessus (strain ATCC 19977 / DSM 44196 / CCUG 20993 / CIP 104536 / JCM 13569 / NCTC 13031 / TMC 1543 / L948) (Mycobacterium abscessus),1038,4330,2.94,0.12,1220,4.38,3.62,4.38,3.13,1.31,268390.73,6.47,788,427,31068.95,Enzyme,4FFC,1
4ffk_1,A,4,D2,D9Q0R7,1.76,223,Acidilobus saccharovorans (strain DSM 16705 / JCM 18335 / VKM B-2471 / 345-15),743,1278,2.14,0.10,632,4.35,3.73,4.35,3.32,0.74,129238.19,6.3,276,184,13464.1,Enzyme,4FFK,1
4fgs_1,A,4,D2,Q2KC28,1.77,273,Rhizobium etli (strain ATCC 51251 / DSM 11541 / JCM 21823 / NBRC 15573 / CFN 42),1089,29050,2.6,0.16,662,4.2,3.59,4.20,3.22,1.37,130707.26,4.83,340,254,20716.71,Enzyme,4FGS,1
4fha_1,A,4,D2,A5LD17,1.88,311,Streptococcus pneumoniae SP3-BS71,1149,3003,3.35,0.15,834,4.27,3.66,4.27,3.23,1.47,181093.1,7.01,606,326,27952.03,Other,4FHA,1
4fn4_1,A,4,D2,Q4J9F2,1.75,254,Sulfolobus acidocaldarius (strain ATCC 33909 / DSM 639 / JCM 8929 / NBRC 15157 / NCIMB 11770),1087,35878,2.71,0.14,770,4.3,3.63,4.30,3.17,1.53,153714.71,4.87,417,251,20793.08,Enzyme,4FN4,1
4fn6_1,A,4,D2,Q6GEY1,2.69,229,Staphylococcus aureus (strain MRSA252),686,322,2.77,0.19,658,4.24,3.84,4.24,3.6,1.33,141202.4,6.08,391,294,26142.97,Enzyme,4FN6,1
4fnq_1,A,4,D2,Q934H7,1.7,729,Geobacillus stearothermophilus (Bacillus stearothermophilus),1022,447,3.67,0.12,1888,4.28,3.45,4.28,2.88,0.57,440629.47,8.93,1616,644,53448.95,Enzyme,4FNQ,1
4fs3_1,A,4,D2,Q6GI75,1.8,256,Staphylococcus aureus (strain MRSA252),1028,7047,2.61,0.16,736,4.14,3.36,4.14,2.94,1.44,151761.3,5.21,396,270,24137.79,Enzyme,4FS3,1
4fxs_1,A,4,C4,Q9KTW3,2.24,496,Vibrio cholerae serotype O1 (strain ATCC 39315 / El Tor Inaba N16961),968,324,2.42,0.24,1040,3.88,3.15,3.88,2.6,1.45,260733.73,6.67,632,680,61998.64,Enzyme,4FXS,1
4g81_1,D,4,D2,B5R540,1.9,255,Salmonella enterica subsp. enterica serovar Enteritidis str. P125109,1051,33155,2.51,0.15,747,4.33,3.63,4.33,3.22,1.08,150781.64,4.99,379,273,22986.37,Other,4G81,1
4ghk_1,A,4,D2,Q2SZ88,2.25,444,Burkholderia thailandensis (strain ATCC 700388 / DSM 13276 / CCUG 48851 / CIP 106301 / E264),568,459,3.19,0.18,1128,4.26,3.61,4.26,3.26,1.41,224108.96,6.35,715,521,39322.58,Enzyme,4GHK,1
4gqa_2,C,4,D2,B5Y097,2.42,412,Klebsiella variicola (strain 342) (Klebsiella pneumoniae),995,801,3.02,0.16,1072,4.11,3.36,4.11,2.88,0.96,217921.85,6.33,658,410,34400.84,Enzyme,4GQA,2
4grs_1,A,4,D2,Q9WYH8,3,333,Thermotoga maritima (strain ATCC 43589 / DSM 3109 / JCM 10099 / NBRC 100826 / MSB8),941,198,3.16,0.13,872,4.28,3.54,4.28,3.06,1.44,188060.93,7.7,594,305,24132.63,Enzyme,4GRS,1
4gt9_1,A,4,D2,Q9WYT0,1.39,232,Thermotoga maritima (strain ATCC 43589 / DSM 3109 / JCM 10099 / NBRC 100826 / MSB8),569,300,1.84,0.13,676,4.12,3.45,4.12,2.97,1.48,139086.84,8.11,256,208,18033.65,Enzyme,4GT9,1
4gun_2,E,4,D2,Q96UT6,1.94,206,Candida albicans (Yeast),653,1277,2.4,0.14,582,4.13,3.59,4.13,3.19,0.66,122446.02,6.31,294,241,17732.37,Enzyme,4GUN,2
4gvx_2,B,4,D2,A9ANE0,1.5,258,Burkholderia multivorans ATCC 17616,1038,27973,2.44,0.14,770,4.24,3.59,4.24,3.17,1.22,154791.89,5.2,378,274,21421.22,Other,4GVX,2
4h15_1,A,4,D2,Q92YJ2,1.45,261,Rhizobium meliloti (strain 1021) (Ensifer meliloti) (Sinorhizobium meliloti),851,21532,2.37,0.16,703,4.19,3.57,4.19,3.16,1.41,157613.45,5.75,374,312,25889.57,Enzyme,4H15,1
4h33_1,A,4,C4,Q8Y5K1,3.1,137,Listeria monocytogenes serovar 1/2a (strain ATCC BAA-679 / EGD-e),6,595,1.46,0.21,248,3.62,3.26,3.62,2.9,1.75,51926.28,5.92,76,120,10662.12,Transport,4H33,1
4h3v_1,A,4,D2,D2PU28,1.68,390,Kribbella flavida (strain DSM 17836 / JCM 10339 / NBRC 14399),1050,2610,3.01,0.14,1106,4.17,3.39,4.17,2.9,1.13,223192.8,6.67,671,390,31443.59,Enzyme,4H3V,1
4ha4_1,A,4,D2,D9PZ08,1.37,489,Acidilobus saccharovorans (strain DSM 16705 / JCM 18335 / VKM B-2471 / 345-15),1001,2220,3.8,0.14,1400,4.33,3.64,4.33,3.18,0.43,301098,7.31,1144,568,43043.38,Enzyme,4HA4,1
4had_1,A,4,D2,Q2KDJ1,2,350,Rhizobium etli (strain ATCC 51251 / DSM 11541 / JCM 21823 / NBRC 15573 / CFN 42),899,2823,2.83,0.16,891,4.18,3.47,4.18,2.95,1.29,199530.69,6.7,564,377,31621.17,Enzyme,4HAD,1
4hao_3,A,4,D2,Q8ZH09,2.55,304,Yersinia pestis,850,1286,3.05,0.19,710,4.01,3.18,4.01,2.67,1.4,165505.69,6.67,504,356,31261.49,Enzyme,4HAO,3
4he2_1,A,4,D2,O00757,1.6,338,Homo sapiens (Human),800,560,3.25,0.17,856,4.12,3.29,4.12,2.84,1.13,179682.34,7.4,584,316,29682.36,Enzyme,4HE2,1
4hgn_1,A,4,C4,Q8A748,1.8,176,Bacteroides thetaiotaomicron (strain ATCC 29148 / DSM 2079 / JCM 5827 / CCUG 10774 / NCTC 10582 / VPI-5482 / E50),1029,1275,3,0.16,470,4.32,3.72,4.32,3.33,1.26,99332.67,5.33,298,185,15482.71,Enzyme,4HGN,1
4hgv_1,A,4,D2,Q92PB6,2.09,495,Sinorhizobium meliloti 1021,997,467,2.75,0.14,1248,4.56,3.94,4.56,3.56,1.17,250711.9,9.79,690,416,34106.59,Other,4HGV,1
4hka_1,A,4,D2,P20351,2.7,366,Drosophila melanogaster (Fruit fly),323,206,2.12,0.16,1028,4.05,3.55,4.05,3.14,1.31,215576.87,8.05,456,380,34293.8,Enzyme,4HKA,1
4hkt_1,A,4,D2,O68965,2,331,Rhizobium meliloti (strain 1021) (Ensifer meliloti) (Sinorhizobium meliloti),938,6257,2.81,0.18,907,4.28,3.55,4.28,3.18,1.05,194504.61,5.86,546,432,34796.11,Enzyme,4HKT,1
4hl7_3,A,4,D2,Q9KN67,1.8,446,Vibrio cholerae serotype O1 (strain ATCC 39315 / El Tor Inaba N16961),370,175,3.18,0.17,1146,4.16,3.52,4.16,3.05,1.18,263978.41,6.52,840,544,45667.16,Enzyme,4HL7,3
4hn8_1,A,4,D2,A4XRL3,2.2,473,Ectopseudomonas mendocina (strain ymp) (Pseudomonas mendocina),1094,103,3.44,0.17,1090,4.31,3.6,4.31,3.14,0.79,250990.19,7.15,863,541,43639.96,Enzyme,4HN8,1
4hnt_1,A,4,D2,Q99UY8,2.8,1173,Staphylococcus aureus,646,71,3.81,0.18,2649,4.44,3.82,4.44,3.43,0.89,604505.62,14.27,2301,1378,111028.99,Other,4HNT,1
4ho4_3,A,4,D2,Q9AGY4,1.64,297,Aneurinibacillus thermoaerophilus,758,1396,2.94,0.16,784,4.18,3.59,4.18,3.14,1.55,180115.34,5.45,530,354,29154.88,Enzyme,4HO4,3
4hp8_1,A,4,D2,A9CEQ9,1.35,247,Agrobacterium fabrum (strain C58 / ATCC 33970) (Agrobacterium tumefaciens (strain C58)),1013,30519,2.58,0.15,736,4.19,3.62,4.19,3.17,1.19,144751.12,5.06,374,274,22149.62,Enzyme,4HP8,1
4hps_1,A,4,D2,D3V0W1,1.55,228,Xenorhabdus bovienii (strain SS-2004) (Xenorhabdus nematophila subsp. bovienii),1025,534,3.14,0.17,542,4.09,3.43,4.09,3.03,1.31,128725.68,4.15,404,268,21882.22,Enzyme,4HPS,1
4hr3_1,A,4,D2,B1MFF5,1.8,415,Mycobacteroides abscessus (strain ATCC 19977 / DSM 44196 / CCUG 20993 / CIP 104536 / JCM 13569 / NCTC 13031 / TMC 1543 / L948) (Mycobacterium abscessus),877,2783,2.99,0.15,1200,4.01,3.43,4.01,3,1,235522.11,6.5,704,492,36111.34,Enzyme,4HR3,1
4htl_2,A,4,D2,Q8Y3R9,1.64,297,Listeria monocytogenes serovar 1/2a (strain ATCC BAA-679 / EGD-e),661,4792,2.75,0.17,788,4.02,3.33,4.02,2.93,1.48,171686.19,5.49,472,392,29896.13,Enzyme,4HTL,2
4hvf_1,A,4,D2,B1PNB8,1.7,226,Branchiostoma lanceolatum (Common lancelet) (Amphioxus lanceolatum),98,16,2.69,0.15,653,4.14,3.3,4.14,2.85,0.88,141756.67,4.81,382,270,21129.27,Other,4HVF,1
4hyr_1,A,4,D2,C0WBB5,1.84,452,Acidaminococcus intestini,1096,312,3.5,0.17,1258,4.34,3.58,4.34,3.13,0.58,262799.02,7.27,920,534,45189.33,Other,4HYR,1
4i7e_1,A,4,D2,P00512,2,319,Geobacillus stearothermophilus (Bacillus stearothermophilus),664,1014,3.13,0.14,881,4.43,3.72,4.43,3.32,1.36,186007.81,6.96,582,332,25551.6,Enzyme,4I7E,1
4i7w_1,A,4,D2,F0L8Z6,1.3,308,Agrobacterium tumefaciens,1161,2569,3.36,0.14,858,4.27,3.62,4.27,3.2,1.21,174815.9,5.14,588,322,24728.99,Other,4I7W,1
4ibo_1,A,4,D2,A9CJ43,2.1,271,Agrobacterium fabrum (strain C58 / ATCC 33970) (Agrobacterium tumefaciens (strain C58)),1146,30185,2.45,0.14,756,4.38,3.76,4.38,3.31,1.02,152770.31,5.39,375,268,21339.73,Enzyme,4IBO,1
4ihe_3,A,4,D2,Q83XN4,1.5,419,Streptantibioticus cattleyicolor (Streptomyces cattleya),912,161,3.7,0.15,1002,4.18,3.33,4.18,2.81,1.09,192515.76,6.44,712,378,27982,Enzyme,4IHE,3
4iin_1,A,4,D2,O25286,2.4,271,Helicobacter pylori (strain ATCC 700392 / 26695) (Campylobacter pylori),969,31973,2.82,0.14,700,4.29,3.54,4.29,3.07,1.06,135479.93,5.16,382,234,18911.56,Enzyme,4IIN,1
4iiu_1,A,4,D2,Q8FJ14,2.1,267,Escherichia coli CFT073,938,28350,2.55,0.15,694,4.21,3.51,4.21,3,1.05,141234.36,4.95,360,277,21201.31,Other,4IIU,1
4il0_1,A,4,D2,Q46915,2.8,466,Escherichia coli (strain K12),1094,377,3.82,0.16,1171,4.38,3.7,4.38,3.33,0.84,254842.12,7.09,974,494,40619.69,Enzyme,4IL0,1
4ime_1,A,4,D2,Q9CKB0,1.75,293,Pasteurella multocida (strain Pm70),1153,2507,3.01,0.14,880,4.29,3.73,4.29,3.34,1.2,193086.27,5.02,582,330,27083.39,Enzyme,4IME,1
4imr_1,A,4,D2,A9CL57,1.95,275,Agrobacterium fabrum (strain C58 / ATCC 33970) (Agrobacterium tumefaciens (strain C58)),1047,24777,2.5,0.15,774,4.08,3.45,4.08,3.04,1.16,146672.83,6.14,366,286,22530.34,Enzyme,4IMR,1
4ip7_1,A,4,D2,P30613,1.8,543,Homo sapiens (Human),1029,1329,3.03,0.17,1459,4.19,3.54,4.19,3.16,1.29,307824.55,6.57,934,644,51157.72,Enzyme,4IP7,1
4iqd_2,A,4,D2,Q81QR8,2,305,Bacillus anthracis,1030,785,2.46,0.13,838,4.16,3.51,4.16,3.09,1.35,170852.27,7.41,420,254,21838.88,Other,4IQD,2
4iqg_1,C,4,D2,Q12GY8,1.85,271,Polaromonas sp. JS666,910,29571,2.65,0.15,698,4.31,3.56,4.31,3.06,1.16,143197.92,5.06,380,270,20802.33,Other,4IQG,1
4irn_1,A,4,D2,C4NCB7,2.8,416,Kamptonema sp. PCC 6506,909,4861,3.35,0.15,1069,4.31,3.67,4.31,3.17,0.6,231059.01,6,774,420,33907.09,Enzyme,4IRN,1
4is2_1,A,4,D2,P19337,1.9,268,Clostridium scindens (strain JCM 10418 / VPI 12708),538,31737,3.03,0.17,584,4.09,3.38,4.09,2.89,1.52,120145.03,4.82,364,232,19867.48,Enzyme,4IS2,1
4itu_1,A,4,D2,A7IQH5,1.6,269,Xanthobacter autotrophicus (strain ATCC BAA-1158 / Py2),1082,33402,2.7,0.14,754,4.15,3.54,4.15,3.09,1.48,146828.15,4.83,396,268,21035.57,Enzyme,4ITU,1
4itx_1,A,4,D2,P06721,1.61,395,Escherichia coli (strain K12),852,1777,3.29,0.13,1122,4.35,3.66,4.35,3.19,0.94,231648.72,6.85,762,364,29561.42,Enzyme,4ITX,1
4iuy_2,E,4,D2,Not Found,2.385,274,Acinetobacter baumannii ACICU,1007,27021,2.5,0.18,687,4.19,3.57,4.19,3.14,1.41,147467.94,4.91,368,311,27110.65,Other,4IUY,2
4iv6_1,A,4,D2,A0QTW7,2,388,Mycolicibacterium smegmatis (strain ATCC 700084 / mc(2)155) (Mycobacterium smegmatis),902,7280,3.18,0.16,1152,4.27,3.66,4.27,3.2,0.96,227971.25,5.98,724,434,35994.05,Enzyme,4IV6,1
4iy1_1,A,4,D2,Q93D82,2.1,254,Agrobacterium tumefaciens,1102,7620,2.47,0.13,728,4.26,3.61,4.26,3.21,1.04,145099.29,6.02,358,236,19267.34,Other,4IY1,1
4iy7_1,A,4,D2,Q5H4T8,1.67,397,Xanthomonas oryzae pv. oryzae (strain KACC10331 / KXO85),888,1960,3.11,0.11,1084,4.46,3.79,4.46,3.29,1.03,237269,6.92,737,319,25384.9,Binding,4IY7,1
4iym_3,I,4,D2,Q92RW4,2.2,521,Rhizobium meliloti (strain 1021) (Ensifer meliloti) (Sinorhizobium meliloti),994,5752,3.24,0.14,1227,4.35,3.69,4.35,3.26,1.08,295562.09,8.55,957,490,40920.04,Enzyme,4IYM,3
4j2h_1,A,4,D2,Q930I9,2.1,257,Rhizobium meliloti (strain 1021) (Ensifer meliloti) (Sinorhizobium meliloti),1145,32405,2.59,0.16,704,4.1,3.44,4.10,2.99,1.33,138833.62,5.04,360,276,22891.46,Enzyme,4J2H,1
4j3f_6,E,4,D2,Q5NGQ3,1.85,280,Francisella tularensis subsp. tularensis (strain SCHU S4 / Schu 4),1083,5265,2.52,0.13,738,4.32,3.62,4.32,3.23,1.52,160048.42,5.2,403,246,20681.61,Enzyme,4J3F,6
4j4f_1,D,4,C2,P81180,1.8,101,Nostoc ellipsosporum,7,322,0.11,0.09,210,4.03,3.31,4.03,2.84,0.37,61430.18,7.13,7,61,5437.67,Binding,4J4F,1
4j5i_1,A,4,D2,A0QZ23,2.6,304,Mycolicibacterium smegmatis (strain ATCC 700084 / mc(2)155) (Mycobacterium smegmatis),746,1511,3.44,0.18,664,4.02,3.25,4.02,2.71,0.48,152641.44,5.83,525,344,26842.52,Enzyme,4J5I,1
4j5i_2,E,4,D2,A0QZ23,2.6,304,Mycolicibacterium smegmatis (strain ATCC 700084 / mc(2)155) (Mycobacterium smegmatis),746,1511,3.49,0.17,637,4.01,3.2,4.01,2.66,0.48,148648.77,5.79,519,322,25504.48,Enzyme,4J5I,2
4jbg_2,A,4,D2,Q8ZUP0,1.75,370,Pyrobaculum aerophilum (strain ATCC 51768 / DSM 7523 / JCM 9630 / CIP 104966 / NBRC 100827 / IM2),987,11239,3.3,0.16,874,4.3,3.54,4.30,3.04,1.37,188861.54,5.48,623,397,29812.53,Enzyme,4JBG,2
4jco_1,A,4,D2,Q07841,1.7,304,Haloarcula marismortui (strain ATCC 43049 / DSM 3752 / JCM 8966 / VKM B-1809) (Halobacterium marismortui),924,1130,2.84,0.15,900,4.24,3.64,4.24,3.23,1.1,191759.69,5.75,545,354,28727.82,Enzyme,4JCO,1
4jge_1,A,4,D2,B1PND0,1.94,226,Branchiostoma lanceolatum (Common lancelet) (Amphioxus lanceolatum),100,19,2.69,0.16,588,4,3.13,4.00,2.56,0.83,136570.51,4.75,368,274,21370.52,Other,4JGE,1
4jig_1,A,4,D2,B4E5P7,1.85,261,Burkholderia cenocepacia (strain ATCC BAA-245 / DSM 16553 / LMG 16656 / NCTC 13227 / J2315 / CF5610) (Burkholderia cepacia (strain J2315)),847,31611,2.98,0.15,692,4.21,3.5,4.21,2.98,1.08,126384.8,4.79,376,244,18336.14,Enzyme,4JIG,1
4jim_3,A,4,D2,Q2RM91,2.1,559,Moorella thermoacetica (strain ATCC 39073 / JCM 9320),907,224,3.87,0.16,1515,6.65,5.3,6.65,4.52,1.01,316119.03,6.75,1224,658,51172.83,Enzyme,4JIM,3
4jkl_1,A,4,D2,Q8E0N2,2.288,602,Streptococcus agalactiae serotype V (strain ATCC BAA-611 / 2603 V/R),434,1377,3.5,0.14,1518,4.25,3.43,4.25,2.94,0.45,368699.89,8.73,1290,596,49917.06,Enzyme,4JKL,1
4jlw_1,A,4,D2,B7V5W2,2.7,399,Pseudomonas aeruginosa LESB58,1058,500,3.6,0.14,1053,4.31,3.55,4.31,3.06,0.95,228299.94,6.5,822,408,32470.01,Other,4JLW,1
4jp2_3,A,4,D2,Q53W82,1.15,239,Thermus thermophilus (strain ATCC 27634 / DSM 579 / HB8),1032,32241,2.83,0.14,656,4.25,3.49,4.25,3.08,1.48,140174.89,4.85,396,228,19366.82,Enzyme,4JP2,3
4jro_1,A,4,D2,Q8Y690,1.92,271,Listeria monocytogenes serovar 1/2a (strain ATCC BAA-679 / EGD-e),1012,33725,2.67,0.15,727,4.28,3.57,4.28,3.21,1.05,144401.04,4.76,386,265,21864.3,Enzyme,4JRO,1
4jti_1,A,4,D2,Q9JZ55,1.75,280,Neisseria meningitidis serogroup B (strain ATCC BAA-335 / MC58),742,441,2.92,0.13,697,4.37,3.61,4.37,3.18,1.58,157304.7,5.84,459,253,20913.83,Enzyme,4JTI,1
4k00_1,A,4,D2,Q55777,1.9,141,Synechocystis sp. (strain ATCC 27184 / PCC 6803 / Kazusa),976,944,2.19,0.19,404,3.96,3.19,3.96,2.74,1.5,83226.1,4.6,182,186,15659.21,Enzyme,4K00,1
4k02_1,A,4,D2,Q9SX65,1.9,159,Arabidopsis thaliana (Mouse-ear cress),250,126,2.08,0.18,372,3.95,3.09,3.95,2.6,1.42,72263.26,4.71,150,152,12737.63,Enzyme,4K02,1
4k6f_1,A,4,D2,B4EAU4,1.5,255,Burkholderia cenocepacia (strain ATCC BAA-245 / DSM 16553 / LMG 16656 / NCTC 13227 / J2315 / CF5610) (Burkholderia cepacia (strain J2315)),993,32013,2.45,0.15,692,4.19,3.57,4.19,3.15,1.18,148993.83,5.18,365,284,22093.01,Enzyme,4K6F,1
4k9d_1,A,4,D2,A8Q3K8,2.1,347,Brugia malayi,924,801,3.25,0.15,898,4.19,3.49,4.19,3.01,1.03,183265.33,6.35,595,384,27916.19,Other,4K9D,1
4k9q_1,A,4,D2,A4SXU0,1.598,539,Polynucleobacter asymbioticus (strain DSM 18221 / CIP 109841 / QLW-P1DMWA-1) (Polynucleobacter necessarius subsp. asymbioticus),1037,2590,3.21,0.13,1382,4.19,3.53,4.19,3.1,0.98,323649.7,6.94,1040,482,41723.1,Binding,4K9Q,1
4kam_1,A,4,D2,B2HDS7,2,453,Mycobacterium marinum (strain ATCC BAA-535 / M),900,1817,3.31,0.14,1072,4.24,3.56,4.24,3.12,1.13,221760.82,6.34,733,400,30976.72,Enzyme,4KAM,1
4kct_1,B,4,D2,P30615,1.95,499,Trypanosoma brucei brucei,982,1531,3.22,0.18,1450,4.16,3.48,4.16,3.03,1.09,295210.15,6.7,952,656,52541.24,Enzyme,4KCT,1
4kgd_1,A,4,D2,C6VNC6,1.06,603,Lactiplantibacillus plantarum JDM1,1124,2636,3.32,0.13,1808,4.3,3.61,4.30,3.13,0.87,368822.72,7.19,1224,556,46453.14,Other,4KGD,1
4kgm_1,A,4,D2,Q3F0V8,2.35,245,Bacillus thuringiensis serovar israelensis ATCC 35646,269,234,2.49,0.19,600,3.89,3.3,3.89,2.95,0.91,139757.71,6.02,348,324,26659.92,Other,4KGM,1
4kms_1,A,4,D2,Q4UN54,2,249,Rickettsia felis (strain ATCC VR-1525 / URRWXCal2) (Rickettsia azadi),929,32416,2.67,0.18,668,4.02,3.33,4.02,2.88,1.16,133223.75,5.25,356,282,23339.76,Enzyme,4KMS,1
4koo_1,A,4,C4,Q9M9S3,1.88,180,Arabidopsis thaliana (Mouse-ear cress),74,106,1.26,0.14,412,3.73,3.03,3.73,3.13,1.36,144795.86,7.09,182,228,20274.88,Regulatory,4KOO,1
4kop_1,A,4,C4,Q8VYF7,1.75,177,Arabidopsis thaliana (Mouse-ear cress),39,121,1.29,0.17,378,4.08,3.41,4.08,3.42,1.21,131606.93,4.52,170,245,22527.38,Regulatory,4KOP,1
4koq_1,A,4,C4,Q66GR6,1.85,180,Arabidopsis thaliana (Mouse-ear cress),63,109,1.26,0.16,428,3.63,2.92,3.63,2.98,1.27,139291.15,5.64,176,244,21615.64,Regulatory,4KOQ,1
4krz_1,A,4,D2,Q4D9Z4,2.5,519,Trypanosoma cruzi (strain CL Brener),973,1421,3.33,0.18,1516,4.19,3.48,4.19,3.04,1.08,288300.41,6.46,960,664,53060.9,Enzyme,4KRZ,1
4ksa_1,A,4,D2,Q6NCB2,2.7,453,Rhodopseudomonas palustris (strain ATCC BAA-98 / CGA009),780,209,2.92,0.21,1143,4.24,3.71,4.24,3.38,1.29,249200.86,8.25,727,656,53548.82,Enzyme,4KSA,1
4ksf_1,A,4,D2,B9K0V9,3.1,456,Allorhizobium ampelinum (strain ATCC BAA-846 / DSM 112012 / S4) (Agrobacterium vitis (strain S4)),663,167,2.9,0.23,1008,3.74,3.13,3.74,2.65,1.55,240995.79,8.11,700,632,54704.52,Enzyme,4KSF,1
4kto_1,A,4,D2,Q92VK1,2.137,410,Rhizobium meliloti (strain 1021) (Ensifer meliloti) (Sinorhizobium meliloti),925,6752,2.96,0.15,1033,4.48,3.85,4.48,3.48,0.95,221963.75,5.87,657,428,33112.79,Enzyme,4KTO,1
4kwh_1,A,4,D2,Q9ZGC1,1.65,263,Streptomyces cyanogenus,1070,26956,2.71,0.17,752,4.12,3.43,4.12,2.92,1.33,145401.9,4.67,394,308,25038.88,Enzyme,4KWH,1
4l07_1,A,4,D2,F8G0M0,1.75,208,Pseudomonas putida (strain DSM 28022 / S16),1004,930,2.57,0.13,604,4.18,3.57,4.18,3.22,1.5,119741.15,5.27,308,178,15769.17,Other,4L07,1
4l0o_2,H,4,D2,P56069,2.76,388,Helicobacter pylori (strain ATCC 700392 / 26695) (Campylobacter pylori),817,2053,3.29,0.13,952,4.41,3.8,4.41,3.39,0.9,207828.88,6.84,684,354,27683.24,Enzyme,4L0O,2
4l1f_1,A,4,D2,D2RL84,1.7,383,Acidaminococcus fermentans (strain ATCC 25085 / DSM 20731 / CCUG 9996 / CIP 106432 / VR4),925,8102,3.3,0.14,1166,4.36,3.68,4.36,3.24,0.94,229457.62,5.76,758,402,31875.6,Enzyme,4L1F,1
4laf_1,A,4,D2,C1I202,1.76,207,Pseudomonas sp. (strain WBC-3),783,562,2.78,0.15,548,4.25,3.7,4.25,3.28,1.16,112422.03,4.95,313,202,16513.33,Enzyme,4LAF,1
4lcq_1,A,4,D2,Q4SMR4,1.8,520,Tetraodon nigroviridis,951,1726,3.93,0.13,1388,4.37,3.58,4.37,3.05,0.71,283159.49,8.37,1112,468,38172.34,Other,4LCQ,1
4lgv_1,A,4,D2,A0QC59,2.3,490,Mycobacterium avium 104,914,884,3.34,0.17,1206,3.98,3.27,3.98,2.79,0.89,273083.51,5.75,911,617,47461.79,Other,4LGV,1
4lih_1,A,4,D2,B4E926,1.85,504,Burkholderia cenocepacia (strain ATCC BAA-245 / DSM 16553 / LMG 16656 / NCTC 13227 / J2315 / CF5610) (Burkholderia cepacia (strain J2315)),1012,6155,3.47,0.13,1427,4.38,3.69,4.38,3.27,1.02,299229.13,6.64,1038,510,37798.81,Enzyme,4LIH,1
4ln1_1,A,4,D2,Q81EP4,1.9,336,Bacillus cereus (strain ATCC 14579 / DSM 31 / CCUG 7414 / JCM 2152 / NBRC 15305 / NCIMB 9373 / NCTC 2599 / NRRL B-3711),957,1025,2.51,0.16,859,4.38,3.84,4.38,3.46,1.6,190505.04,6.95,478,358,30626.34,Enzyme,4LN1,1
4lnj_1,A,4,D2,E7U392,2.1,333,Escherichia coli WV_060327,770,782,3.11,0.15,1000,4.2,3.56,4.20,3.14,1.07,194911.36,6.78,606,384,29819.94,Other,4LNJ,1
4loc_1,A,4,D2,Q2K340,2.26,632,Rhizobium etli (strain ATCC 51251 / DSM 11541 / JCM 21823 / NBRC 15573 / CFN 42),692,136,3.88,0.18,1640,4.21,3.56,4.21,3.15,0.76,343125.84,10.81,1331,810,63136.99,Enzyme,4LOC,1
4lrl_1,A,4,D2,Q836G9,2.35,480,Enterococcus faecalis (strain ATCC 700802 / V583),1027,178,3.06,0.16,1257,4.41,3.85,4.41,3.48,0.84,289253.03,7.38,885,533,46669.35,Binding,4LRL,1
4lsm_2,A,4,D2,Q4DZT1,1.65,346,Trypanosoma cruzi (strain CL Brener),927,786,3.03,0.15,922,4.13,3.36,4.13,2.81,1.26,195122.55,6.3,592,374,30074.74,Enzyme,4LSM,2
4ltn_1,A,4,D2,Q9F9T2,1.996,197,EDTA-degrading bacterium BNC1,976,264,2.74,0.16,516,3.91,3.26,3.91,2.79,1.61,107870.28,5.43,296,212,16738.24,Enzyme,4LTN,1
4lu0_1,A,4,D2,Q9ZFK4,2.8,287,Pseudomonas aeruginosa (strain ATCC 15692 / DSM 22644 / CIP 104116 / JCM 14847 / LMG 12228 / 1C / PRS 101 / PAO1),694,448,3.21,0.16,644,4.37,3.74,4.37,3.34,1.59,147137.79,5.79,473,262,23375.05,Enzyme,4LU0,1
4lvu_1,A,4,D2,Q2SZC0,1.25,279,Burkholderia thailandensis (strain ATCC 700388 / DSM 13276 / CCUG 48851 / CIP 106301 / E264),1109,26126,2.71,0.14,744,4.14,3.5,4.14,3.13,1.33,147634.36,5.07,400,260,21225.92,Enzyme,4LVU,1
4ly4_1,A,4,C4,B5ZA76,2.2,326,Helicobacter pylori (strain G27),559,309,2.64,0.12,816,4.42,3.83,4.42,3.41,0.79,181209.94,6.59,479,245,21390.31,Enzyme,4LY4,1
4lyy_1,A,4,D2,A8H0C8,1.86,199,Shewanella pealeana (strain ATCC 700345 / ANG-SQ1),1049,1345,2.32,0.18,403,4.14,3.33,4.14,2.85,1.71,103790.52,4.72,241,215,18543.15,Enzyme,4LYY,1
4m1p_1,A,4,D2,A4INJ9,2.57,104,Geobacillus thermodenitrificans (strain NG80-2),786,377,0.37,0.15,336,3.81,3.41,3.81,3.13,-0.46,54724.47,6.59,20,96,8224.67,Regulatory,4M1P,1
4m1q_1,A,4,D2,D6XW60,1.6,339,Bacillus selenitireducens (strain ATCC 700615 / DSM 15326 / MLS10),916,1021,2.64,0.16,848,4.25,3.59,4.25,3.16,1.45,189864.04,7.03,502,376,30538.86,Enzyme,4M1Q,1
4m20_1,A,4,D2,Q99VD7,2,127,Staphylococcus aureus subsp. aureus Mu50,693,670,2.03,0.15,340,4.14,3.27,4.14,2.83,1.74,73239.13,4.9,149,124,10783.27,Other,4M20,1
4m6r_1,A,4,C4,Q96GX9,2,224,Homo sapiens (Human),762,691,2.53,0.14,601,4.21,3.53,4.21,3.03,1.22,140124.58,6.24,355,247,19934.55,Enzyme,4M6R,1
4m89_1,A,4,D2,A1KVU8,1.9,261,Neisseria meningitidis serogroup C / serotype 2a (strain ATCC 700532 / DSM 15464 / FAM18),1083,9807,2.73,0.15,762,4.25,3.56,4.25,3.13,1.46,149254.68,5.07,408,262,22088.32,Enzyme,4M89,1
4m8s_1,A,4,D2,A1KRY4,2,248,Neisseria meningitidis serogroup C / serotype 2a (strain ATCC 700532 / DSM 15464 / FAM18),1093,36770,2.51,0.15,717,4.3,3.62,4.30,3.14,1.26,142995.24,5.18,359,273,21339.16,Enzyme,4M8S,1
4m9a_1,A,4,D2,Q2T4A2,2.2,385,Burkholderia thailandensis (strain ATCC 700388 / DSM 13276 / CCUG 48851 / CIP 106301 / E264),893,7726,3.54,0.15,1127,4.37,3.75,4.37,3.39,0.82,213359.25,5.9,756,424,32940.68,Enzyme,4M9A,1
4mb8_1,A,4,D2,Q5FZI9,2.4,304,unclassified Mammalia,512,226,1.79,0.11,708,4.17,3.41,4.17,2.93,0.92,176884.26,7.37,317,255,19673.77,Other,4MB8,1
4mif_1,A,4,D2,Q6QWR1,1.8,620,Phanerodontia chrysosporium (White-rot fungus) (Sporotrichum pruinosum),495,81,3.26,0.14,1437,4.18,3.45,4.18,3.03,0.39,365360.42,6.94,1190,603,49559.96,Enzyme,4MIF,1
4mig_1,A,4,D2,Q6QWR1,1.8,648,Phanerodontia chrysosporium (White-rot fungus) (Sporotrichum pruinosum),436,73,3.28,0.14,1420,4.15,3.46,4.15,3.02,0.43,366541.36,6.78,1201,617,50522.66,Enzyme,4MIG,1
4miy_1,A,4,D2,B3W8L3,1.42,339,Lacticaseibacillus casei BL23,959,1603,2.86,0.16,936,4.15,3.44,4.15,2.99,0.86,217770.15,6.31,623,423,35306.91,Other,4MIY,1
4mjm_1,A,4,C4,Q81W29,2.25,385,Bacillus anthracis str. Ames,424,481,3.06,0.18,665,4.72,4.03,4.72,3.63,1.35,186634.86,5.85,571,404,34439.81,Other,4MJM,1
4mkz_1,A,4,D2,A5YBJ8,1.6,355,Lacticaseibacillus casei (Lactobacillus casei),934,3282,3.09,0.17,976,4.11,3.35,4.11,2.91,0.96,197043.94,7.28,608,408,33368.94,Enzyme,4MKZ,1
4ml1_3,A,4,D2,A6GV51,1.978,217,Klebsiella pneumoniae,108,846,1.42,0.13,458,3.94,3.28,3.94,3.32,1.58,172539.19,6.17,245,253,22044.53,Enzyme,4ML1,3
4mlj_1,A,4,D2,Q9PPB4,1.41,306,Campylobacter jejuni subsp. jejuni serotype O:2 (strain ATCC 700819 / NCTC 11168),1154,2480,3.26,0.16,833,4.43,3.72,4.43,3.36,1.35,178126.41,5.14,581,341,28973.46,Enzyme,4MLJ,1
4mow_1,A,4,D2,B4E6Z1,1.95,256,Burkholderia cenocepacia (strain ATCC BAA-245 / DSM 16553 / LMG 16656 / NCTC 13227 / J2315 / CF5610) (Burkholderia cepacia (strain J2315)),968,33567,2.74,0.15,715,4.16,3.61,4.16,3.15,1.34,134156.37,4.82,368,264,20043.66,Enzyme,4MOW,1
4mx2_1,A,4,D2,A7LBL3,1.88,480,Leishmania donovani,925,278,2.31,0.12,1273,4.39,3.82,4.39,3.46,1.34,265940.12,9.72,614,403,31760.77,Enzyme,4MX2,1
4n02_1,A,4,C4,B2ILS5,1.4,357,Streptococcus pneumoniae (strain CGSP14),883,392,3.22,0.16,956,4.05,3.38,4.05,2.98,1.01,201199.34,6.86,648,380,31722.67,Enzyme,4N02,1
4n45_1,A,4,D2,F0K5D8,1.59,400,Clostridium acetobutylicum EA 2018,958,1516,3.65,0.16,1088,4.32,3.6,4.32,3.11,1.17,223449.48,7.35,816,408,35008.34,Other,4N45,1
4n4p_1,A,4,D2,Q4A6K4,1.8,296,Mycoplasmopsis synoviae (strain 53) (Mycoplasma synoviae),1132,2207,3.09,0.16,834,4.24,3.75,4.24,3.37,1.18,189582.81,5.25,585,339,29521.68,Enzyme,4N4P,1
4n5m_1,A,4,D2,P14697,1.34,270,Cupriavidus necator (strain ATCC 17699 / DSM 428 / KCTC 22496 / NCIMB 10442 / H16 / Stanier 337) (Ralstonia eutropha),1016,27502,2.5,0.15,702,4.16,3.63,4.16,3.15,1.08,148243.44,5.61,370,264,22412.74,Enzyme,4N5M,1
4nav_1,D,4,C4,Q8P716,2.69,182,Xanthomonas campestris pv. campestris (strain ATCC 33913 / DSM 3586 / NCPPB 528 / LMG 568 / P 25),990,1244,2.93,0.15,538,3.98,3.3,3.98,2.92,1.79,99680.29,6.24,292,198,15448.69,Enzyme,4NAV,1
4nbt_1,A,4,D2,A9NFJ2,1.48,240,Acholeplasma laidlawii (strain PG-8A),1054,37694,1.77,0.10,685,4.27,3.63,4.27,3.71,1.39,208890.13,4.74,369,248,20502.48,Enzyme,4NBT,1
4nbu_1,A,4,D2,A6CQL2,1.34,250,Bacillus sp. SG-1,1025,39153,2.38,0.15,747,4.27,3.59,4.27,3.16,1.48,153597.63,4.84,365,272,22784.09,Other,4NBU,1
4nbv_1,A,4,D2,B3R6T4,1.64,246,Cupriavidus taiwanensis (strain DSM 17343 / BCRC 17206 / CCUG 44338 / CIP 107171 / LMG 19424 / R1) (Ralstonia taiwanensis (strain LMG 19424)),1095,36428,2.07,0.11,724,4.25,3.58,4.25,3.74,1.39,195229.96,4.75,404,260,21127.76,Enzyme,4NBV,1
4nbw_1,A,4,D2,A6G411,2,257,Plesiocystis pacifica SIR-1,1108,36044,1.72,0.11,706,4.22,3.62,4.22,3.75,1.47,208315.45,5.44,359,297,23674.43,Enzyme,4NBW,1
4nd2_1,A,4,D2,Q5CYZ2,2,321,Cryptosporidium parvum (strain Iowa II),907,1134,3.01,0.14,924,4.15,3.45,4.15,3.01,1.49,183690.88,6.39,552,332,26621.22,Enzyme,4ND2,1
4nef_1,A,4,C4,P41181,2.75,242,Homo sapiens (Human),673,2710,2.61,0.16,683,4.55,4.03,4.55,3.6,1.07,130532.93,6.81,341,265,21442.26,Transport,4NEF,1
4ni5_1,A,4,D2,B0CGS2,1.7,254,Brucella suis (strain ATCC 23445 / NCTC 10510),967,35669,2.61,0.14,710,4.25,3.61,4.25,3.19,1.49,128071.04,4.85,334,216,17436.99,Enzyme,4NI5,1
4nim_3,A,4,D2,C0RJU5,1.8,277,Brucella melitensis biotype 2 (strain ATCC 23457),960,28121,2.87,0.12,728,4.17,3.55,4.17,3.06,1.43,133792.47,5.63,384,212,16536.98,Enzyme,4NIM,3
4nk4_5,C,4,D2,M4Q2P0,1.65,301,Candidatus Liberibacter asiaticus,1005,2930,2.52,0.14,746,4.29,3.64,4.29,3.26,1.45,160759.35,5.28,405,257,22734.18,Other,4NK4,5
4nle_1,A,4,D2,A0R4I6,2.16,488,Mycolicibacterium smegmatis (strain ATCC 700084 / mc(2)155) (Mycobacterium smegmatis),910,385,2.75,0.15,1370,4.34,3.72,4.34,3.31,1.3,264346.73,9.11,728,494,38476.84,Enzyme,4NLE,1
4nq3_1,A,4,D2,A8IKD2,2.7,356,Azorhizobium caulinodans (strain ATCC 43989 / DSM 5975 / JCM 20966 / LMG 6465 / NBRC 14845 / NCIMB 13405 / ORS 571),123,61,3.63,0.16,874,4.19,3.34,4.19,2.83,1.26,188275.28,5.28,684,384,30325.5,Enzyme,4NQ3,1
4nr0_1,A,4,D2,Q9ZFE4,1.799,273,Pseudomonas aeruginosa (strain ATCC 15692 / DSM 22644 / CIP 104116 / JCM 14847 / LMG 12228 / 1C / PRS 101 / PAO1),1059,9149,2.58,0.13,746,4.3,3.62,4.30,3.25,1.48,159348.77,4.78,411,251,20692.89,Enzyme,4NR0,1
4nzp_1,A,4,D2,Q9PHK7,2.3,409,Campylobacter jejuni subsp. jejuni serotype O:2 (strain ATCC 700819 / NCTC 11168),1019,325,2.88,0.14,1096,4.12,3.44,4.12,2.91,0.94,223819.5,7.96,644,384,30708.3,Enzyme,4NZP,1
4o0l_1,A,4,D2,B9ZZZ6,2.2,275,Rhodotorula mucilaginosa (Yeast) (Rhodotorula rubra),969,25359,2.51,0.12,727,4.23,3.65,4.23,3.29,1.17,157195.18,5.95,394,234,19625.96,Enzyme,4O0L,1
4o1j_1,A,4,D2,C1L335,2.69,255,Sordaria macrospora,539,82,1.83,0.12,560,4.12,3.48,4.12,3.12,1.91,113480.12,5.37,208,166,14023.58,Enzyme,4O1J,1
4o1k_1,A,4,D2,C1L336,1.83,233,Sordaria macrospora,653,749,1.76,0.14,632,3.98,3.31,3.98,2.94,1.7,127576.66,5.81,224,192,17597.13,Enzyme,4O1K,1
4o59_1,O,4,D2,P10096,1.52,332,Bos taurus (Bovine),924,826,2.95,0.16,926,4.23,3.46,4.23,2.96,1.26,199020,6.21,588,375,31697.77,Enzyme,4O59,1
4o5h_3,A,4,D2,B4EH14,2,511,Burkholderia cenocepacia (strain ATCC BAA-245 / DSM 16553 / LMG 16656 / NCTC 13227 / J2315 / CF5610) (Burkholderia cepacia (strain J2315)),1008,6484,3.34,0.14,1383,4.23,3.45,4.23,2.94,1.16,308348.43,6.72,1031,554,43107.46,Enzyme,4O5H,3
4o5m_1,A,4,D2,Q8G3C9,2.2,390,Brucella suis 1330,889,7441,3.51,0.16,997,4.46,3.85,4.46,3.44,0.76,195252.42,5.89,686,426,31760.88,Other,4O5M,1
4o5o_1,A,4,D2,Q8FWK3,1.4,263,Brucella suis 1330,878,23848,2.47,0.14,722,4.28,3.58,4.28,3.11,1.53,145879.35,5.35,360,272,20916.17,Other,4O5O,1
4o6r_1,A,4,D2,B4EJX1,1.9,496,Burkholderia cenocepacia (strain ATCC BAA-245 / DSM 16553 / LMG 16656 / NCTC 13227 / J2315 / CF5610) (Burkholderia cepacia (strain J2315)),990,6679,3.24,0.12,1400,4.35,3.63,4.35,3.17,0.9,308501.01,9.38,999,480,36432.01,Enzyme,4O6R,1
4o6v_1,A,4,D2,B0CL43,1.85,242,Brucella suis (strain ATCC 23445 / NCTC 10510),1050,26321,2.52,0.15,700,4.2,3.51,4.20,3.14,1.08,138720.95,5.01,350,259,20352.85,Enzyme,4O6V,1
4o9a_1,A,4,D2,P14611,1.52,398,Cupriavidus necator (strain ATCC 17699 / DSM 428 / KCTC 22496 / NCIMB 10442 / H16 / Stanier 337) (Ralstonia eutropha),982,1532,3.63,0.17,1115,4.36,3.63,4.36,3.18,1.19,214923.95,6.97,781,428,35915.04,Enzyme,4O9A,1
4oc9_2,B,4,D2,Q0P7Q4,2.35,424,Campylobacter jejuni subsp. jejuni serotype O:2 (strain ATCC 700819 / NCTC 11168),928,2018,3.15,0.12,1176,4.33,3.53,4.33,2.99,1.09,253933.18,6.87,801,363,30433.32,Enzyme,4OC9,2
4oc9_4,G,4,D2,Q0P7Q4,2.35,424,Campylobacter jejuni subsp. jejuni serotype O:2 (strain ATCC 700819 / NCTC 11168),928,2018,3.16,0.12,1162,4.32,3.53,4.32,2.99,1.07,252339.98,6.85,798,362,30230.25,Enzyme,4OC9,4
4odi_1,A,4,D2,S8GJT7,2.6,281,Toxoplasma gondii (strain ATCC 50611 / Me49),745,373,3.04,0.19,687,4.06,3.37,4.06,2.91,0.77,146402.33,4.32,445,333,28542.04,Enzyme,4ODI,1
4oe7_1,A,4,D2,P75682,1.99,343,Escherichia coli (strain K12),1152,1984,3.41,0.15,840,4.28,3.64,4.28,3.21,1.45,174846.34,6.01,596,321,25490.58,Enzyme,4OE7,1
4oh1_1,A,4,D2,B0NC68,2,351,Clostridium scindens (strain ATCC 35704 / DSM 5676 / VPI 13733 / 19),1022,4451,2.7,0.19,856,4.12,3.29,4.12,2.75,1.05,204091.87,5.73,552,468,38006.47,Enzyme,4OH1,1
4ohs_2,C,4,D2,Not Found,2.19,237,Actinia equina,110,35,2.68,0.16,572,4.06,3.23,4.06,2.77,0.75,133795.49,4.56,358,266,21155.21,Other,4OHS,2
4one_1,A,4,D2,Q8YJQ6,1.65,262,Brucella melitensis biotype 1 (strain ATCC 23456 / CCUG 17765 / NCTC 10094 / 16M),1039,23872,2.57,0.15,706,4.08,3.41,4.08,2.99,1.11,149578.17,5.18,385,285,22153.58,Enzyme,4ONE,1
4ord_2,B,4,D2,F6P1Y9,1.8,149,Danio rerio (Zebrafish) (Brachydanio rerio),682,642,2.36,0.18,396,4.03,3.23,4.03,2.85,1.87,78879.93,4.64,186,170,13907.95,Enzyme,4ORD,2
4osp_1,A,4,D2,K0IB23,2.25,263,Streptomyces fradiae (Streptomyces roseoflavus),1078,26748,2.74,0.17,717,4.27,3.64,4.27,3.29,1.31,141262.19,4.73,387,294,24410.7,Enzyme,4OSP,1
4p13_1,A,4,D2,P11310,1.72,387,Homo sapiens (Human),914,7128,3.09,0.14,1172,4.29,3.69,4.29,3.31,0.78,238717.97,6.13,738,398,32737.81,Enzyme,4P13,1
4p5a_1,A,4,D2,C1IC19,1.76,239,Streptomyces asoensis,559,305,1.62,0.12,609,4.19,3.58,4.19,3.21,1.43,150365.19,7.5,244,217,17822.63,Enzyme,4P5A,1
4p76_1,A,4,D2,Q53UG8,2.9,226,Dipsastraea favus (Head coral) (Favia favus),108,49,2.68,0.17,586,3.96,3.02,3.96,2.55,1.25,132765,5.74,356,274,22254.66,Binding,4P76,1
4p7d_1,A,4,C2,Q0WBS6,2.78,143,Yersinia pestis,356,227,1.2,0.16,297,4.44,3.75,4.44,3.36,1.28,81097.72,6.76,97,145,13244.33,Other,4P7D,1
4p86_1,A,4,D2,Not Found,1.93,183,Bacillus subtilis,1026,626,2.45,0.21,477,4.03,3.2,4.03,2.73,1.77,107281.95,5.21,263,259,22234.78,Other,4P86,1
4p8r_1,A,4,D2,Q38AR9,2.2,339,Trypanosoma brucei brucei (strain 927/4 GUTat10.1),939,804,2.98,0.15,922,4.21,3.4,4.21,2.91,1.39,196413.13,6.53,585,375,29981.49,Enzyme,4P8R,1
4pf1_1,A,4,D2,M7TVE7,2.1,626,Thaumarchaeota archaeon SCGC AB-539-E09,957,1254,3.55,0.13,1474,4.25,3.6,4.25,3.12,0.32,384839.5,8.5,1366,633,51187.96,Other,4PF1,1
4pfq_1,A,4,D2,C7MC15,2.1,207,Brachybacterium faecium (strain ATCC 43885 / DSM 4810 / JCM 11609 / LMG 19847 / NBRC 14762 / NCIMB 9860 / 6-10),1056,949,2.32,0.21,440,3.88,3.07,3.88,2.65,2.24,109221.8,4.78,253,250,22406.43,Enzyme,4PFQ,1
4plg_1,A,4,D2,A0A075B5G8,1.19,334,Apicomplexa,956,1182,2.15,0.10,912,4.23,3.56,4.23,3.72,1.42,265646.59,6.56,570,326,25721.1,Other,4PLG,1
4plt_1,B,4,D2,A0A075B5H0,1.6,331,Apicomplexa,974,1240,2.94,0.13,962,4.3,3.7,4.30,3.29,1.57,194212.85,6.24,571,328,24776.78,Other,4PLT,1
4plz_1,A,4,D2,Q71T02,1.05,322,Plasmodium falciparum (malaria parasite P. falciparum),917,1082,2.9,0.14,968,4.25,3.48,4.25,3.02,1.73,176285.74,6.35,512,324,24130.11,Enzyme,4PLZ,1
4pql_1,A,4,D2,B1B3N7,2.44,131,Staphylococcus aureus,170,432,1.14,0.17,336,3.79,3.25,3.79,2.95,1.47,84336.22,6.07,96,138,14701.95,Other,4PQL,1
4pta_1,D,4,D2,Q2FDD7,2.6,131,Staphylococcus aureus subsp. aureus USA300,134,391,1.53,0.15,348,3.74,3.16,3.74,2.85,1.45,76021.38,5.7,116,124,11526.28,Other,4PTA,1
4ptz_2,A,4,D2,P80644,1.9,191,Escherichia coli (strain K12),890,256,2.61,0.18,500,4.04,3.42,4.04,2.99,1.51,107466.2,4.42,280,218,18905.27,Enzyme,4PTZ,2
4pux_2,A,4,D2,B0VAD0,1.43,160,Acinetobacter baumannii AYE,794,460,1.67,0.17,412,3.62,2.74,3.62,2.1,1.27,95572.84,5.89,160,176,16375.06,Other,4PUX,2
4pvf_1,A,4,D2,P34897,2.6,483,Homo sapiens (Human),948,582,3.02,0.15,1298,4.18,3.37,4.18,2.89,1.09,264636.27,7.32,798,452,39017.14,Enzyme,4PVF,1
4pxl_1,A,4,D2,Q8S531,2.25,517,Zea mays (Maize),981,5905,3.51,0.13,1306,4.39,3.62,4.39,3.13,1.02,282453.22,6.66,990,482,37859.88,Enzyme,4PXL,1
4pxl_1,A,4,D2,Q8S531,2.25,517,Zea mays (Maize),981,5905,3.51,0.13,1306,4.39,3.62,4.39,3.13,1.02,282453.22,6.66,990,482,37859.88,Enzyme,4PXL,1
4pxn_1,A,4,D2,C0PHD8,2.94,525,Zea mays (Maize),998,4773,3.64,0.15,1266,4.17,3.48,4.17,3.02,1.21,280894.8,8.57,1022,524,41014.85,Enzyme,4PXN,1
4pz2_1,A,4,D2,K7VEU7,2.4,534,Zea mays,983,5587,3.6,0.14,1285,4.33,3.67,4.33,3.19,0.96,282316.19,6.84,1016,494,40395.83,Other,4PZ2,1
4q3k_1,A,4,D2,A0A0B5KGV8,1.57,260,unidentified,461,591,2.98,0.14,642,4.17,3.46,4.17,2.99,1.03,153035.58,4.97,456,240,21589.22,Other,4Q3K,1
4q3l_2,E,4,D2,Not Found,3,297,unidentified,959,6636,3.05,0.15,724,4.28,3.71,4.28,3.31,1.02,169560.44,6.05,517,291,25250.29,Other,4Q3L,2
4q3n_1,A,4,D2,A0A0B5KUB4,1.97,314,unidentified,942,1062,2.8,0.15,920,4.17,3.46,4.17,2.94,1.66,188515.69,6.49,528,344,28891.36,Other,4Q3N,1
4q72_1,A,4,D2,Q89E26,2.088,1001,Bradyrhizobium diazoefficiens (strain JCM 10833 / BCRC 13528 / IAM 13628 / NBRC 14792 / USDA 110),920,281,4.03,0.18,2638,4.06,3.44,4.06,3.02,0.89,542587.31,11.51,2186,1239,95203.05,Enzyme,4Q72,1
4q9d_1,A,4,D2,A0QSU7,2.2,545,Mycolicibacterium smegmatis (strain ATCC 700084 / mc(2)155) (Mycobacterium smegmatis),1050,3139,3.35,0.14,1334,4.1,3.42,4.10,2.94,1.05,302873.71,6.94,1016,504,41208.19,Enzyme,4Q9D,1
4q9n_1,A,4,D2,T1TQB5,1.8,298,Chlamydia trachomatis F/11-96,949,1357,2.5,0.14,798,4.2,3.56,4.20,3.14,1.23,177061.59,5.78,442,316,25647.82,Other,4Q9N,1
4qd8_2,C,4,D2,Q9I3A4,1.616,152,Pseudomonas aeruginosa (strain ATCC 15692 / DSM 22644 / CIP 104116 / JCM 14847 / LMG 12228 / 1C / PRS 101 / PAO1),982,426,1.91,0.17,399,4.01,3.33,4.01,2.77,1.57,87536.74,4.36,167,179,14941.97,Enzyme,4QD8,2
4qed_2,A,4,D2,I6ZQW6,1.85,248,Staphylococcus epidermidis,1112,32005,2.54,0.16,706,4.11,3.56,4.11,3.07,0.98,150102.34,5.1,382,276,24310.17,Enzyme,4QED,2
4qf6_3,F,4,D2,C2N217,1.9,494,Bacillus cereus ATCC 10876,999,7145,3.63,0.15,1373,4.42,3.78,4.42,3.37,0.96,286532.73,7,1040,500,41891.24,Other,4QF6,3
4qfw_1,A,4,D2,Q0WCE2,2,288,Yersinia pestis,312,1181,2.54,0.17,636,4.18,3.38,4.18,2.99,0.81,160697.38,6.03,408,323,27669.22,Other,4QFW,1
4qgp_1,A,4,D2,O29089,1.8,118,Archaeoglobus fulgidus (strain ATCC 49558 / DSM 4304 / JCM 9628 / NBRC 100126 / VC-16),214,604,0.38,0.10,330,3.9,3.57,3.90,3.44,0.85,68546.7,6.61,26,79,7135.38,Enzyme,4QGP,1
4qom_1,A,4,D2,W8QL66,1.65,491,Bacillus pumilus,872,396,2.23,0.10,1177,4.24,3.49,4.24,2.97,0.28,324897.06,9.49,724,381,31788.58,Other,4QOM,1
4qsh_1,A,4,D2,W6G6F5,2.5,1148,Listeria monocytogenes,531,76,3.65,0.17,2981,4.1,3.32,4.10,2.78,0.89,641086.79,12.76,2340,1410,105905.88,Other,4QSH,1
4qto_1,A,4,D2,Q5HCU0,1.65,520,Staphylococcus aureus subsp. aureus COL,998,6117,3.05,0.11,1598,4.35,3.6,4.35,3.12,0.82,327840.5,10.12,999,451,36558.98,Other,4QTO,1
4qyj_1,A,4,D2,V4GH04,2.83,516,Pseudomonas putida S12,997,6256,3.8,0.16,1029,4.04,3.17,4.04,2.64,0.97,254454.46,7.08,967,569,40027.89,Other,4QYJ,1
4r2l_1,A,4,D2,P67091,1.8,158,Salmonella typhimurium (strain LT2 / SGSC1412 / ATCC 700720),712,2303,2.17,0.17,344,3.74,3.17,3.74,2.77,1.69,81225.39,5.01,176,166,13981.79,Other,4R2L,1
4r6r_1,A,4,D2,P18670,1.38,133,Artocarpus integer (Jack fruit) (Artocarpus integrifolia),147,475,2.13,0.15,343,4.87,3.82,4.87,3.26,0.87,93769.25,4.14,200,157,13671.84,Binding,4R6R,1
4r7u_1,A,4,D2,Q9KP62,2.45,422,Vibrio cholerae serotype O1 (strain ATCC 39315 / El Tor Inaba N16961),1157,827,3.81,0.15,1136,4.25,3.48,4.25,3.03,1.46,239743.86,5.83,913,474,36663.43,Enzyme,4R7U,1
4r8x_1,A,4,D2,C5HDG5,1.4,322,Metabacillus fastidiosus,510,92,1.85,0.12,810,4.11,3.39,4.11,2.89,1.26,212504.99,7.4,393,306,24649.79,Enzyme,4R8X,1
4r99_1,A,4,D2,C5HDG5,1.8,335,Metabacillus fastidiosus,529,42,1.91,0.12,804,4.1,3.36,4.10,2.86,1.27,206176.22,7.48,394,321,25578.64,Enzyme,4R99,1
4rbn_1,A,4,D2,Q820M5,3.05,794,Nitrosomonas europaea (strain ATCC 19718 / CIP 103999 / KCTC 2705 / NBRC 14298),682,46,3.72,0.20,1927,4.56,3.91,4.56,3.48,0.76,476378.4,8.04,1773,1136,93834.28,Enzyme,4RBN,1
4red_1,A,4,D2,Q13131,2.95,351,Homo sapiens (Human),296,4191,2.32,0.17,716,3.99,3.33,3.99,2.89,1.42,198166.34,7.62,460,384,32949.44,Enzyme,4RED,1
4rgy_1,A,4,D2,B8Y562,1.4,271,uncultured bacterium FLS12,650,1251,3.07,0.14,638,4.24,3.48,4.24,3.08,0.96,149973.49,5.08,460,262,21692.43,Enzyme,4RGY,1
4rhy_1,A,4,D2,A5U8U8,2.3196,201,Mycobacterium tuberculosis (strain ATCC 25177 / H37Ra),1029,1381,2.45,0.18,417,4.04,3.33,4.04,2.94,1.81,108236.06,4.8,265,231,18980.38,Enzyme,4RHY,1
4rje_1,A,4,C4,Q44467,1.65,374,Aerococcus viridans (strain ATCC 11563 / DSM 20340 / CCUG 4311 / JCM 20461 / NBRC 12219 / NCTC 8251 / M1),1000,1702,3.25,0.14,988,4.39,3.68,4.39,3.24,0.99,224485.65,6.8,730,383,30587.75,Enzyme,4RJE,1
4rjj_3,G,4,D2,V5MX36,2.34,571,Bacillus subtilis PY79,1088,3226,3.57,0.13,1510,4.32,3.63,4.32,3.16,1.1,324580.48,6.74,1160,480,40720.65,Other,4RJJ,3
4rm7_1,A,4,D2,C7N4Y3,2.53,391,Slackia heliotrinireducens (strain ATCC 29202 / DSM 20476 / NCTC 11029 / RHS 1) (Peptococcus heliotrinreducens),966,2596,2.93,0.18,1048,4.1,3.45,4.10,2.99,1.19,221498.21,5.83,648,476,38914.34,Enzyme,4RM7,1
4rot_1,A,4,D2,V6W522,1.75,268,Streptococcus pyogenes,627,1046,2.75,0.13,702,4.09,3.31,4.09,2.84,0.98,167263.68,6.44,460,260,22441.38,Other,4ROT,1
4rqa_2,A,4,D2,A8YZK8,1.48,186,Staphylococcus aureus subsp. aureus USA300_TCH1516,1063,1473,2.3,0.16,424,3.94,3.16,3.94,2.54,1.93,105954.26,5.45,244,208,17282.56,Other,4RQA,2
4rv8_1,A,4,C4,Q8T6T2,2.05,361,Cryptosporidium parvum,486,483,3.03,0.15,863,4.27,3.57,4.27,3.09,1.53,189184.61,6.85,574,355,28971.55,Enzyme,4RV8,1
4rzi_2,A,4,D2,M1M987,2.89,240,Synechocystis sp. PCC 6803,991,31566,2.77,0.16,654,4.16,3.49,4.16,3.06,1.16,131947.96,5.12,366,244,20635.42,Other,4RZI,2
4s1o_3,A,4,D2,I6X474,1.84,201,Mycobacterium tuberculosis H37Rv,762,3287,2.64,0.20,444,3.91,3.35,3.91,2.9,1.46,106217.75,4.33,280,248,21432.14,Other,4S1O,3
4tkl_1,A,4,D2,A0A075B5H4,1.8,258,Sphingomonas sp. A1,859,26887,2.82,0.15,712,4.19,3.63,4.19,3.15,1.22,138792.29,5.22,392,238,20144.32,Other,4TKL,1
4tkm_1,A,4,D2,A0A075B5H4,2.67,258,Sphingomonas sp. A1,838,26887,2.82,0.13,704,4.26,3.62,4.26,3.25,1.33,135695.4,5.24,382,226,17968.79,Other,4TKM,1
4tm3_1,A,4,D2,A8CF85,2.09,443,Kutzneria sp. (strain 744),662,432,3.11,0.16,1060,4.03,3.37,4.03,2.92,0.88,247478.29,6.64,770,525,40400.9,Enzyme,4TM3,1
4tqt_1,A,4,D2,Q8G2P0,2.15,497,Brucella suis 1330,1002,2344,3.74,0.13,1397,4.42,3.65,4.42,3.22,0.63,284448.97,8.33,1064,463,35682.9,Other,4TQT,1
4tr9_1,A,4,C2,Q7KQL9,2.11,369,Plasmodium falciparum (isolate 3D7),853,318,3.02,0.14,913,4.38,3.78,4.38,3.44,0.98,213217.35,5.22,643,351,30900.48,Enzyme,4TR9,1
4tro_1,A,4,D2,M9TGV3,1.4,269,Mycobacterium tuberculosis,1012,805,2.97,0.15,856,4.09,3.35,4.09,2.89,1.31,155088.3,5.23,460,284,22820,Enzyme,4TRO,1
4tu1_1,A,4,D2,B9PW35,1.749,355,Toxoplasma gondii (strain ATCC 50861 / VEG),791,322,3.22,0.18,973,4.35,3.74,4.35,3.39,0.96,205383.42,5.81,661,449,36393.47,Enzyme,4TU1,1
4u2h_2,E,4,D2,Q8KNG3,1.85,389,Micromonospora echinospora (Micromonospora purpurea),857,1960,2.95,0.13,982,4.22,3.49,4.22,3.06,1.2,216789.55,7,640,372,28031.4,Enzyme,4U2H,2
4u36_1,A,4,D2,P81371,1.398,240,Vatairea macrocarpa,138,1219,3.04,0.18,632,3.88,2.95,3.88,2.41,0.99,136632.54,4.06,416,312,24788.36,Binding,4U36,1
4u3w_1,A,4,D2,B4EFS9,1.95,505,Burkholderia cenocepacia (strain ATCC BAA-245 / DSM 16553 / LMG 16656 / NCTC 13227 / J2315 / CF5610) (Burkholderia cepacia (strain J2315)),958,6447,3.65,0.15,1408,4.21,3.49,4.21,3.02,0.92,281449.42,7.03,1028,548,42235.13,Enzyme,4U3W,1
4u8g_1,A,4,D2,Q8E370,2.9,278,Streptococcus agalactiae serotype III (strain NEM316),1132,28516,2.48,0.18,736,3.85,3.22,3.85,2.75,1.41,148592.96,6.37,368,316,26804.38,Enzyme,4U8G,1
4ub9_1,A,4,D2,G2XLB0,2.27,496,Gulosibacter molinativorax,880,1918,3.78,0.14,1290,4.23,3.47,4.23,2.99,0.88,273700.01,6.96,1034,496,39269.26,Enzyme,4UB9,1
4um7_1,A,4,C4,F1X4B5,1.64,193,Moraxella catarrhalis BC8,1095,1028,2.52,0.16,510,4.19,3.62,4.19,3.23,1.59,109427.23,6.25,276,213,17095.93,Other,4UM7,1
4uox_1,A,4,D2,P42588,2.1,467,Escherichia coli (strain K12),998,2619,2.66,0.12,1327,4.56,3.92,4.56,3.51,1,266465.21,6.56,710,407,33224.66,Enzyme,4UOX,1
4upk_2,C,4,D2,Q5LKJ1,2.24,538,Ruegeria pomeroyi (strain ATCC 700808 / DSM 15171 / DSS-3) (Silicibacter pomeroyi),827,2132,3.56,0.15,1232,4.12,3.42,4.12,2.91,0.34,302481.65,7.23,1076,532,44220.05,Enzyme,4UPK,2
4urf_1,A,4,D2,Q5P8S7,1.1,248,Aromatoleum aromaticum (strain DSM 19018 / LMG 30748 / EbN1) (Azoarcus sp. (strain EbN1)),1096,34057,2.76,0.14,874,4.33,3.68,4.33,3.25,0.87,147071.03,4.87,406,246,20400.58,Enzyme,4URF,1
4uxd_1,A,4,D2,Q6KZI8,2.5,297,Picrophilus oshimae,1112,1166,3.13,0.15,835,4.4,3.81,4.40,3.48,1.12,172479.46,6.12,540,304,25714.24,Other,4UXD,1
4uxh_1,A,4,D2,Q4QC75,2.4,184,Leishmania major,574,697,2.67,0.16,430,3.85,3.15,3.85,2.67,1.18,99512.71,5.66,266,198,16123.14,Enzyme,4UXH,1
4uxj_3,A,4,D2,Q4QC75,3,191,Leishmania major,488,679,2.67,0.18,441,3.86,3.09,3.86,2.61,1.35,93245.74,5.29,249,210,16528.34,Enzyme,4UXJ,3
4w61_1,A,4,D2,Q0KBP1,2,414,Cupriavidus necator (strain ATCC 17699 / DSM 428 / KCTC 22496 / NCIMB 10442 / H16 / Stanier 337) (Ralstonia eutropha),980,1379,3.82,0.17,1173,4.22,3.43,4.22,2.95,1.17,214510.43,6.63,819,407,36746.33,Enzyme,4W61,1
4w6z_1,A,4,D2,P00330,2.4,347,Saccharomyces cerevisiae (strain ATCC 204508 / S288c) (Baker's yeast),1066,8207,3.49,0.17,972,4.23,3.5,4.23,3.06,1.05,194510.47,6.07,678,390,32734.14,Enzyme,4W6Z,1
4w7i_2,C,4,D2,Not Found,1.98,258,Sphingomonas sp. A1,908,27759,2.82,0.16,750,4.26,3.53,4.26,3.09,1.32,138062.1,5.06,390,252,21826.06,Other,4W7I,2
4w9u_1,A,4,D2,Q2YPZ4,2.4,395,Brucella abortus 2308,882,4343,3.3,0.16,1091,4.34,3.7,4.34,3.27,0.89,209109.07,6.06,690,450,32641.36,Other,4W9U,1
4wbx_1,C,4,D2,Q8U046,2.301,395,Pyrococcus furiosus (strain ATCC 43587 / DSM 3638 / JCM 8422 / Vc1),264,1088,3.51,0.18,760,3.97,3.23,3.97,2.7,1.19,167554.58,6.07,588,364,30186.46,Enzyme,4WBX,1
4wec_1,A,4,D2,A0QVJ7,1.55,278,Mycolicibacterium smegmatis (strain ATCC 700084 / mc(2)155) (Mycobacterium smegmatis),930,30831,2.43,0.13,759,4.25,3.69,4.25,3.3,1.21,156812.97,5.64,381,254,19629.06,Enzyme,4WEC,1
4weo_1,A,4,D2,B4EAZ8,1.85,266,Burkholderia cenocepacia (strain ATCC BAA-245 / DSM 16553 / LMG 16656 / NCTC 13227 / J2315 / CF5610) (Burkholderia cepacia (strain J2315)),1093,29203,2.87,0.14,727,4.28,3.67,4.28,3.31,1.37,139927.65,5.16,402,248,19086.34,Enzyme,4WEO,1
4whb_1,B,4,D2,B8R4K0,2.958,461,Mycolicibacterium brisbanense,898,1828,2.73,0.12,810,4.66,4,4.66,4.04,1,358685.16,6.01,978,552,42322.78,Enzyme,4WHB,1
4wif_1,A,4,D2,P9WPH2,1.69,133,Mycobacterium tuberculosis (strain CDC 1551 / Oshkosh),741,1247,2.3,0.16,348,4.11,3.34,4.11,2.9,1.8,69710.63,4.45,160,130,10936.13,Enzyme,4WIF,1
4wil_1,A,4,D2,Q9CZL5,1.36,105,Mus musculus (Mouse),635,789,2.1,0.20,294,3.87,3.25,3.87,2.88,1.1,60865.44,3.1,128,158,12096.32,Enzyme,4WIL,1
4woz_1,A,4,D2,D5Q364,1.95,302,Clostridioides difficile NAP08,1140,2257,3.12,0.13,895,4.46,3.87,4.46,3.52,1.18,187868.08,5.66,587,302,24903.05,Enzyme,4WOZ,1
4wr2_1,A,4,D2,A3QAS1,1.7,335,Shewanella loihica (strain ATCC BAA-1088 / PV-4),1090,1745,3.41,0.17,768,3.99,3.21,3.99,2.76,1.52,179693.75,5.72,612,380,30975.51,Enzyme,4WR2,1
4x6g_2,E,4,C2,Q9HTL4,2,316,Pseudomonas aeruginosa (strain ATCC 15692 / DSM 22644 / CIP 104116 / JCM 14847 / LMG 12228 / 1C / PRS 101 / PAO1),137,10208,2.58,0.19,776,4.21,3.62,4.21,3.22,1.36,180277.89,11.77,465,407,34969.96,Regulatory,4X6G,2
4xcb_1,A,4,D2,Q2MFS1,1.6,261,Streptomyces hygroscopicus subsp. hygroscopicus,306,127,2.34,0.15,641,4.12,3.38,4.12,2.95,0.83,162739.96,5.02,380,293,24184.84,Enzyme,4XCB,1
4xfj_1,A,4,D2,G7CBN9,1.55,408,Mycolicibacterium thermoresistibile (strain ATCC 19527 / DSM 44167 / CIP 105390 / JCM 6362 / NCTC 10409 / 316) (Mycobacterium thermoresistibile),1040,323,2.71,0.13,1154,4.22,3.52,4.22,3.06,0.9,239732.66,8.07,650,392,30077.43,Enzyme,4XFJ,1
4xgn_2,E,4,D2,Q2T0K5,1.65,260,Burkholderia thailandensis (strain ATCC 700388 / DSM 13276 / CCUG 48851 / CIP 106301 / E264),936,17295,2.62,0.14,716,4.2,3.52,4.20,3.17,1.24,152890.87,5,400,250,21301.49,Enzyme,4XGN,2
4xkm_2,C,4,D2,Q8A9M2,2.1,458,Bacteroides thetaiotaomicron (strain ATCC 29148 / DSM 2079 / JCM 5827 / CCUG 10774 / NCTC 10582 / VPI-5482 / E50),1000,49,2.51,0.11,1217,4.26,3.74,4.26,3.35,0.74,273363.74,8.22,685,377,29834.42,Enzyme,4XKM,2
4xky_1,A,4,D2,Q8A3Z0,2.1,300,Bacteroides thetaiotaomicron (strain ATCC 29148 / DSM 2079 / JCM 5827 / CCUG 10774 / NCTC 10582 / VPI-5482 / E50),1145,3004,3.4,0.16,857,4.29,3.6,4.29,3.26,1.58,177365.34,4.76,603,347,27710.45,Other,4XKY,1
4xky_1,A,4,D2,Q8A3Z0,2.1,300,Bacteroides thetaiotaomicron (strain ATCC 29148 / DSM 2079 / JCM 5827 / CCUG 10774 / NCTC 10582 / VPI-5482 / E50),1145,3004,3.4,0.16,857,4.29,3.6,4.29,3.26,1.58,177365.34,4.76,603,347,27710.45,Other,4XKY,1
4xrf_1,A,4,D2,Q81HX3,2.16,142,Bacillus cereus (strain ATCC 14579 / DSM 31 / CCUG 7414 / JCM 2152 / NBRC 15305 / NCIMB 9373 / NCTC 2599 / NRRL B-3711),433,2154,1.18,0.17,476,3.94,3.43,3.94,3.11,2.17,88338.3,5.14,104,164,15215.68,Regulatory,4XRF,1
4xvx_1,A,4,D2,P9WQF9,2.3,389,Mycobacterium tuberculosis (strain ATCC 25618 / H37Rv),887,1349,3.09,0.14,1124,4.15,3.65,4.15,3.25,1.51,213841.54,6.97,660,376,30360.8,Enzyme,4XVX,1
4xxf_1,A,4,C4,A0A0J9X279,1.34,258,Glaciozyma antarctica,772,682,3.16,0.15,676,4.18,3.5,4.18,3.07,0.79,146637.34,5.52,464,268,22391.72,Other,4XXF,1
4xy5_1,A,4,D2,Q97NZ8,1.8,137,Streptococcus pneumoniae TIGR4,280,416,2.08,0.16,352,3.88,2.97,3.88,2.55,1.81,71209.97,4.83,148,128,11173.04,Other,4XY5,1
4y0e_2,E,4,D2,B1MIR1,1.9,338,Mycobacteroides abscessus (strain ATCC 19977 / DSM 44196 / CCUG 20993 / CIP 104536 / JCM 13569 / NCTC 13031 / TMC 1543 / L948) (Mycobacterium abscessus),1054,788,3.29,0.16,746,4.12,3.43,4.12,2.93,0.39,189709.94,5.55,625,398,30755.39,Binding,4Y0E,2
4y1b_1,A,4,D2,M1SQA1,1.5,425,Streptomyces sp. NRRL 2288,1024,1991,3.36,0.17,1084,4.12,3.39,4.12,2.88,1.01,239231.1,6.27,804,488,40023.55,Enzyme,4Y1B,1
4y9j_1,A,4,D2,Q3T978,1.8,593,Caenorhabditis elegans,965,239,3.03,0.12,1752,4.33,3.72,4.33,3.3,1.1,364143.94,11.3,1104,554,45011.02,Other,4Y9J,1
4yng_1,A,4,D2,P0AD62,2.28,470,Escherichia coli O157:H7,923,1584,2.43,0.14,1190,4.28,3.64,4.28,3.66,1.22,385008.69,5.61,934,670,52692.01,Enzyme,4YNG,1
4yqy_1,A,4,D2,A3T0C9,1.38,270,Sulfitobacter sp. NAS-14.1,808,28937,2.52,0.16,676,4.13,3.41,4.13,3.02,1.46,135976.83,6.2,342,282,22052.58,Other,4YQY,1
4yqz_1,A,4,D2,Q746L9,1.8,257,Thermus thermophilus (strain ATCC BAA-163 / DSM 7039 / HB27),982,28786,2.53,0.15,652,4.2,3.6,4.20,3.21,1.48,138454.06,4.63,350,239,20512.56,Enzyme,4YQZ,1
4ysh_1,A,4,D2,Q5L2C2,2.2,376,Geobacillus kaustophilus (strain HTA426),868,5590,3.64,0.18,967,4.08,3.32,4.08,2.87,1.3,210342.78,4.83,766,486,38608.2,Enzyme,4YSH,1
4ysn_1,A,4,D2,M1GRN3,1.94,462,Lentilactobacillus buchneri (Lactobacillus buchneri),1019,3954,2.73,0.12,1249,4.43,3.8,4.43,3.3,1,277743.49,6.41,757,410,34646.52,Enzyme,4YSN,1
4ywe_1,A,4,D2,B4E8B7,2.15,487,Burkholderia cenocepacia (strain ATCC BAA-245 / DSM 16553 / LMG 16656 / NCTC 13227 / J2315 / CF5610) (Burkholderia cepacia (strain J2315)),977,6607,3.51,0.14,1331,4.32,3.66,4.32,3.26,0.91,285606.86,6.84,1002,534,39103.25,Enzyme,4YWE,1
4ywj_1,A,4,D2,P38103,1.8,276,Pseudomonas aeruginosa (strain ATCC 15692 / DSM 22644 / CIP 104116 / JCM 14847 / LMG 12228 / 1C / PRS 101 / PAO1),1124,993,3.12,0.18,748,3.99,3.34,3.99,2.89,1.31,151137,5.32,472,328,26575.33,Enzyme,4YWJ,1
4z0g_2,B,4,C4,Q756Z6,1.25,413,Eremothecium gossypii (strain ATCC 10895 / CBS 109.51 / FGSC 9923 / NRRL Y-1056) (Yeast) (Ashbya gossypii),703,407,2.14,0.09,980,4.18,3.38,4.18,3.54,1.18,307065.66,7.91,656,340,28990.33,Enzyme,4Z0G,2
4z0h_1,O,4,D2,P25858,2.18,334,Arabidopsis thaliana (Mouse-ear cress),920,813,3.08,0.16,884,4.26,3.47,4.26,2.97,1.08,195865.65,6.36,604,368,32057.18,Enzyme,4Z0H,1
4z6k_1,A,4,D2,Q8GIX7,1.9,346,Moraxella sp. (strain TAE123),1038,9740,3.14,0.17,949,3.93,3.17,3.93,2.75,1.36,203705.22,5.93,640,431,34172.4,Enzyme,4Z6K,1
4z6m_1,A,4,D2,Q45135,1.35,365,Brevibacterium fuscum,1012,80,3.02,0.12,1054,4.27,3.48,4.27,2.94,0.4,244364.74,6.06,737,357,29392.48,Binding,4Z6M,1
4z9f_2,E,4,D2,Q46346,1.75,244,Corynebacterium sp.,1000,7044,2.61,0.14,684,4.3,3.68,4.30,3.25,1.22,149294.9,5.28,390,266,21010.19,Other,4Z9F,2
4z9x_1,A,4,D2,Q9A0T1,1.7,264,Streptococcus pyogenes serotype M1,1126,30109,2.4,0.15,736,4.12,3.44,4.12,3.04,1.28,145206.55,5.51,348,264,21406.66,Enzyme,4Z9X,1
4z9y_1,A,4,D2,A0A093RP61,1.63,253,Pectobacterium carotovorum subsp. carotovorum,1068,31168,2.57,0.14,730,4.26,3.74,4.26,3.3,1.19,156241.51,5.71,402,254,21242.61,Other,4Z9Y,1
4za2_1,A,4,D2,A0A093RP61,1.55,253,Pectobacterium carotovorum subsp. carotovorum,1060,31168,2.61,0.14,692,4.27,3.75,4.27,3.37,1.18,146945.42,5.75,383,242,20243.31,Other,4ZA2,1
4zbo_1,A,4,D2,D7C0E5,1.4,265,Streptomyces bingchenggensis (strain BCW-1),404,79,1.41,0.08,656,4.05,3.15,4.05,3.33,1.51,221884,5.84,313,241,18093.76,Enzyme,4ZBO,1
4zd6_1,A,4,D2,Q46347,1.6,227,Corynebacterium sp.,850,14726,2.49,0.14,647,4.37,3.81,4.37,3.35,1.39,141506.9,4.92,353,229,19117.67,Other,4ZD6,1
4zdj_1,A,4,D2,P9WHK7,1.99,587,Mycobacterium tuberculosis (strain ATCC 25618 / H37Rv),1036,343,3.76,0.17,1480,4.1,3.42,4.10,2.92,0.86,308720.6,6.76,1160,664,51698.7,Enzyme,4ZDJ,1
4zdl_1,A,4,D2,Q9HD40,2.25,501,Homo sapiens (Human),404,122,3.01,0.15,1278,4.32,3.64,4.32,3.23,1.1,259772.57,7.27,782,486,39158.4,Enzyme,4ZDL,1
4zfl_3,F,4,D2,A0R5M9,1.7,234,Mycolicibacterium smegmatis (strain ATCC 700084 / mc(2)155) (Mycobacterium smegmatis),608,199,2.41,0.12,603,3.97,3.2,3.97,3.2,0.98,192844.67,4.86,464,273,22463.57,Enzyme,4ZFL,3
4zfn_1,A,4,D2,Q97W22,1.9,179,Saccharolobus solfataricus (strain ATCC 35092 / DSM 1617 / JCM 11322 / P2) (Sulfolobus solfataricus),382,400,2.15,0.16,458,4.05,3.43,4.05,3.04,1.58,114322.16,5.87,246,196,17911.23,Enzyme,4ZFN,1
4zg5_1,D,4,D2,B2S5B9,1.9,263,Brucella abortus (strain S19),1149,1295,2.9,0.14,626,4.1,3.29,4.10,2.8,1.05,142197.82,7.19,413,238,20505.46,Enzyme,4ZG5,1
4zgs_1,A,4,D2,B0LUZ5,2.46,386,Chlamydomonas reinhardtii (Chlamydomonas smithii),997,710,2.68,0.18,922,4.14,3.56,4.14,3.18,1.84,202601.71,5.75,543,437,36210.75,Enzyme,4ZGS,1
4zht_1,A,4,D2,Q9Y223,2.69,411,Homo sapiens (Human),996,784,3.29,0.16,934,4.14,3.39,4.14,2.89,1.03,230456.63,6.44,758,430,36547.59,Enzyme,4ZHT,1
4zic_1,D,4,D2,A0A080WMA9,2.55,379,Trichophyton rubrum BMU01672,1037,403,2.57,0.12,807,4.43,3.6,4.43,3.67,1.23,281324.39,5.2,723,429,34836.12,Other,4ZIC,1
4zju_1,A,4,D2,V5VH25,1.2,275,Acinetobacter baumannii,1083,8777,2.59,0.15,764,4.08,3.39,4.08,2.96,1.58,151216.23,5.12,392,276,23188.01,Other,4ZJU,1
4zyj_1,A,4,D2,A0A0R4I990,2.736,425,Streptomyces peucetius,907,1625,3.3,0.18,1153,4.36,3.73,4.36,3.4,1.17,218098.84,5.24,719,496,39375.53,Other,4ZYJ,1
4zz7_3,I,4,D2,G5CZI2,2.9,501,Oceanimonas doudoroffii,991,6233,3.54,0.14,1304,4.45,3.7,4.45,3.3,1.13,280984.72,8.78,996,465,38245.66,Enzyme,4ZZ7,3
5a1i_1,A,4,D2,P31153,1.1,395,Homo sapiens (Human),995,343,3.17,0.14,1169,4.16,3.37,4.16,2.87,0.69,229810.62,7.13,728,364,31757.72,Enzyme,5A1I,1
5a5l_1,A,4,D2,Q8DJE9,2.34,364,Thermosynechococcus vestitus (strain NIES-2133 / IAM M-273 / BP-1),769,158,3.61,0.17,968,4.11,3.32,4.11,2.75,1.4,190339.63,6.54,688,396,32112.7,Enzyme,5A5L,1
5af7_1,A,4,D2,K4L7X3,1.89,401,Advenella mimigardefordensis (strain DSM 17166 / LMG 22922 / DPN7),943,6206,3.17,0.15,1122,4.17,3.61,4.17,3.2,0.95,235062.59,6.88,744,450,35872.7,Enzyme,5AF7,1
5afd_1,A,4,D2,B6EI04,1.65,300,Aliivibrio salmonicida (strain LFI1238) (Vibrio salmonicida (strain LFI1238)),1117,2445,3.39,0.17,936,4.06,3.4,4.06,2.98,1.16,172071.45,4.9,584,356,29629.42,Enzyme,5AFD,1
5ahn_1,A,4,C4,Q9HXM5,1.65,489,Pseudomonas aeruginosa (strain ATCC 15692 / DSM 22644 / CIP 104116 / JCM 14847 / LMG 12228 / 1C / PRS 101 / PAO1),288,345,3.36,0.17,808,4.15,3.34,4.15,2.87,1.37,164183.04,6.33,552,332,27683.72,Enzyme,5AHN,1
5aq1_2,A,4,D2,Q4E0B2,2.65,509,Trypanosoma cruzi (strain CL Brener),960,914,3.3,0.19,1204,3.85,3.18,3.85,2.69,0.92,289742.51,6.37,956,648,55777.91,Enzyme,5AQ1,2
5axc_1,A,4,D2,P50247,1.55,432,Mus musculus (Mouse),578,309,3.08,0.12,1238,4.43,3.72,4.43,3.24,1.03,264436.87,6.99,814,380,31743.54,Enzyme,5AXC,1
5bq2_1,A,4,D2,Q9HVW7,1.7,429,Pseudomonas aeruginosa (strain ATCC 15692 / DSM 22644 / CIP 104116 / JCM 14847 / LMG 12228 / 1C / PRS 101 / PAO1),1149,758,3.48,0.14,1198,4.25,3.48,4.25,2.96,1.4,268363.96,6,934,475,36905.54,Enzyme,5BQ2,1
5bql_1,A,4,D2,A0A182DW87,2.39,242,Entacmaea quadricolor,116,38,2.79,0.16,568,4.18,3.42,4.18,2.93,0.78,133889.3,5.93,373,270,22062.99,Other,5BQL,1
5bt9_5,A,4,D2,A9MA73,1.5,269,Brucella canis (strain ATCC 23365 / NCTC 10854 / RM-666),1030,14899,2.56,0.14,686,4.23,3.64,4.23,3.25,1.09,154470.33,5.13,396,267,21192.61,Enzyme,5BT9,5
5by2_1,A,4,D2,Q47VU0,2.8,199,Colwellia psychrerythraea (strain 34H / ATCC BAA-681) (Vibrio psychroerythus),1006,936,2.22,0.12,548,4.32,3.54,4.32,3.11,2.03,108191.58,5.95,240,160,13423.38,Enzyme,5BY2,1
5byu_2,E,4,D2,Q5ZRL4,2.4,133,Legionella pneumophila subsp. pneumophila (strain Philadelphia 1 / ATCC 33152 / DSM 7513),814,2492,2.09,0.18,302,4.03,3.41,4.03,2.99,1.24,77588.85,4.75,162,166,14250.42,Enzyme,5BYU,2
5byv_3,J,4,D2,A0QUH3,2.16,407,Mycolicibacterium smegmatis (strain ATCC 700084 / mc(2)155) (Mycobacterium smegmatis),953,1457,3.72,0.16,1128,4.47,3.73,4.47,3.32,1,224745.97,5.84,837,421,36273.46,Enzyme,5BYV,3
5c3m_2,B,4,D2,W8R9V4,3.06,447,Geobacillus stearothermophilus (Bacillus stearothermophilus),1120,536,3.67,0.18,1168,4.17,3.55,4.17,3.12,1.16,232383.16,6.26,852,522,41961.41,Enzyme,5C3M,2
5c54_2,E,4,D2,Q8NMD2,1.6,312,Corynebacterium glutamicum (strain ATCC 13032 / DSM 20300 / JCM 1318 / BCRC 11384 / CCUG 27702 / LMG 3730 / NBRC 12168 / NCIMB 10025 / NRRL B-2784 / 534),1153,2073,3.1,0.14,916,4.18,3.63,4.18,3.24,1.6,190808.86,5.88,591,348,26980.58,Enzyme,5C54,2
5c71_1,A,4,D2,A7XS03,2.61,637,Aspergillus oryzae,482,1120,3.62,0.14,1515,4.28,3.55,4.28,3.1,0.43,350135.66,9.27,1268,635,50446.45,Other,5C71,1
5c7i_1,O,4,D2,Q64467,2.0098,333,Mus musculus (Mouse),942,817,2.23,0.11,876,4.12,3.35,4.12,3.47,1.17,269007.25,6.5,600,358,29447.71,Enzyme,5C7I,1
5cdy_1,A,4,D2,Q7CJ23,2.85,244,Yersinia pestis,741,37264,2.11,0.13,542,4.08,3.51,4.08,3.56,1.67,159735.49,5.01,337,242,20853.61,Other,5CDY,1
5cef_1,A,4,D2,Q5KPK7,2.6,375,Cryptococcus deneoformans (strain JEC21 / ATCC MYA-565) (Cryptococcus neoformans var. neoformans serotype D),1016,447,3.45,0.18,890,4.03,3.2,4.03,2.65,1.1,210231.89,5.06,726,466,38385.08,Enzyme,5CEF,1
5cej_1,A,4,D2,Q7CJ23,2.5,244,Yersinia pestis,929,37264,2.06,0.12,568,3.91,3.3,3.91,3.32,1.63,174643.32,5.08,360,252,20190.41,Other,5CEJ,1
5cqf_1,A,4,D2,Q881D3,2.28,443,Pseudomonas syringae pv. tomato (strain ATCC BAA-871 / DC3000),575,425,3.05,0.19,1108,3.8,3.13,3.80,2.63,1,246864.7,6.78,752,612,47287.51,Enzyme,5CQF,1
5cxk_1,A,4,D2,A0A086SLX8,1.9,222,Vibrio cholerae,680,1131,2.12,0.13,604,4.4,3.8,4.40,3.52,0.94,137452.65,5.57,291,203,17328.72,Enzyme,5CXK,1
5d05_1,A,4,D2,Q9K169,1.75,351,Neisseria meningitidis serogroup B (strain ATCC BAA-335 / MC58),937,308,3,0.13,945,4.38,3.73,4.38,3.31,0.81,216268.54,6.09,649,346,27416.02,Enzyme,5D05,1
5d8g_1,A,4,D2,P0A853,1.89,467,Escherichia coli (strain K12),519,180,3.31,0.16,1269,4.17,3.57,4.17,3.12,0.92,279435.48,6.23,924,532,45875.05,Enzyme,5D8G,1
5dbv_1,A,4,D2,A9KN57,1.77,445,Lachnoclostridium phytofermentans (strain ATCC 700394 / DSM 18823 / ISDg) (Clostridium phytofermentans),850,804,2.62,0.12,1200,4.2,3.49,4.20,3.64,1.07,340814.32,5.77,892,492,40975.86,Enzyme,5DBV,1
5dec_1,A,4,D2,O31611,2,218,Bacillus subtilis (strain 168),368,386,1.85,0.21,539,3.94,3.37,3.94,3.1,1.23,120515.86,5.96,223,289,25076.44,Enzyme,05-Dec,1
5dio_1,A,4,D2,G8UUB5,2.6,133,Legionella pneumophila,756,2032,2.32,0.21,296,3.86,3.04,3.86,2.54,1.09,71497.84,4.52,166,168,14883.25,Other,5DIO,1
5dx5_1,A,4,D2,J7TA22,2.37,400,Clostridium sporogenes,910,2024,3.11,0.13,1106,4.42,3.67,4.42,3.3,1.12,230483.19,7.06,716,370,30927.81,Other,5DX5,1
5dx6_1,A,4,D2,P27696,1.75,579,Klebsiella pneumoniae,1068,3130,3.6,0.13,1508,4.36,3.61,4.36,3.15,1.19,318751.45,6.99,1148,526,42985.74,Enzyme,5DX6,1
5e3v_1,A,4,D2,A0A0F6B070,2.72,380,Salmonella typhimurium (strain 14028s / SGSC 2262),142,408,2.75,0.19,768,3.51,2.87,3.51,2.55,1.15,168728.42,8.26,464,396,32887.48,Enzyme,5E3V,1
5e5c_2,A,4,D2,Q9I676,2.1,485,Pseudomonas aeruginosa (strain ATCC 15692 / DSM 22644 / CIP 104116 / JCM 14847 / LMG 12228 / 1C / PRS 101 / PAO1),796,2328,4,0.12,1420,4.36,3.65,4.36,3.21,0.67,278276.46,8.46,1114,450,34710.98,Enzyme,5E5C,2
5e9f_1,A,4,D2,P0CT06,2.8,560,Pyricularia oryzae (strain 70-15 / ATCC MYA-4617 / FGSC 8958) (Rice blast fungus) (Magnaporthe oryzae),850,106,2.55,0.13,1335,4.25,3.69,4.25,3.34,0.5,278758.71,9.48,711,457,36686,Enzyme,5E9F,1
5e9g_1,A,4,D2,P0CT06,2.1,560,Pyricularia oryzae (strain 70-15 / ATCC MYA-4617 / FGSC 8958) (Rice blast fungus) (Magnaporthe oryzae),857,106,2.49,0.13,1454,4.33,3.77,4.33,3.44,0.5,304308.92,9.55,758,464,39042.25,Enzyme,5E9G,1
5ees_1,A,4,D2,P40110,2.14,247,Corynebacterium glutamicum (strain ATCC 13032 / DSM 20300 / JCM 1318 / BCRC 11384 / CCUG 27702 / LMG 3730 / NBRC 12168 / NCIMB 10025 / NRRL B-2784 / 534),1108,1180,2.52,0.19,668,3.87,3.11,3.87,2.58,2,138049.56,5.01,348,308,25949.24,Enzyme,5EES,1
5ej2_1,A,4,D2,A0A0H2ZYS9,2.15,308,Mycobacterium avium (strain 104),972,21724,3.13,0.14,806,4.15,3.51,4.15,3.07,0.98,158995.14,5.08,498,282,21864.35,Enzyme,5EJ2,1
5ek0_1,A,4,C4,A8EVM5,3.53,296,Aliarcobacter butzleri (strain RM4018) (Arcobacter butzleri),168,3459,1.38,0.21,695,4,3.79,4.00,3.63,1.73,161883.84,8.19,223,374,34172.44,Transport,5EK0,1
5ekc_1,A,4,D2,G7VCG0,1.895,491,Pyrobaculum ferrireducens,984,6213,3.15,0.13,1319,4.32,3.66,4.32,3.21,0.93,301720.34,9.83,949,489,38037.8,Enzyme,5EKC,1
5epo_1,A,4,D2,G9FRD7,1.726,262,Clostridium sardiniense (Clostridium absonum),1094,32890,2.3,0.14,784,4.22,3.64,4.22,3.27,1.06,168203.65,5.2,387,271,23043.3,Enzyme,5EPO,1
5er6_1,A,4,D2,A0A0H3ATY4,1.55,251,Brucella ovis (strain ATCC 25840 / 63/290 / NCTC 10512),1132,31414,2.41,0.14,770,4.19,3.55,4.19,3.12,1.62,145722.11,5.07,351,271,20903.7,Enzyme,5ER6,1
5erx_1,A,4,D2,P9WK11,1.729,574,Mycobacterium tuberculosis (strain ATCC 25618 / H37Rv),847,550,3.55,0.17,1264,3.87,3.14,3.87,2.7,1.1,278251.39,6.51,988,620,48412.98,Enzyme,5ERX,1
5exb_4,H,4,D2,Q8T6U0,1.81,232,Dendronephthya sp. SSAL-2002,111,42,2.53,0.15,561,4.31,3.5,4.31,3.1,1.06,141671.79,6.75,358,251,20833.94,Binding,5EXB,4
5eyt_1,A,4,D2,G4VQX9,2.36,497,Schistosoma mansoni (Blood fluke),1086,309,2.75,0.12,1332,4.32,3.72,4.32,3.3,1.19,281133.1,9.58,772,416,34866.78,Enzyme,5EYT,1
5f0v_1,A,4,D2,P76461,1.8,395,Escherichia coli (strain K12),961,1485,3.65,0.14,1112,4.29,3.52,4.29,3.09,1.25,226122.2,7.64,825,412,32722.18,Enzyme,5F0V,1
5f1p_1,A,4,D2,A0A0A0UVL0,2.1,265,Streptomyces platensis,883,35094,2.85,0.19,692,3.97,3.32,3.97,2.93,1.54,129167.95,4.89,368,300,24653.27,Enzyme,5F1P,1
5f4b_1,A,4,D2,Q2YQ23,2.498,202,Brucella abortus (strain 2308),472,526,2.9,0.18,480,3.84,3.33,3.84,2.93,0.87,99207.01,4.87,288,214,18079.27,Enzyme,5F4B,1
5f74_2,A,4,D2,Q9CQV8,2.35,246,Mus musculus (Mouse),583,663,2.34,0.19,812,4.19,3.67,4.19,3.34,1.17,151936.14,6.13,356,348,29386.09,Enzyme,5F74,2
5fff_1,A,4,D2,A0A1A9TAK5,1.501,257,Narcissus pseudonarcissus,965,32823,2.39,0.15,774,4.27,3.59,4.27,3.18,1.09,155405.61,5.04,372,290,23389.77,Other,5FFF,1
5fi7_2,A,4,D2,O94925,2.3,539,Homo sapiens (Human),261,17,3.48,0.18,1132,4.39,3.79,4.39,3.41,1.19,243108.32,7.02,847,538,44626.08,Enzyme,5FI7,2
5fig_2,E,4,D2,Not Found,1.7,108,Bacillus subtilis,344,482,2.61,0.18,332,4.25,3.85,4.25,3.69,1.67,56794.08,4.26,148,108,10245.86,Other,5FIG,2
5fmn_1,A,4,D2,Q55554,2.4,107,Synechocystis sp. (strain ATCC 27184 / PCC 6803 / Kazusa),584,292,0.31,0.18,306,3.85,3.51,3.85,3.22,-1,51098.72,7,16,112,9385.11,Regulatory,5FMN,1
5fuh_2,C,4,D2,Q9HU22,1.59,303,Pseudomonas aeruginosa (strain ATCC 15692 / DSM 22644 / CIP 104116 / JCM 14847 / LMG 12228 / 1C / PRS 101 / PAO1),751,834,2.99,0.17,752,4.04,3.36,4.04,2.94,1.21,178079.88,5.35,532,350,30404.06,Enzyme,5FUH,2
5fuw_1,A,4,D2,Q38CF2,2.2,182,Trypanosoma brucei brucei (strain 927/4 GUTat10.1),506,755,2.58,0.16,458,3.98,3.22,3.98,2.8,1.05,99085.96,5.71,256,200,15701.96,Enzyme,5FUW,1
5fux_1,A,4,D2,Q38CF2,2.2,182,Trypanosoma brucei brucei (strain 927/4 GUTat10.1),503,755,2.57,0.16,452,3.98,3.23,3.98,2.83,1.12,98222.81,5.65,252,196,15667.99,Enzyme,5FUX,1
5fuy_1,A,4,D2,Q38CF2,2.8,183,Trypanosoma brucei brucei (strain 927/4 GUTat10.1),446,749,2.63,0.17,436,4.05,3.32,4.05,2.81,0.96,92840.85,5.25,244,207,15646.24,Enzyme,5FUY,1
5g0a_1,A,4,D2,A0A0Q9UXH6,1.7,483,Priestia megaterium,1021,2664,2.62,0.12,1249,4.42,3.72,4.42,3.28,0.91,296836.26,6.77,779,403,34513.91,Other,5G0A,1
5g0x_1,A,4,D2,Q9HXM1,1.7,379,Pseudomonas aeruginosa (strain ATCC 15692 / DSM 22644 / CIP 104116 / JCM 14847 / LMG 12228 / 1C / PRS 101 / PAO1),616,715,3.66,0.14,1034,4.25,3.54,4.25,3.08,0.7,220869.93,5.72,808,366,30296.37,Enzyme,5G0X,1
5g1a_1,A,4,D2,Q70I53,1.42,371,Alcaligenes sp. (strain DSM 11172) (Bordetella sp. (strain FB188)),929,586,3.65,0.13,1068,4.22,3.54,4.22,3.04,0.68,223002.67,5.4,814,370,28870.68,Enzyme,5G1A,1
5g4k_1,A,4,D2,U2C7W9,1.74,286,Clostridium sp.,1043,23238,2.3,0.14,756,4.17,3.52,4.17,3.07,1.02,152986.12,6.5,352,262,20839.27,Other,5G4K,1
5g4k_1,A,4,D2,U2C7W9,1.74,286,Clostridium sp.,1043,23238,2.3,0.14,756,4.17,3.52,4.17,3.07,1.02,152986.12,6.5,352,262,20839.27,Other,5G4K,1
5gs7_1,A,4,D2,Q8KUA7,1.5,323,Enterococcus faecalis (Streptococcus faecalis),844,343,2.7,0.14,788,4.1,3.29,4.10,2.73,0.87,195777.31,7.03,528,312,27079.78,Enzyme,5GS7,1
5gws_1,A,4,D2,A0A0K0Q8K4,2.35,282,Bacillus thuringiensis,947,24145,2.47,0.16,652,4.22,3.57,4.22,3.21,1.43,129852.32,5.03,321,225,20583.96,Other,5GWS,1
5gwt_1,A,4,D2,A0A0K0Q8K4,1.9,278,Bacillus thuringiensis,1016,23675,2.51,0.15,742,4.16,3.59,4.16,3.18,1.38,149824.03,5.05,376,248,22381.85,Other,5GWT,1
5h5x_1,A,4,D2,Q9KYM4,2.3,263,Streptomyces coelicolor (strain ATCC BAA-471 / A3(2) / M145),1020,32219,2.79,0.15,763,4.26,3.65,4.26,3.29,1.38,141714.96,4.96,395,262,20878.98,Enzyme,5H5X,1
5h9u_1,C,4,D2,Q72I53,2.667,413,Thermus thermophilus (strain ATCC BAA-163 / DSM 7039 / HB27),996,334,3.42,0.16,1002,4.25,3.53,4.25,3.11,0.66,225854.53,6.92,773,404,36419.29,Enzyme,5H9U,1
5hab_1,A,4,D2,K4MAF9,2.3,470,Methanolobus psychrophilus R15,335,914,3.19,0.16,1208,4.08,3.32,4.08,2.86,1.1,278694.72,6.65,890,500,44993.66,Other,5HAB,1
5hia_1,A,4,D2,P00492,1.77,224,Homo sapiens (Human),960,516,2.48,0.16,548,4.16,3.46,4.16,3.04,1.82,129819.97,4.94,322,231,20344.94,Enzyme,5HIA,1
5hk7_1,A,4,C4,Q0ABW0,2.95,152,Alkalilimnicola ehrlichii (strain ATCC BAA-1101 / DSM 17681 / MLHE-1),13,1668,1.06,0.17,500,3.84,3.53,3.84,3.33,1.86,87433.37,15.2,93,180,14547.85,Transport,5HK7,1
5hke_2,A,4,D2,J7H3P9,1.9,333,Ligilactobacillus salivarius,819,299,2.65,0.14,800,4.09,3.27,4.09,2.76,0.69,194230.66,6.61,514,320,27353.41,Enzyme,5HKE,2
5hmc_1,A,4,D2,B4XYA6,1.95,141,Streptomyces sahachiroi,551,402,2.06,0.17,340,3.9,3.04,3.90,2.51,1.37,69843.58,4.55,144,160,11870.04,Other,5HMC,1
5huc_1,A,4,D2,Q8NNL5,2.45,472,Corynebacterium glutamicum (strain ATCC 13032 / DSM 20300 / JCM 1318 / BCRC 11384 / CCUG 27702 / LMG 3730 / NBRC 12168 / NCIMB 10025 / NRRL B-2784 / 534),969,247,3.67,0.18,1119,4.03,3.38,4.03,2.86,0.46,259275.08,5.37,952,596,47325.71,Enzyme,5HUC,1
5hvl_3,A,4,D2,Q92410,1.8,478,Candida albicans (strain SC5314 / ATCC MYA-2876) (Yeast),567,1283,3.36,0.18,1346,4.19,3.53,4.19,3.06,1.2,293692.61,6.18,988,640,53965.42,Enzyme,5HVL,3
5hvm_2,A,4,D2,Q4WLM9,2.8,515,Aspergillus fumigatus (strain ATCC MYA-4609 / CBS 101355 / FGSC A1100 / Af293) (Neosartorya fumigata),541,1134,3.41,0.19,1216,4.11,3.38,4.11,2.92,1.13,270607.96,6.25,924,616,52078.17,Enzyme,5HVM,2
5hvo_3,A,4,D2,Q4WHW0,2.46,479,Aspergillus fumigatus (strain ATCC MYA-4609 / CBS 101355 / FGSC A1100 / Af293) (Neosartorya fumigata),559,1308,3.4,0.19,1276,4.14,3.51,4.14,3.08,1.12,276535.12,6.39,940,620,52292.29,Enzyme,5HVO,3
5hwe_1,A,4,D2,Q8RSQ2,1.707,389,Rhodococcus erythropolis (Arthrobacter picolinophilus),128,56,3.67,0.16,1084,4.04,3.22,4.04,2.68,0.9,207930.88,6.17,764,400,33133.38,Enzyme,5HWE,1
5hwn_1,A,4,D2,Q8UB77,1.5,311,Agrobacterium fabrum (strain C58 / ATCC 33970) (Agrobacterium tumefaciens (strain C58)),1145,1338,2.3,0.11,915,4.28,3.58,4.28,3.7,1.45,262177.14,5.51,604,354,29682.47,Enzyme,5HWN,1
5hy0_1,A,4,D2,E3JD18,2.4,410,Pseudofrankia inefficax (strain DSM 45817 / CECT 9037 / DDB 130130 / EuI1c) (Frankia inefficax),112,55,3.61,0.20,950,3.89,3.16,3.89,2.64,1.07,196256.38,5.4,709,519,39878.82,Enzyme,5HY0,1
5hy2_1,A,4,D2,E3JD18,2.6,410,Pseudofrankia inefficax (strain DSM 45817 / CECT 9037 / DDB 130130 / EuI1c) (Frankia inefficax),107,55,3.61,0.22,850,3.83,3.03,3.83,2.52,1.13,175680.76,5.29,634,482,38417.06,Enzyme,5HY2,1
5hy4_2,E,4,D2,E3JD18,2.56,410,Pseudofrankia inefficax (strain DSM 45817 / CECT 9037 / DDB 130130 / EuI1c) (Frankia inefficax),114,55,3.55,0.22,890,3.98,3.16,3.98,2.68,1.17,179876.43,5.27,638,508,38891.51,Enzyme,5HY4,2
5i01_1,A,4,D2,Q5F5E3,2.37,204,Neisseria gonorrhoeae (strain ATCC 700825 / FA 1090),977,804,2.37,0.13,568,4.41,3.77,4.41,3.36,1.68,101962.29,6,242,146,13578.02,Enzyme,5I01,1
5i32_1,A,4,C4,Q41951,1.18,275,Arabidopsis thaliana (Mouse-ear cress),416,1337,2.16,0.10,744,4.32,3.69,4.32,3.82,0.72,176200.15,5.51,380,236,16837.84,Transport,5I32,1
5i7s_1,A,4,D2,A0A069B9A4,1.595,276,Burkholderia pseudomallei (Pseudomonas pseudomallei),1035,7504,2.83,0.14,756,4.14,3.46,4.14,3.07,1.43,148587.55,5.06,420,244,20177.78,Enzyme,5I7S,1
5idu_1,A,4,D2,B2JPK4,1.95,410,Paraburkholderia phymatum (strain DSM 17167 / CIP 108236 / LMG 21445 / STM815) (Burkholderia phymatum),916,2838,3.19,0.14,1190,4.25,3.68,4.25,3.3,0.92,241604.86,5.82,770,448,34915.44,Enzyme,5IDU,1
5idy_1,A,4,D2,A4JGH3,1.85,267,Burkholderia vietnamiensis (strain G4 / LMG 22486) (Burkholderia cepacia (strain R1808)),1167,20739,2.53,0.15,764,4.06,3.4,4.06,3.03,1.32,150744.57,6.21,382,292,22418.81,Enzyme,5IDY,1
5ie9_1,A,4,D2,A0A0A3VU53,2.77,103,Bacillus cereus,33,143,0.65,0.16,274,3.87,3.56,3.87,3.25,-0.49,54973.53,4.6,36,83,8645.65,Other,5IE9,1
5ify_2,E,4,D2,A4JC15,2.25,305,Burkholderia vietnamiensis (strain G4 / LMG 22486) (Burkholderia cepacia (strain R1808)),792,583,2.85,0.15,766,4.04,3.42,4.04,2.94,1.24,172077.46,5.45,490,352,26140.94,Enzyme,5IFY,2
5ijg_1,A,4,D2,Q8YJI0,2,427,Brucella melitensis biotype 1 (strain ATCC 23456 / CCUG 17765 / NCTC 10094 / 16M),682,1870,3.37,0.16,1072,4.2,3.53,4.20,3.07,1.19,213087.52,6.58,718,436,33832.1,Enzyme,5IJG,1
5im3_1,A,4,C2,Q9I4I1,2.298,963,Pseudomonas aeruginosa (strain ATCC 15692 / DSM 22644 / CIP 104116 / JCM 14847 / LMG 12228 / 1C / PRS 101 / PAO1),742,222,3.73,0.20,2442,4.18,3.61,4.18,3.22,0.69,519145.28,13.1,1936,1264,101674.65,Enzyme,5IM3,1
5ipf_1,A,4,D2,G4LWQ2,2.8,250,Schistosoma mansoni,950,144,2.81,0.18,431,3.92,3.36,3.92,2.97,1.6,108314.78,4.76,304,232,19190.88,Other,5IPF,1
5itw_1,A,4,D2,P39640,1.187,255,Bacillus subtilis (strain 168),1106,34485,2.4,0.14,784,4.27,3.64,4.27,3.17,1.22,156279.56,5.23,375,284,22290.48,Enzyme,5ITW,1
5iuu_1,A,4,D2,Q88BC5,2.09,497,Pseudomonas syringae pv. tomato (strain ATCC BAA-871 / DC3000),904,6495,3.21,0.17,1204,4.24,3.52,4.24,3.08,1.1,244609.55,6.43,784,530,41939.71,Enzyme,5IUU,1
5iuv_1,A,4,D2,Q88BC5,1.928,497,Pseudomonas syringae pv. tomato (strain ATCC BAA-871 / DC3000),1006,6495,3.51,0.14,1420,4.3,3.51,4.30,3.08,1.01,294298.84,6.4,1032,558,42357.91,Enzyme,5IUV,1
5iz1_1,A,4,D2,A9T230,3,337,Physcomitrium patens (Spreading-leaved earth moss) (Physcomitrella patens),847,608,3.24,0.16,822,4.06,3.2,4.06,2.69,0.95,183449.05,7.03,594,351,29636.3,Enzyme,5IZ1,1
5iz4_1,A,4,D2,Q13GL4,1.75,271,Paraburkholderia xenovorans (strain LB400),807,24772,2.89,0.16,748,4.05,3.37,4.05,2.92,1.18,137134.32,4.64,396,284,22151.67,Enzyme,5IZ4,1
5izd_1,A,4,D2,Q9HK01,1.95,508,Thermoplasma acidophilum (strain ATCC 25905 / DSM 1728 / JCM 9062 / NBRC 15155 / AMRC-C165),1003,6221,3.13,0.13,1390,4.35,3.65,4.35,3.21,0.83,288638.38,9.29,904,504,37114.25,Enzyme,5IZD,1
5j49_1,A,4,D2,Q13WC0,1.8,301,Paraburkholderia xenovorans (strain LB400),1154,2157,2.63,0.15,766,3.98,3.35,3.98,2.89,1.54,172456.36,5.81,454,334,26489.51,Enzyme,5J49,1
5j6b_1,A,4,D2,Q2T801,1.95,485,Burkholderia thailandensis (strain ATCC 700388 / DSM 13276 / CCUG 48851 / CIP 106301 / E264),981,5808,3.41,0.13,1357,4.32,3.63,4.32,3.18,1.01,292948.17,6.55,1000,515,38469.48,Enzyme,5J6B,1
5j84_2,E,4,D2,B5ZZ34,2.4,588,Rhizobium leguminosarum bv. trifolii (strain WSM2304),1088,304,3.55,0.12,1527,4.52,3.83,4.52,3.39,0.87,336887.84,7.48,1195,530,41147.69,Enzyme,5J84,2
5j9g_1,A,4,D2,Q5FL51,2.21,338,Lactobacillus acidophilus (strain ATCC 700396 / NCK56 / N2 / NCFM),915,779,3.03,0.17,914,4.12,3.31,4.12,2.77,1,191951.19,6.84,582,404,33221.52,Enzyme,5J9G,1
5j9r_1,A,4,D2,A0A083ZJN8,2.8,326,Agrobacterium tumefaciens,721,555,3.41,0.18,804,4.16,3.35,4.16,2.81,0.54,185007.16,5.37,630,385,32387.23,Other,5J9R,1
5jaw_2,B,4,C4,B3PBE0,1.6,550,Cellvibrio japonicus (strain Ueda107) (Pseudomonas fluorescens subsp. cellulosa),325,131,3.58,0.18,1356,4.19,3.56,4.19,3.09,0.74,319302.05,7.55,1143,698,56039.91,Enzyme,5JAW,2
5jc8_1,A,4,D2,Q13GE3,1.45,276,Paraburkholderia xenovorans (strain LB400),1043,26768,2.53,0.15,765,4.16,3.6,4.16,3.18,1.08,153846.13,5.04,389,291,22836.01,Enzyme,5JC8,1
5jfn_1,A,4,D2,Q21A49,1.9,524,Rhodopseudomonas palustris (strain BisB18),853,125,3.22,0.14,1252,4.38,3.79,4.38,3.35,1.29,277604.87,6.23,895,476,37769.21,Enzyme,5JFN,1
5jio_1,A,4,D2,A0A117IMA6,1.71,487,Mycolicibacterium thermoresistibile (Mycobacterium thermoresistibile),560,1246,3.81,0.17,1343,4.22,3.49,4.22,3.03,0.95,280189.12,6.2,1068,576,47155.79,Enzyme,5JIO,1
5jjv_1,A,4,C2,O25386,2.4,363,Helicobacter pylori (strain ATCC 700392 / 26695) (Campylobacter pylori),961,198,2.22,0.12,968,4.14,3.56,4.14,3.12,1.17,254778.66,8.46,566,364,29442.22,Regulatory,5JJV,1
5jk0_1,A,4,C2,O25386,2.1,363,Helicobacter pylori (strain ATCC 700392 / 26695) (Campylobacter pylori),763,198,2.04,0.11,930,4.12,3.56,4.12,3.14,1.3,267517.78,8.96,545,364,30469.16,Regulatory,5JK0,1
5jla_1,A,4,D2,Q13GR0,1.45,274,Paraburkholderia xenovorans (strain LB400),1103,28642,2.62,0.13,800,4.25,3.57,4.25,3.17,1.47,153536.86,5.7,402,243,19650.7,Enzyme,5JLA,1
5jo9_1,A,4,D2,Q89FN7,2.894,242,Bradyrhizobium diazoefficiens (strain JCM 10833 / BCRC 13528 / IAM 13628 / NBRC 14792 / USDA 110),930,21617,1.92,0.12,540,3.83,3.06,3.83,3.16,1.52,187765.09,4.92,360,272,22036.25,Enzyme,5JO9,1
5jq4_3,A,4,C2,Q5HH30,1.8,146,Staphylococcus aureus (strain COL),922,2384,1.69,0.22,356,4.16,3.46,4.16,3,1.06,89020.37,4.94,150,208,19407.17,Enzyme,5JQ4,3
5jry_1,A,4,D2,A0A0H3KPC8,1.2,485,Burkholderia multivorans (strain ATCC 17616 / 249),982,5771,2.58,0.10,1272,4.22,3.44,4.22,3.61,1.03,382861.49,6.7,988,508,38111.56,Enzyme,5JRY,1
5jsc_1,C,4,D2,Q13JS1,1.5,410,Paraburkholderia xenovorans (strain LB400),904,2275,3.05,0.14,1184,4.29,3.71,4.29,3.31,0.98,244787.8,5.76,747,455,34462.85,Enzyme,5JSC,1
5jw6_1,A,4,D2,Q4WWR8,2.39,371,Aspergillus fumigatus (strain ATCC MYA-4609 / CBS 101355 / FGSC A1100 / Af293) (Neosartorya fumigata),1015,339,3.6,0.19,914,4.16,3.32,4.16,2.83,1.16,205511.63,5.5,740,442,38232.03,Enzyme,5JW6,1
5jy1_1,A,4,D2,Q13HF0,1.65,274,Paraburkholderia xenovorans (strain LB400),1074,28095,2.44,0.12,787,4.2,3.61,4.20,3.22,0.99,167528.43,6.08,408,267,20937.46,Enzyme,5JY1,1
5jyo_9,D,4,D2,O94925,2.1,333,Homo sapiens (Human),181,617,3.59,0.16,874,4.19,3.53,4.19,3.14,1.25,188766.72,5.4,677,383,30733.01,Enzyme,5JYO,9
5k4g_1,A,4,D2,P50286,1.6,330,Wolinella succinogenes (strain ATCC 29543 / DSM 1740 / CCUG 13145 / JCM 31913 / LMG 7466 / NCTC 11488 / FDC 602W) (Vibrio succinogenes),1074,1171,2.87,0.16,844,4.01,3.26,4.01,2.74,1.64,190478.19,5.91,546,356,30427.66,Enzyme,5K4G,1
5k9g_1,A,4,D2,Q5F9K6,1.9,257,Neisseria gonorrhoeae (strain ATCC 700825 / FA 1090),481,344,2.05,0.12,676,4.09,3.31,4.09,2.86,1.24,149186.61,8.26,306,246,18560.39,Enzyme,5K9G,1
5k9z_3,A,4,D2,Q13HC1,2,285,Paraburkholderia xenovorans (strain LB400),1083,27569,2.5,0.12,710,4.22,3.57,4.22,3.12,1.46,141268.91,7.35,353,221,17272.38,Enzyme,5K9Z,3
5keu_2,A,4,D2,Q13IQ2,1.85,323,Paraburkholderia xenovorans (strain LB400),1067,1551,3.12,0.16,722,4.07,3.28,4.07,2.77,0.51,171834.77,5.71,536,344,26865.36,Binding,5KEU,2
5klo_1,A,4,D2,Q83V33,1.79,520,Pseudomonas fluorescens,965,5978,3.42,0.14,1425,4.28,3.62,4.28,3.16,0.94,298678.34,6.69,1020,537,42180.59,Enzyme,5KLO,1
5krp_1,A,4,D2,A0A2D0TC52,1.58,150,Artocarpus altilis,196,771,2.45,0.16,367,3.97,2.95,3.97,2.39,0.95,96207.55,4.43,236,196,15808.24,Other,5KRP,1
5ksr_1,A,4,D2,Q9PF20,1.96,270,Xylella fastidiosa (strain 9a5c),1155,1291,2.19,0.15,581,3.66,2.82,3.66,2.25,1.23,154502.03,8.28,339,263,23045.99,Enzyme,5KSR,1
5kt0_2,A,4,D2,Q3MFY8,2.82,310,Trichormus variabilis (strain ATCC 29413 / PCC 7937) (Anabaena variabilis),1119,882,2.9,0.19,700,3.86,3.05,3.86,2.58,1.61,151913.64,4.84,440,344,28591.56,Enzyme,5KT0,2
5ktl_1,A,4,D2,Q3M723,1.92,330,Trichormus variabilis (strain ATCC 29413 / PCC 7937) (Anabaena variabilis),1166,2736,3.4,0.17,848,4.21,3.54,4.21,3.16,1.55,167777.42,4.63,570,350,27872.56,Enzyme,5KTL,1
5kuk_1,A,4,C4,F1NHE9,2,343,Gallus gallus (Chicken),458,778,1.57,0.14,852,3.89,3.16,3.89,2.65,1.18,198890.64,11.06,312,328,27823.4,Transport,5KUK,1
5kvc_1,A,4,D2,Q93D82,1.5,254,Agrobacterium tumefaciens,1078,7564,2.24,0.14,798,4.28,3.61,4.28,3.2,0.98,155297.29,6,348,260,21119.07,Other,5KVC,1
5kxc_1,A,4,D2,A0A1D5B395,1.8,243,Wisteria floribunda,154,1164,2.84,0.16,593,3.96,2.98,3.96,2.43,1.12,151884.96,5.11,431,316,24177.78,Other,5KXC,1
5l2p_1,A,4,D2,B5BLW5,2.56,306,Saccharolobus solfataricus (Sulfolobus solfataricus),843,2780,3.4,0.16,817,4.29,3.54,4.29,3.05,1.27,180850.04,5.34,615,325,28147.61,Enzyme,5L2P,1
5l6v_3,I,4,D2,P0A6V1,2.667,431,Escherichia coli (strain K12),907,1476,3.15,0.17,1054,4.09,3.39,4.09,2.94,1.07,242580.27,7.77,763,511,40982.3,Enzyme,5L6V,3
5lbm_1,A,4,D2,Q8X5J3,2.7,91,Escherichia coli O157:H7,121,316,0.57,0.18,311,4.22,3.9,4.22,3.63,-0.58,50807.06,7.27,29,104,8900.1,Regulatory,5LBM,1
5lc9_1,A,4,D2,A0A0S7ASE9,1.903,287,Meiothermus ruber H328,545,321,2.68,0.17,716,4.11,3.52,4.11,3.15,0.69,172296.46,6.1,462,324,28454.43,Other,5LC9,1
5lcy_1,A,4,D2,A0A0H3NLH8,2.19,91,Salmonella typhimurium (strain SL1344),487,279,0.33,0.14,317,3.89,3.57,3.89,3.38,0.43,51344.53,6.59,17,89,7371.62,Regulatory,5LCY,1
5ld5_1,A,4,D2,F1T6A5,2.1906,358,Fannyhessea vaginae DSM 15829,920,746,2.93,0.16,937,4.15,3.35,4.15,2.89,1.05,200703.86,6.42,589,394,32742.74,Enzyme,5LD5,1
5lfk_1,A,4,C2,P0AE82,3.09,298,Escherichia coli (strain K12),44,23718,2,0.19,748,4.35,3.76,4.35,3.33,1.15,141248.82,8.19,282,318,26562.07,Enzyme,5LFK,1
5lfk_1,A,4,C2,P0AE82,3.09,298,Escherichia coli (strain K12),44,23718,2,0.19,748,4.35,3.76,4.35,3.33,1.15,141248.82,8.19,282,318,26562.07,Enzyme,5LFK,1
5lha_1,A,4,D2,A0A1W2VMW5,1.89,458,Pseudomonas sp.,952,4164,2.84,0.12,1184,4.44,3.79,4.44,3.37,1.09,263620.45,6.78,748,402,32490.13,Other,5LHA,1
5lky_1,A,4,D2,Q2G160,1.7,300,Staphylococcus aureus (strain NCTC 8325 / PS 47),1147,2561,3.09,0.14,899,4.34,3.76,4.34,3.35,1.37,179125.09,4.98,554,314,25928.54,Enzyme,5LKY,1
5llb_1,A,4,D2,Q5NEQ5,1.92,269,Francisella tularensis subsp. tularensis (strain SCHU S4 / Schu 4),334,525,1.84,0.14,663,4.15,3.63,4.15,3.67,0.54,221996.43,5.52,408,373,30479.34,Enzyme,5LLB,1
5llb_1,A,4,D2,Q5NEQ5,1.92,263,Francisella tularensis subsp. tularensis (strain SCHU S4 / Schu 4),334,525,1.84,0.14,663,4.15,3.63,4.15,3.67,0.54,221996.43,5.52,408,373,30479.34,Enzyme,5LLB,1
5lmc_1,A,4,D2,Q46877,1.9,479,Escherichia coli (strain K12),991,232,3.21,0.13,1124,4.23,3.47,4.23,2.94,0.87,245571.75,7.81,788,400,31417.45,Enzyme,5LMC,1
5lnx_2,E,4,D2,P45857,2.6,379,Bacillus subtilis (strain 168),894,8197,3.48,0.17,1073,4.31,3.51,4.31,3.04,0.96,204212.38,5.74,710,436,33777.33,Enzyme,5LNX,2
5lp7_1,H,4,D2,P45855,2.2,393,Bacillus subtilis (strain 168),930,1533,3.74,0.17,1017,4.38,3.65,4.38,3.2,1.18,207166.57,6.47,775,435,35935.77,Enzyme,5LP7,1
5ltq_4,M,4,D2,B1PNC0,2.05,267,Branchiostoma lanceolatum (Common lancelet) (Amphioxus lanceolatum),85,9,2.81,0.16,550,4.16,3.38,4.16,2.85,0.63,128268.56,4.44,361,271,20664.02,Other,5LTQ,4
5lu5_1,A,4,D2,A0A095TT41,1.55,197,Burkholderia pseudomallei,1001,992,2.1,0.12,622,4.36,3.74,4.36,3.33,1.74,121225.48,6.25,254,172,14407.67,Other,5LU5,1
5lxx_1,A,4,D2,Q16555,1.25,501,Homo sapiens (Human),945,1895,2.78,0.11,1574,4.28,3.54,4.28,3.66,0.79,398163.12,6.07,1106,520,41889.92,Enzyme,5LXX,1
5m67_1,A,4,D2,A0A087WNH6,1.54,479,Bradyrhizobium elkanii,776,300,2.97,0.12,1404,4.43,3.8,4.43,3.33,0.96,305599.89,6.98,907,454,37966.1,Enzyme,5M67,1
5m98_1,A,4,D2,Q6DG85,2.8,298,Danio rerio (Zebrafish) (Brachydanio rerio),486,232,1.72,0.12,699,4.22,3.43,4.22,3.05,1.22,174181.6,7.49,299,255,20653.65,Enzyme,5M98,1
5mj7_1,A,4,D2,Q9XWN7,1.65,349,Caenorhabditis elegans,988,944,3.64,0.17,887,4.11,3.36,4.11,2.91,0.84,190740.52,4.35,694,372,33181.65,Enzyme,5MJ7,1
5mld_2,E,4,D2,K4REZ6,1.7,257,Streptomyces davaonensis (strain DSM 101723 / JCM 4913 / KCC S-0913 / 768),602,39,1.73,0.09,619,4.24,3.59,4.24,3.23,1.46,163866.31,7.38,283,171,14375.28,Enzyme,5MLD,2
5mp4_1,A,4,D2,Q12335,2.79,198,Saccharomyces cerevisiae (strain ATCC 204508 / S288c) (Baker's yeast),600,406,2.77,0.14,523,4.24,3.58,4.24,3.17,1.02,110320.01,4.83,306,206,15984.01,Enzyme,5MP4,1
5mq5_2,B,4,D2,P00805,1.427,332,Escherichia coli (strain K12),1057,1173,2.96,0.14,852,4.23,3.5,4.23,2.98,1.49,185629.59,6.36,550,322,26099.41,Enzyme,5MQ5,2
5mr6_6,A,4,D2,I7IIA9,2.4,413,Streptomyces sp. HKI0576,833,1376,3.2,0.16,1182,4.12,3.44,4.12,3,1.05,237862.89,6.68,760,472,38429.22,Enzyme,5MR6,6
5mz5_1,A,4,D2,A9SS48,2.15,515,Physcomitrium patens (Spreading-leaved earth moss) (Physcomitrella patens),975,5188,3.46,0.14,1329,4.35,3.68,4.35,3.25,0.85,292940.54,6.99,1015,477,39720.94,Enzyme,5MZ5,1
5nbc_1,A,4,D2,A0A0E2ZLC3,1.69,140,Francisella tularensis,688,3396,1.4,0.17,331,4.01,3.49,4.01,3.11,1.31,82169.48,5.98,115,152,13785.65,Other,5NBC,1
5nhm_1,A,4,D2,Q9P8C9,1.67,437,Piromyces sp. E2,989,52,2.35,0.10,1276,4.25,3.67,4.25,3.23,0.73,293713.85,8.12,691,377,30219.4,Other,5NHM,1
5nks_1,A,4,D2,O14531,1.8,573,Homo sapiens (Human),1005,564,3.94,0.16,1376,4.14,3.43,4.14,2.92,0.89,280098.9,6.67,1104,564,45164.79,Enzyme,5NKS,1
5nx8_1,A,4,D2,A0A384E0N4,1.7,487,Homo sapiens neanderthalensis,947,501,2.46,0.13,1414,4.46,3.96,4.46,3.62,1.38,291649.56,9.51,718,451,38188.28,Other,5NX8,1
5o3z_3,I,4,D2,D4I194,1.84,263,Erwinia amylovora (strain CFBP1430),907,23488,2.65,0.16,775,4.31,3.71,4.31,3.29,1.1,147540.41,5.1,391,308,24299.29,Enzyme,5O3Z,3
5o8p_1,B,4,D2,D4I246,2.75,433,Erwinia amylovora (strain CFBP1430),620,375,2.81,0.16,1054,4.08,3.36,4.08,2.88,0.73,263985.19,7.46,742,490,42816.42,Enzyme,5O8P,1
5o9f_1,A,4,D2,A0A1Q8I6M1,1.64,352,Rhodococcus sp. M8,1058,5927,3.13,0.14,939,3.99,3.24,3.99,2.76,1.34,210927.97,6.33,660,423,30350.55,Other,5O9F,1
5oez_1,A,4,D2,O97193,2.41,351,Leishmania major,795,478,3,0.16,834,4.23,3.36,4.23,2.92,1.17,183556.69,7.41,551,340,28455.37,Enzyme,5OEZ,1
5oji_1,A,4,D2,G5EGA6,1.6,260,Caenorhabditis elegans,925,33041,1.95,0.11,708,4.1,3.47,4.10,3.58,1.27,213002.36,5.39,416,296,24278.92,Enzyme,5OJI,1
5ovk_1,A,4,D2,P71534,1.45,256,Mycolicibacterium smegmatis (strain ATCC 700084 / mc(2)155) (Mycobacterium smegmatis),1032,29705,2.43,0.11,657,4.25,3.61,4.25,3.16,1.2,141719.44,5.6,344,200,15834.23,Enzyme,5OVK,1
5oyn_1,A,4,D2,Q9A9Z2,2.66,600,Caulobacter vibrioides (strain ATCC 19089 / CIP 103742 / CB 15) (Caulobacter crescentus),1083,286,3.56,0.13,1549,4.6,3.93,4.60,3.49,0.86,339509.39,7.05,1208,533,43141.13,Enzyme,5OYN,1
5swi_2,B,4,D2,A0A0Y0HIE3,2.15,717,Streptococcus pneumoniae,818,573,3.92,0.14,1898,4.22,3.45,4.22,2.94,0.34,431550.35,8.51,1690,754,58748.42,Other,5SWI,2
5t13_1,A,4,D2,P0A3V4,2.14,376,Enterobacter cloacae,124,59,2.78,0.12,976,4.13,3.28,4.13,3.42,0.84,291628.39,6.29,812,404,34777.93,Enzyme,5T13,1
5t2v_1,A,4,D2,A0R723,1.9,248,Mycolicibacterium smegmatis (strain ATCC 700084 / mc(2)155) (Mycobacterium smegmatis),1094,35674,2.72,0.18,676,3.98,3.28,3.98,2.84,1.18,130792.5,4.91,356,272,23776.64,Enzyme,5T2V,1
5t5q_1,A,4,D2,Q2YL80,1.95,247,Brucella abortus (strain 2308),1029,34380,2.76,0.13,703,4.23,3.58,4.23,3.2,1.06,140739.32,5.12,388,227,18302.16,Enzyme,5T5Q,1
5t8k_1,A,4,D2,Q5CPH1,1.95,498,Cryptosporidium parvum (strain Iowa II),774,272,2.91,0.14,1553,4.37,3.68,4.37,3.21,0.92,325189.29,6.74,946,513,46967.42,Enzyme,5T8K,1
5t8k_1,A,4,D2,Q5CPH1,1.95,498,Cryptosporidium parvum (strain Iowa II),774,272,2.91,0.14,1553,4.37,3.68,4.37,3.21,0.92,325189.29,6.74,946,513,46967.42,Enzyme,5T8K,1
5tem_1,C,4,D2,Q8DEM0,2.2,269,Vibrio vulnificus (strain CMCP6),1107,1019,3.05,0.18,732,4.02,3.26,4.02,2.8,1.34,152195.66,5.22,464,330,26757.05,Enzyme,5TEM,1
5tf4_2,E,4,D2,A0A0H3M2Q2,1.95,274,Bartonella henselae (strain ATCC 49882 / DSM 28221 / CCUG 30454 / Houston 1) (Rochalimaea henselae),950,7042,2.6,0.13,752,4.23,3.47,4.23,3.06,1.45,149110.25,5.29,388,252,19196.78,Enzyme,5TF4,2
5thk_6,C,4,D2,B4E8W7,1.4,266,Burkholderia cenocepacia (strain ATCC BAA-245 / DSM 16553 / LMG 16656 / NCTC 13227 / J2315 / CF5610) (Burkholderia cepacia (strain J2315)),1051,18383,2.42,0.12,732,4.24,3.57,4.24,3.13,1.39,168785.57,5.36,409,252,19657.76,Enzyme,5THK,6
5thq_1,G,4,D2,A0A023PKG5,2.3,272,uncultured bacterium,1038,31275,2.59,0.15,728,4.24,3.56,4.24,3.22,1.23,145325.67,4.86,376,268,22470.58,Other,5THQ,1
5tii_2,D,4,D2,A0A023PKG5,2.6,272,uncultured bacterium,1054,31275,2.61,0.14,683,4.24,3.56,4.24,3.21,1.24,134903.31,5.19,352,227,19135.46,Other,5TII,2
5tir_1,A,4,D2,G0RQS7,1.62,212,Hypocrea jecorina (strain QM6a) (Trichoderma reesei),617,1300,2.47,0.16,609,4.09,3.5,4.09,3.12,0.81,134267.13,6.28,332,279,20934.17,Enzyme,5TIR,1
5tj3_2,A,4,C4,Q9KJX5,1.7,549,Elizabethkingia meningoseptica (Chryseobacterium meningosepticum),1019,560,3.66,0.14,1396,4.29,3.5,4.29,2.98,0.58,311463.61,6.4,1140,524,42250.64,Enzyme,5TJ3,2
5tjz_1,A,4,D2,A5U6C6,1.5,245,Mycobacterium tuberculosis (strain ATCC 25177 / H37Ra),1072,1247,2.72,0.16,716,3.96,3.25,3.96,2.79,1.6,141260.27,4.89,384,268,22091.92,Enzyme,5TJZ,1
5tle_1,A,4,D2,P00883,1.58,363,Oryctolagus cuniculus (Rabbit),857,328,2.28,0.10,955,4.18,3.55,4.18,3.63,0.91,309329.62,5.44,704,406,32084.22,Enzyme,5TLE,1
5tma_1,A,4,D2,P06672,1.67,576,Zymomonas mobilis subsp. mobilis (strain ATCC 31821 / ZM4 / CP4),1041,2262,3.34,0.12,1752,4.32,3.64,4.32,3.12,0.98,337577.12,7.54,1126,502,41165.2,Enzyme,5TMA,1
5tnx_1,A,4,D2,B1Z4S6,1.7,383,Burkholderia ambifaria (strain MC40-6),1042,3730,3.66,0.16,1064,4.08,3.28,4.08,2.73,1.25,201976.61,5.82,740,440,33106.92,Enzyme,5TNX,1
5to2_1,A,4,D2,P22629,1.65,125,Streptomyces avidinii,27,191,1.46,0.17,297,3.83,3.12,3.83,2.64,0.26,70661.47,5.43,103,145,11677.88,Binding,5TO2,1
5to2_1,A,4,D2,P22629,1.65,124,Streptomyces avidinii,27,191,1.46,0.17,297,3.83,3.12,3.83,2.64,0.26,70661.47,5.43,103,145,11677.88,Binding,5TO2,1
5tow_1,A,4,D2,O51933,1.75,407,Thermotoga maritima (strain ATCC 43589 / DSM 3109 / JCM 10099 / NBRC 100826 / MSB8),362,350,3.04,0.17,1186,4.28,3.54,4.28,3.12,1.42,231323.11,7.07,704,488,38542.94,Enzyme,5TOW,1
5ts3_1,A,4,D2,C0RKU3,1.55,273,Brucella melitensis biotype 2 (strain ATCC 23457),998,29778,2.49,0.14,760,4.1,3.42,4.10,3,1.01,154495.17,5.36,384,272,21556.58,Enzyme,5TS3,1
5tsq_1,A,4,D2,A4H9Q9,1.53,312,Leishmania braziliensis,1057,2086,3.71,0.18,860,4.11,3.36,4.11,2.86,1.53,183198.19,5.9,680,364,32146.48,Enzyme,5TSQ,1
5tvg_1,A,4,D2,A4JGS8,2.3,481,Burkholderia vietnamiensis (strain G4 / LMG 22486) (Burkholderia cepacia (strain R1808)),556,1045,3.67,0.16,1315,4.24,3.67,4.24,3.25,0.75,273907.41,6.37,1004,578,44871.7,Enzyme,5TVG,1
5tzb_2,G,4,D2,A0A0J6Q6M7,1.98,389,Burkholderia sp. LK4,997,206,3.31,0.11,874,4.36,3.6,4.36,3.02,1.08,199787.39,6.3,662,308,22894.03,Other,5TZB,2
5u2w_1,A,4,D2,B4E730,1.55,254,Burkholderia cenocepacia (strain ATCC BAA-245 / DSM 16553 / LMG 16656 / NCTC 13227 / J2315 / CF5610) (Burkholderia cepacia (strain J2315)),995,32555,2.71,0.13,711,4.07,3.46,4.07,3.01,1.22,150786.48,4.79,409,245,19390.57,Enzyme,5U2W,1
5u55_1,A,4,D2,Q9JN69,2.45,190,Pseudomonas syringae,78,17,1.67,0.17,460,3.79,2.98,3.79,2.4,0.66,113276.09,8.16,189,224,18846.27,Enzyme,5U55,1
5u8p_1,A,4,D2,B4EEE3,1.4,310,Burkholderia cenocepacia (strain ATCC BAA-245 / DSM 16553 / LMG 16656 / NCTC 13227 / J2315 / CF5610) (Burkholderia cepacia (strain J2315)),1039,5476,2.89,0.12,832,4.25,3.52,4.25,3.02,0.63,173182.4,5.46,500,260,20141.65,Enzyme,5U8P,1
5u9p_1,A,4,D2,B4EEX4,1.65,265,Burkholderia cenocepacia (strain ATCC BAA-245 / DSM 16553 / LMG 16656 / NCTC 13227 / J2315 / CF5610) (Burkholderia cepacia (strain J2315)),1132,29896,2.27,0.12,786,4.33,3.72,4.33,3.33,1.15,166500.29,5.46,378,261,20315.37,Enzyme,5U9P,1
5ubu_1,A,4,D2,A0A0H3NNJ4,2.75,332,Yersinia enterocolitica subsp. palearctica serotype O:3 (strain DSM 13030 / CIP 106945 / Y11),921,608,2.9,0.14,792,4.26,3.32,4.26,2.68,0.51,196829.23,6.73,571,326,28187.79,Enzyme,5UBU,1
5ud6_1,A,4,D2,M1V4H9,2.4,327,Cyanidioschyzon merolae (strain NIES-3377 / 10D) (Unicellular red alga),1149,2452,3.44,0.16,842,4.28,3.48,4.28,3.05,1.28,168789.43,4.97,580,354,27482.51,Enzyme,5UD6,1
5ui3_1,D,4,D2,A8I3W3,2,341,Chlamydomonas reinhardtii,1083,395,3.3,0.15,835,4.23,3.61,4.23,3.14,1.01,188893.58,4.6,624,335,27415.18,Other,5UI3,1
5ujk_1,A,4,D2,A9W386,1.53,320,Methylorubrum extorquens (strain PA1) (Methylobacterium extorquens),905,1137,3.2,0.15,956,4.11,3.43,4.11,3.06,1.57,176078.03,5.93,564,340,25657.8,Enzyme,5UJK,1
5ukw_1,A,4,D2,P11413,2.65,488,Homo sapiens (Human),935,918,3.28,0.18,1248,4.03,3.28,4.03,2.78,0.77,288992.28,6.34,948,604,51870.45,Enzyme,5UKW,1
5um0_1,A,4,D2,B4RIY7,1.85,235,Neisseria gonorrhoeae (strain NCCP11945),654,2271,2.77,0.17,668,4.16,3.53,4.16,3.11,0.72,150232.49,4.24,416,319,24988.24,Enzyme,5UM0,1
5unc_1,A,4,D2,A0A0A0V023,1.71,337,Streptomyces platensis,885,509,2.27,0.11,776,4.2,3.63,4.20,3.15,1.33,178602.22,7.92,406,254,19661.95,Enzyme,5UNC,1
5unl_1,A,4,D2,A0A1B4TPS8,1.65,273,Burkholderia multivorans,1004,27466,2.72,0.14,749,4.29,3.6,4.29,3.18,1.33,158635.68,5.51,431,274,21463.31,Other,5UNL,1
5upp_1,A,4,D2,P07954,1.8,466,Homo sapiens (Human),962,519,1.96,0.09,1314,4.4,3.78,4.40,3.94,1.34,370906.78,10.28,727,434,33525.99,Enzyme,5UPP,1
5upx_1,A,4,C4,Q926Y9,1.85,386,Listeria monocytogenes serovar 1/2a (strain ATCC BAA-679 / EGD-e),672,486,2.87,0.16,960,4.11,3.35,4.11,2.81,1.24,212983.2,6.66,612,376,33281.42,Enzyme,5UPX,1
5uqi_2,A,4,D2,A0A0H2VCL5,1.62,198,Escherichia coli O6:H1 (strain CFT073 / ATCC 700928 / UPEC),231,883,2.1,0.11,592,4.14,3.5,4.14,3.1,1.76,106638.39,6.17,224,148,12162.78,Enzyme,5UQI,2
5ur0_1,A,4,D2,D2W142,1.94,349,Naegleria gruberi (Amoeba),926,785,2.79,0.15,934,4.36,3.69,4.36,3.21,1.08,212247.22,6.37,592,382,31416.99,Enzyme,5UR0,1
5uxm_1,A,4,D2,Q9I000,1.54,453,Pseudomonas aeruginosa (strain ATCC 15692 / DSM 22644 / CIP 104116 / JCM 14847 / LMG 12228 / 1C / PRS 101 / PAO1),987,268,3.63,0.18,1330,4.05,3.36,4.05,2.92,0.36,260331.25,6.22,944,600,45917.34,Enzyme,5UXM,1
5uzc_1,A,4,C4,A0A0H2YRZ7,1.85,363,Clostridium perfringens (strain ATCC 13124 / DSM 756 / JCM 1290 / NCIMB 6125 / NCTC 8237 / Type A),599,486,2.8,0.15,899,4.36,3.64,4.36,3.17,1.49,199952.44,6.53,559,344,29644.71,Enzyme,5UZC,1
5v10_1,A,4,D2,Q9I4Z5,1.9,151,Pseudomonas aeruginosa (strain ATCC 15692 / DSM 22644 / CIP 104116 / JCM 14847 / LMG 12228 / 1C / PRS 101 / PAO1),833,1909,2.34,0.18,370,3.79,2.92,3.79,2.46,1.46,82178.86,4.16,192,180,14736.6,Enzyme,5V10,1
5v4l_5,A,4,D2,J9VSX1,2.1,479,Cryptococcus neoformans (strain H99 / ATCC 208821 / CBS 10515 / FGSC 9487) (Cryptococcus neoformans var. grubii serotype A),1089,505,2.32,0.14,1408,4.4,3.9,4.40,3.59,1.65,291735.65,9.71,678,500,40336.71,Enzyme,5V4L,5
5v96_5,A,4,D2,Not Found,2,480,Naegleria fowleri,680,301,2.94,0.12,1403,4.35,3.72,4.35,3.31,1.01,297683.96,6.73,875,447,36071.08,Other,5V96,5
5va8_1,A,4,D2,B2JE32,1.6,267,Paraburkholderia phymatum (strain DSM 17167 / CIP 108236 / LMG 21445 / STM815) (Burkholderia phymatum),1161,22730,2.27,0.14,754,4.11,3.44,4.11,3.02,1.33,163387.79,5.65,371,319,22844.95,Enzyme,5VA8,1
5vbf_2,E,4,D2,A0A132DEP7,2.35,478,Burkholderia vietnamiensis,973,7110,3.41,0.14,1327,4.28,3.6,4.28,3.2,0.93,286518.59,6.35,978,545,40550.14,Other,5VBF,2
5vir_1,A,4,D2,B1MMZ4,1.7,233,Mycobacteroides abscessus (strain ATCC 19977 / DSM 44196 / CCUG 20993 / CIP 104536 / JCM 13569 / NCTC 13031 / TMC 1543 / L948) (Mycobacterium abscessus),913,3044,3,0.19,490,3.87,3.23,3.87,2.91,1.17,113490.39,4.14,340,246,21250.42,Enzyme,5VIR,1
5vml_2,A,4,D2,Q3JRS9,1.7,269,Burkholderia pseudomallei (strain 1710b),1022,26207,2.59,0.15,712,4.14,3.53,4.14,3.09,1.05,142120,5.57,368,256,21166.98,Enzyme,5VML,2
5vmt_1,A,4,D2,B4RPP8,2.5,342,Neisseria gonorrhoeae (strain NCCP11945),932,772,2.88,0.16,910,4.24,3.56,4.24,3.1,1.13,190244.45,6.53,548,396,31345.29,Enzyme,5VMT,1
5vt6_1,A,4,D2,Q3JJT1,1.7,269,Burkholderia pseudomallei (strain 1710b),1003,27775,2.34,0.13,676,4.27,3.65,4.27,3.17,0.94,150849.25,5.15,353,247,19905.51,Enzyme,5VT6,1
5vye_1,A,4,D2,A0A166JNM8,2.275,346,Pseudomonas putida (Arthrobacter siderocapsulatus),898,624,2.29,0.11,912,4.29,3.74,4.29,3.77,1.22,280533.75,6.98,643,393,31339.52,Enzyme,5VYE,1
5vyw_1,A,4,D2,A0A089XIW4,3.1,1143,Lactococcus lactis,622,74,3.8,0.18,2733,4.08,3.34,4.08,2.83,0.89,585239.57,13.51,2226,1305,106247.52,Other,5VYW,1
5vz0_1,A,4,D2,A0A089XIW4,2,1144,Lactococcus lactis,517,73,3.64,0.17,3063,4.1,3.4,4.10,2.87,0.94,676578.99,13.41,2466,1518,115505.01,Other,5VZ0,1
5w15_1,A,4,D2,B1YPY7,1.75,275,Burkholderia ambifaria (strain MC40-6),983,5993,3.26,0.14,730,4.29,3.56,4.29,3.14,0.84,178171.31,5.65,580,318,25362.33,Enzyme,5W15,1
5w1b_1,A,4,D2,P28796,2,467,Proteus vulgaris,803,160,3.34,0.15,1291,4.48,3.78,4.48,3.35,0.84,288344.04,6.27,962,502,43026.88,Enzyme,5W1B,1
5w5r_4,L,4,D2,P39669,1.75,418,Agrobacterium tumefaciens,1043,1458,3.02,0.17,1017,4.29,3.59,4.29,3.13,1.12,263161.4,7.17,796,526,44317.99,Enzyme,5W5R,4
5w8j_1,A,4,D2,P00338,1.55,332,Homo sapiens (Human),991,1074,2.57,0.12,979,4.4,3.78,4.40,3.34,1.42,212434.75,8.35,547,306,24925.85,Enzyme,5W8J,1
5wh9_1,A,4,D2,Q9KBC9,2.3,138,Halalkalibacterium halodurans (strain ATCC BAA-125 / DSM 18197 / FERM 7344 / JCM 9153 / C-125) (Bacillus halodurans),753,1486,2.14,0.19,334,3.81,3.14,3.81,2.74,1.65,75832.41,4.34,162,168,14442.61,Enzyme,5WH9,1
5ws9_1,A,4,D2,P9WKE5,1.9,475,Mycobacterium tuberculosis (strain ATCC 25618 / H37Rv),937,1507,3.5,0.16,1354,4.11,3.33,4.11,2.88,1.03,288991.64,7.07,1012,583,47037.31,Enzyme,5WS9,1
5wtn_1,A,4,D2,A0A0K2H6I1,2.8,300,Geobacillus stearothermophilus 10,31,336,1.42,0.16,671,4.19,3.55,4.19,3.22,1.84,162931.31,7.72,232,295,26244.52,Other,5WTN,1
5wuw_1,A,4,D2,A0A192ICX3,1.9,287,Serratia marcescens,1027,26875,2.62,0.15,662,4.29,3.6,4.29,3.13,1.26,128845.56,4.99,338,248,19290.91,Enzyme,5WUW,1
5x30_1,A,4,D2,P13254,1.7,398,Pseudomonas putida (Arthrobacter siderocapsulatus),861,2032,2.94,0.13,1093,4.41,3.73,4.41,3.27,1.14,237831.5,7.05,699,412,32064.43,Enzyme,5X30,1
5x30_1,A,4,D2,P13254,1.7,398,Pseudomonas putida (Arthrobacter siderocapsulatus),861,2032,2.94,0.13,1093,4.41,3.73,4.41,3.27,1.14,237831.5,7.05,699,412,32064.43,Enzyme,5X30,1
5x5h_1,A,4,D2,Q79VD9,1.51,392,Corynebacterium glutamicum (strain ATCC 13032 / DSM 20300 / JCM 1318 / BCRC 11384 / CCUG 27702 / LMG 3730 / NBRC 12168 / NCIMB 10025 / NRRL B-2784 / 534),861,1985,3.14,0.13,1064,4.22,3.43,4.22,2.92,1.01,221781.04,6.55,696,376,29879.4,Enzyme,5X5H,1
5x5t_1,A,4,D2,Q1JUP4,2.25,505,Azospirillum brasilense,968,6896,3.61,0.15,1324,4.27,3.49,4.27,3.07,1.11,270610.86,6.16,978,530,40820.33,Enzyme,5X5T,1
5xdc_1,A,4,D2,Q9LBX2,1.5785,414,Paenibacillus sp. A11-2,995,1545,2.23,0.10,1170,4.35,3.8,4.35,3.86,0.7,343828.68,6.3,766,446,34802.88,Enzyme,5XDC,1
5xlj_1,A,4,C4,A0A0P0QFX8,1.9,208,Serratia marcescens,5,893,2.42,0.23,448,3.6,2.76,3.60,2.17,1.78,104198.29,6.33,252,300,24197.4,Transport,5XLJ,1
5xny_1,A,4,D2,A0A0K2JL82,2.18,489,Streptomyces cremeus,1004,532,2.88,0.14,1344,4.17,3.54,4.17,3.14,1.52,227842.24,8.87,656,424,31049.01,Enzyme,5XNY,1
5xox_1,A,4,D2,P53215,3,243,Saccharomyces cerevisiae (strain ATCC 204508 / S288c) (Baker's yeast),255,377,2.29,0.20,637,4.03,3.49,4.03,3.15,0.93,144742.46,6.65,332,326,28728.51,Enzyme,5XOX,1
5xtf_1,A,4,D2,G9G7I7,2.095,278,Pseudomonas sp. MC1,638,19691,2.78,0.15,652,4.24,3.58,4.24,3.06,1.14,129649.72,5.22,360,236,19953.89,Enzyme,5XTF,1
5xtg_1,B,4,D2,G9G7I7,2.3,278,Pseudomonas sp. MC1,704,19691,2.04,0.11,612,4.09,3.3,4.09,3.48,1.06,182681.71,5.24,372,232,20464.24,Enzyme,5XTG,1
5xyj_1,B,4,D2,P41338,1.93,408,Saccharomyces cerevisiae (strain ATCC 204508 / S288c) (Baker's yeast),998,1409,3.61,0.16,1108,4.28,3.5,4.28,3.05,1.23,229037.32,7.14,826,424,37478.9,Enzyme,5XYJ,1
5y0m_1,A,4,D2,Q57326,1.03,355,Flavobacterium sp. KI723T1,736,132,3.19,0.11,954,4.34,3.51,4.34,2.94,0.96,190113.22,7.52,606,252,20014.75,Other,5Y0M,1
5y2v_1,A,4,C2,P73862,2.6,324,Synechocystis sp. (strain ATCC 27184 / PCC 6803 / Kazusa),179,9084,2.44,0.19,823,4.13,3.54,4.13,3.16,1.5,181606.39,5.98,443,385,33825.61,Regulatory,5Y2V,1
5y37_1,A,4,D2,Q8E3E8,1.36,344,Streptococcus agalactiae serotype III (strain NEM316),881,763,2.64,0.16,927,4.3,3.5,4.30,3.04,1,214943.78,6.78,568,407,33379.67,Enzyme,5Y37,1
5ycv_1,A,4,D2,Q81GI3,1.85,258,Bacillus cereus (strain ATCC 14579 / DSM 31 / CCUG 7414 / JCM 2152 / NBRC 15305 / NCIMB 9373 / NCTC 2599 / NRRL B-3711),1031,9295,2.53,0.17,703,4.28,3.55,4.28,3.13,1.51,149166.28,5.22,378,285,24974.5,Enzyme,5YCV,1
5ydw_1,A,4,D2,A0A0J5DK07,3.3,304,Salmonella enterica subsp. enterica serovar Typhimurium,68,5283,2.42,0.18,584,4.17,3.52,4.17,3.1,1.66,175769.77,8.12,426,352,31804.17,Other,5YDW,1
5yhw_1,A,4,D2,I3LG77,2.7,524,Sus scrofa (Pig),787,430,3.24,0.14,1053,4.24,3.65,4.24,3.27,0.69,251214.34,6.86,814,448,35408.04,Enzyme,5YHW,1
5yih_1,A,4,D2,D0CAF1,1.98,143,Acinetobacter baumannii (strain ATCC 19606 / DSM 30007 / JCM 6841 / CCUG 19606 / CIP 70.34 / NBRC 109757 / NCIMB 12457 / NCTC 12156 / 81),504,1894,2.3,0.20,373,4.1,3.48,4.10,3.16,1.19,85980.56,4.4,198,190,16847.55,Enzyme,5YIH,1
5yss_1,A,4,D2,A0A0D7LY80,2.276,256,Citrobacter freundii,1123,30208,2.94,0.16,768,4.3,3.65,4.30,3.24,1.27,143032.17,5.11,420,300,23054.37,Enzyme,5YSS,1
5z1b_1,A,4,D2,E0QAF3,1.45,692,Bifidobacterium dentium ATCC 27679,471,753,3.26,0.12,1641,4.26,3.48,4.26,2.95,0.46,402591.66,9.42,1313,650,48468.77,Enzyme,5Z1B,1
5z2d_1,A,4,D2,A0A3B6UER2,1.8,264,Paenisporosarcina sp. TG-14,986,1008,2.47,0.21,676,3.92,3.17,3.92,2.67,1.59,156772.69,4.9,388,372,32374.62,Other,5Z2D,1
5z2p_2,C,4,D2,P17109,2.3,556,Escherichia coli (strain K12),1050,941,3.38,0.13,1440,4.33,3.68,4.33,3.27,0.87,339249.77,7.38,1147,523,42494.78,Enzyme,5Z2P,2
5z48_1,A,4,D2,Q9RX25,1.55,220,Deinococcus radiodurans (strain ATCC 13939 / DSM 20539 / JCM 16871 / CCUG 27074 / LMG 4051 / NBRC 15346 / NCIMB 9279 / VKM B-1422 / R1),989,388,3.08,0.17,548,3.97,3.29,3.97,2.87,1.27,125449.91,4.13,386,276,21081.34,Enzyme,5Z48,1
5z5m_1,A,4,D2,B7GAW6,1.85,299,Phaeodactylum tricornutum (strain CCAP 1055/1),785,47,2.17,0.18,734,3.98,3.36,3.98,3.02,1.56,169245.74,7.04,368,381,30303.94,Enzyme,5Z5M,1
5zbn_3,C,4,C4,E1AXT8,2.32,371,Nicotiana benthamiana,851,1810,3.46,0.18,852,3.91,3.15,3.91,2.75,1.33,188473.47,5.7,652,440,34814.13,Enzyme,5ZBN,3
5zct_1,A,4,D2,P0C0U4,2.05,306,Escherichia coli (strain K12),898,520,2.8,0.17,797,4.31,3.59,4.31,3.2,1.4,175594.87,7.81,492,366,29050.72,Enzyme,5ZCT,1
5zfm_1,A,4,D2,Q03TH6,2,281,Levilactobacillus brevis (strain ATCC 367 / BCRC 12310 / CIP 105137 / JCM 1170 / LMG 11437 / NCIMB 947 / NCTC 947) (Lactobacillus brevis),1008,27957,2.6,0.13,724,4.18,3.63,4.18,3.19,1.3,153201.59,5.18,399,257,20231.49,Enzyme,5ZFM,1
5zfs_1,A,4,D2,A0A1L7NQ96,1.96,297,Arthrobacter globiformis,1157,411,3.18,0.15,890,4.26,3.61,4.26,3.18,1.21,172775.28,5.64,550,332,25889.71,Enzyme,5ZFS,1
5zhh_1,A,4,D2,Q8YT10,1.89,270,Nostoc sp. PCC 7120 = FACHB-418,1014,4388,3.04,0.15,691,4.18,3.51,4.18,3.07,1.34,151450.83,6.95,460,276,22445.2,Other,5ZHH,1
5zjm_2,C,4,D2,Q8RDN6,2.32,291,Fusobacterium nucleatum subsp. nucleatum (strain ATCC 25586 / DSM 15643 / BCRC 10681 / CIP 101130 / JCM 8532 / KCTC 2640 / LMG 13131 / VPI 4355),1112,2811,3.42,0.17,810,4.15,3.44,4.15,2.95,1.18,166886.91,4.5,570,350,28009.7,Enzyme,5ZJM,2
5zlt_1,A,4,D2,A0A154EJU5,2.5,380,Acinetobacter baumannii,895,938,3.36,0.17,993,4.43,3.82,4.43,3.45,1.03,224000.26,5.59,753,448,38457.81,Enzyme,5ZLT,1
5zw7_1,A,4,D2,Q5W271,1.3,402,Serratia sp. (strain ATCC 39006) (Prodigiosinella confusarubida),919,4654,3.24,0.14,1316,4.18,3.51,4.18,3.1,1.04,228145.56,5.76,740,416,32431.34,Enzyme,5ZW7,1
5zzr_1,A,4,C4,O52792,1.31,377,Amycolatopsis orientalis (Nocardia orientalis),836,1735,3.46,0.14,944,4.04,3.34,4.04,2.87,1.39,192170.47,6.02,664,364,27641,Enzyme,5ZZR,1
6a2t_1,A,4,D2,P9WHR7,1.9,111,Mycobacterium tuberculosis (strain ATCC 25618 / H37Rv),74,1998,1.57,0.21,200,3.38,2.54,3.38,2.03,1.09,51062.58,5.74,80,132,10507.56,Enzyme,6A2T,1
6a3f_1,A,4,D2,F0M433,1.8,410,Pseudarthrobacter phenanthrenivorans (strain DSM 18606 / JCM 16027 / LMG 23796 / Sphe3) (Arthrobacter phenanthrenivorans),1017,1492,2.96,0.14,1088,4.15,3.5,4.15,2.95,0.98,225306.68,6.81,666,398,31290.25,Enzyme,6A3F,1
6a41_1,A,4,D2,A0A5H1ZR29,1.97,244,Rhodospirillaceae,1096,8781,2.48,0.16,644,4.15,3.5,4.15,3.04,1.06,138552.57,4.86,344,272,22069.42,Other,6A41,1
6a4g_1,A,4,C4,O52792,1.99,377,Amycolatopsis orientalis (Nocardia orientalis),597,1732,3.59,0.17,856,3.97,3.29,3.97,2.86,1.55,174914.32,5.56,628,368,30114.2,Enzyme,6A4G,1
6aa7_1,A,4,D2,A0A1S7IWI8,1.8,233,Acropora digitifera (Staghorn coral),112,39,2.72,0.18,636,3.91,3.13,3.91,2.65,0.91,139132.65,5.61,378,296,24566.96,Other,6AA7,1
6abi_1,A,4,D2,Q8RG11,2.1,358,Fusobacterium nucleatum subsp. nucleatum (strain ATCC 25586 / DSM 15643 / BCRC 10681 / CIP 101130 / JCM 8532 / KCTC 2640 / LMG 13131 / VPI 4355),586,1857,2.65,0.17,952,4.17,3.49,4.17,3.06,1.39,203090.47,6.08,538,384,34322.64,Enzyme,6ABI,1
6abj_1,A,4,D2,Q9I530,1.86,345,Pseudomonas aeruginosa (strain ATCC 15692 / DSM 22644 / CIP 104116 / JCM 14847 / LMG 12228 / 1C / PRS 101 / PAO1),992,1859,2.86,0.17,944,4.08,3.4,4.08,2.91,1.33,191134.23,5,546,422,32143.14,Enzyme,6ABJ,1
6aes_2,B,4,D2,A0A1G5LIK5,3.55,143,Pseudomonas aeruginosa,499,1943,2.58,0.21,347,4.02,3.4,4.02,2.9,1.01,81465.64,4.91,210,194,17501,Other,6AES,2
6alj_1,A,4,D2,O94788,1.89,493,Homo sapiens (Human),996,6747,3.16,0.13,1351,4.45,3.75,4.45,3.29,0.89,318553.05,7.36,1006,489,39994.47,Enzyme,6ALJ,1
6aph_1,A,4,D2,A0A077EDS4,1.65,445,Elizabethkingia anophelis NUHP1,709,306,3.21,0.12,1272,4.32,3.59,4.32,3.05,1,254050.23,6.73,816,396,30838.13,Enzyme,6APH,1
6arf_1,A,4,D2,Q4WCL5,1.7,399,Aspergillus fumigatus (strain ATCC MYA-4609 / CBS 101355 / FGSC A1100 / Af293) (Neosartorya fumigata),977,1531,3.41,0.15,1086,4.36,3.62,4.36,3.16,1.17,234365.78,7.23,800,432,35745.42,Enzyme,6ARF,1
6arh_1,A,4,D2,Q9BXD5,1.6,338,Homo sapiens (Human),1021,1814,2.93,0.14,878,4.28,3.63,4.28,3.27,1.36,193333.95,5.13,567,323,27167.94,Enzyme,6ARH,1
6ayu_1,A,4,D2,A5U1E6,2.2,347,Mycobacterium tuberculosis (strain ATCC 25177 / H37Ra),770,153,3.43,0.18,874,4.17,3.48,4.17,3.03,1.56,175053.94,6.38,600,382,30907.47,Enzyme,6AYU,1
6azs_1,A,4,D2,Q1M7F4,1.59,262,Rhizobium johnstonii (strain DSM 114642 / LMG 32736 / 3841) (Rhizobium leguminosarum bv. viciae),951,416,2.65,0.13,681,4.24,3.56,4.24,3.08,1.32,144675.6,5.12,384,229,18536.87,Enzyme,6AZS,1
6b4r_1,A,4,D2,Q9HTP2,2.55,497,Pseudomonas aeruginosa (strain ATCC 15692 / DSM 22644 / CIP 104116 / JCM 14847 / LMG 12228 / 1C / PRS 101 / PAO1),1008,6808,3.6,0.15,1377,4.39,3.7,4.39,3.23,1.02,286467.64,6.56,1031,535,42775.38,Enzyme,6B4R,1
6b4r_1,A,4,D2,Q9HTP2,2.55,497,Pseudomonas aeruginosa (strain ATCC 15692 / DSM 22644 / CIP 104116 / JCM 14847 / LMG 12228 / 1C / PRS 101 / PAO1),1008,6808,3.6,0.15,1377,4.39,3.7,4.39,3.23,1.02,286467.64,6.56,1031,535,42775.38,Enzyme,6B4R,1
6b5k_1,A,4,D2,P9WH13,1.6,296,Mycobacterium tuberculosis (strain ATCC 25618 / H37Rv),740,917,3.03,0.18,720,4.04,3.39,4.04,2.98,1.47,163795.78,4.58,496,378,29331.8,Enzyme,6B5K,1
6ba0_1,A,4,D2,F5LUB1,2.03,315,Gardnerella vaginalis 315-A,1102,1915,3.59,0.17,808,4.05,3.3,4.05,2.85,1.13,187843.2,5.68,675,368,32652.43,Other,6BA0,1
6bdx_1,A,4,D2,A0A1D3EVW8,1.85,270,Neisseria gonorrhoeae,1067,1104,2.82,0.20,716,3.85,3.15,3.85,2.7,1.59,143231.7,7.56,404,352,28111.34,Other,6BDX,1
6bja_1,A,4,D2,F1L3N8,1.6,397,Ascaris suum (Pig roundworm) (Ascaris lumbricoides),755,1440,2.62,0.12,1032,4.2,3.37,4.20,3.54,1.19,302632.46,6.55,792,404,35588.26,Enzyme,6BJA,1
6bjb_1,A,4,D2,F1KYX0,1.5,393,Ascaris suum (Pig roundworm) (Ascaris lumbricoides),753,1411,2.56,0.11,1030,4.29,3.5,4.29,3.58,1.14,310389.3,6.66,796,400,33921.84,Enzyme,6BJB,1
6bjp_1,B,4,D2,Q9HTJ1,2.1,490,Pseudomonas aeruginosa (strain ATCC 15692 / DSM 22644 / CIP 104116 / JCM 14847 / LMG 12228 / 1C / PRS 101 / PAO1),976,6944,3.42,0.15,1281,4.4,3.75,4.40,3.26,0.89,276359.39,9.71,945,521,41938.53,Enzyme,6BJP,1
6bjp_1,B,4,D2,Q9HTJ1,2.1,490,Pseudomonas aeruginosa (strain ATCC 15692 / DSM 22644 / CIP 104116 / JCM 14847 / LMG 12228 / 1C / PRS 101 / PAO1),976,6944,3.42,0.15,1281,4.4,3.75,4.40,3.26,0.89,276359.39,9.71,945,521,41938.53,Enzyme,6BJP,1
6bjq_1,A,4,D2,C4Z6Z2,2.7,634,Lachnospira eligens (strain ATCC 27750 / DSM 3376 / VPI C15-48 / C15-B4) (Eubacterium eligens),447,1107,3.6,0.14,1440,4.02,3.19,4.02,2.65,0.27,359371.75,8.67,1292,624,49601.03,Enzyme,6BJQ,1
6bng_1,A,4,D2,B7H226,2.2,289,Acinetobacter baumannii (strain AB307-0294),748,399,3.23,0.14,700,4.18,3.43,4.18,2.99,1.37,156446.81,5.65,506,260,21402.44,Enzyme,6BNG,1
6bo6_1,A,4,D2,C4Z6Z2,2.8,611,Lachnospira eligens (strain ATCC 27750 / DSM 3376 / VPI C15-48 / C15-B4) (Eubacterium eligens),254,1209,3.62,0.16,1196,4.05,3.25,4.05,2.76,0.25,298159.67,6.84,1080,572,48792.77,Enzyme,6BO6,1
6bo7_1,A,4,D2,A0A1G4HBT9,2.85,238,Plasmodium vivax (malaria parasite P. vivax),1017,213,2.56,0.17,487,4.02,3.3,4.02,2.87,1.85,137291.77,5.23,352,254,23346.99,Enzyme,6BO7,1
6bq6_1,A,4,D2,G7K2D1,1.65,331,Medicago truncatula (Barrel medic) (Medicago tribuloides),788,347,3.26,0.17,834,4.18,3.48,4.18,3.03,0.72,179566.59,5.82,586,356,30962.44,Enzyme,6BQ6,1
6btd_1,A,4,C4,A0A231I520,1.55,222,Bacillus thuringiensis,881,1710,3,0.16,564,4.13,3.41,4.13,2.93,1.17,121218.59,5.08,364,240,19911.04,Other,6BTD,1
6bum_1,A,4,D2,Q2RGM7,1.51,363,Moorella thermoacetica (strain ATCC 39073 / JCM 9320),125,63,2.63,0.10,1036,4.32,3.56,4.32,3.7,1.07,298919.61,5.94,786,360,29847.73,Enzyme,6BUM,1
6c43_2,E,4,D2,A0A0W3SL32,2.9,477,Salmonella enterica,971,6619,3.62,0.14,1273,4.24,3.52,4.24,3.06,0.95,269462.7,6.65,975,492,38961.21,Other,6C43,2
6c8w_1,A,4,D2,C5GC63,2.6,375,Blastomyces gilchristii SLH14081,1048,388,3.74,0.17,916,4.22,3.44,4.22,3,1.14,201562.81,5.08,753,406,33548.81,Other,6C8W,1
6cd0_1,A,4,D2,G7ILW0,1.74,455,Medicago truncatula (Barrel medic) (Medicago tribuloides),935,662,2.81,0.14,1316,4.51,3.79,4.51,3.37,1.25,280392.54,7.23,789,483,38766.28,Enzyme,6CD0,1
6cd0_1,A,4,D2,G7ILW0,1.74,455,Medicago truncatula (Barrel medic) (Medicago tribuloides),935,662,2.81,0.14,1316,4.51,3.79,4.51,3.37,1.25,280392.54,7.23,789,483,38766.28,Enzyme,6CD0,1
6cep_1,A,4,D2,P00336,2,334,Sus scrofa (Pig),999,972,2.63,0.13,870,4.33,3.66,4.33,3.23,1.58,200616.2,8.22,528,298,25390.27,Enzyme,6CEP,1
6ci9_3,I,4,D2,A0QP46,1.54,259,Mycolicibacterium smegmatis (strain ATCC 700084 / mc(2)155) (Mycobacterium smegmatis),1076,33190,2.49,0.13,756,4.4,3.76,4.40,3.37,1.27,148141.15,5.43,369,256,19000.91,Enzyme,6CI9,3
6ciu_1,A,4,D2,Q60I25,1.7,236,Galaxea fascicularis (Galaxy coral) (Madrepora fascicularis),117,39,2.43,0.15,575,4.13,3.29,4.13,2.82,1.14,141030.75,5.67,342,250,20734.7,Other,6CIU,1
6cja_1,A,4,D2,Q5ZX43,1.7,391,Legionella pneumophila subsp. pneumophila (strain Philadelphia 1 / ATCC 33152 / DSM 7513),921,2047,2.94,0.11,1098,4.37,3.72,4.37,3.26,1.11,244229.74,6.61,719,345,28079,Enzyme,6CJA,1
6cn1_2,E,4,D2,Q88P88,2.75,424,Pseudomonas putida (strain ATCC 47054 / DSM 6125 / CFBP 8728 / NCIMB 11950 / KT2440),1152,783,3.76,0.16,1088,4.32,3.59,4.32,3.16,1.49,240468.83,6.04,905,485,39269.16,Enzyme,6CN1,2
6cxs_2,A,4,D2,Q8XP19,2.688,602,Clostridium perfringens (strain 13 / Type A),482,1193,3.63,0.15,1522,4.24,3.38,4.24,2.87,0.36,366306.22,9.09,1328,642,53920.42,Enzyme,6CXS,2
6czf_1,A,4,D2,P0AG16,1.949,498,Escherichia coli (strain K12),886,753,2.48,0.11,1288,4.38,3.6,4.38,3.7,1.04,408099.19,7.38,1011,546,44859.7,Enzyme,6CZF,1
6d0o_1,A,4,D2,Q8KSC8,2.3,301,Sphingobium herbicidovorans (strain ATCC 700291 / DSM 11019 / CCUG 56400 / KCTC 2939 / LMG 18315 / NBRC 16415 / MH) (Sphingomonas herbicidovorans),1068,1830,2.99,0.19,706,4.12,3.3,4.12,2.7,0.74,174390.32,5.94,522,392,32835.79,Enzyme,6D0O,1
6d2n_2,A,4,D2,A0A1G5JF57,1.9,209,Pseudomonas aeruginosa,602,1305,1.86,0.12,576,4.09,3.43,4.09,3.01,1.83,122568.47,5.92,228,180,15220.27,Other,6D2N,2
6d3m_2,F,4,D2,Not Found,2.03,295,Sphingobium herbicidovorans,1041,1861,3,0.18,716,4,3.27,4.00,2.75,0.8,177437.48,6.45,532,406,31599,Other,6D3M,2
6d4r_1,A,4,C4,G7CNL4,1.34,389,Mycolicibacterium thermoresistibile (strain ATCC 19527 / DSM 44167 / CIP 105390 / JCM 6362 / NCTC 10409 / 316) (Mycobacterium thermoresistibile),513,457,3.45,0.16,896,4.13,3.34,4.13,2.84,1.34,178318.7,6.32,616,372,29025,Enzyme,6D4R,1
6d97_1,A,4,D2,A0A2H4PMI3,2.2,547,Zea mays (Maize),981,238,3.44,0.13,1360,4.31,3.61,4.31,3.16,1.11,305552.4,8.95,1052,498,38937.67,Enzyme,6D97,1
6d9y_1,A,4,D2,B2JLJ0,1.3,258,Paraburkholderia phymatum (strain DSM 17167 / CIP 108236 / LMG 21445 / STM815) (Burkholderia phymatum),1113,33175,2.72,0.14,796,4.26,3.58,4.26,3.15,1.26,148645.7,5.65,404,252,20343.79,Enzyme,6D9Y,1
6dej_1,A,4,D2,Q95W85,1.6279,235,Radianthus crispa (Leathery sea anemone) (Heteractis crispa),115,33,2.54,0.14,600,4.04,3.24,4.04,2.74,0.89,148440.39,6.23,377,277,21314.23,Other,6DEJ,1
6dfz_1,A,4,D2,Not Found,2.4,332,Not Found,936,829,3.11,0.16,902,4.14,3.36,4.14,2.91,1,194344.84,6.43,604,367,30561.27,Other,6DFZ,1
6drr_3,B,4,D2,A0A1E7PQA4,1.599,271,Campylobacter jejuni,1014,25785,2.42,0.15,810,4.24,3.61,4.24,3.19,1.11,159274.54,5.26,386,266,23268.64,Other,6DRR,3
6dru_1,A,4,D2,A0A254U0T8,2.26,718,Aspergillus niger,528,290,3.71,0.13,1762,4.26,3.44,4.26,2.92,0.31,445114.19,7.2,1652,742,57511.59,Enzyme,6DRU,1
6du6_1,A,4,D2,Q16F38,3.51,565,Aedes aegypti (Yellowfever mosquito) (Culex aegypti),1027,1250,3.37,0.19,1229,4.13,3.48,4.13,3.13,1.23,285837.72,6.38,962,660,54748.42,Enzyme,6DU6,1
6dwd_1,D,4,D2,Q9Y3Z3,1.7,550,Homo sapiens (Human),799,368,3,0.15,1338,4.23,3.56,4.23,3.1,0.84,314820.29,7.13,944,513,46603.7,Enzyme,6DWD,1
6dzg_1,A,4,D2,Q92SA6,1.87,300,Rhizobium meliloti (strain 1021) (Ensifer meliloti) (Sinorhizobium meliloti),617,166,2.7,0.18,747,4.05,3.55,4.05,3.15,0.4,187650.93,5.01,507,396,34270.88,Enzyme,6DZG,1
6e5y_2,A,4,D2,Q7VTJ9,1.5,448,Bordetella pertussis (strain Tohama I / ATCC BAA-589 / NCTC 13251),1055,215,2.55,0.14,1736,4.15,3.46,4.15,2.98,0.92,263185.16,7.89,672,448,36346.94,Enzyme,6E5Y,2
6eca_1,A,4,D2,A0A0D6U8U4,2.85,627,Lacticaseibacillus rhamnosus,439,1000,3.61,0.14,1500,4.21,3.42,4.21,2.93,0.31,356554.87,9.49,1288,644,49764.16,Other,6ECA,1
6ed2_1,A,4,D2,C7H4D2,2.3,631,Faecalibacterium duncaniae (strain DSM 17677 / JCM 31915 / A2-165) (Faecalibacterium prausnitzii),439,1296,3.67,0.14,1556,4.24,3.42,4.24,2.86,0.38,361600.58,9.59,1328,632,50350.36,Enzyme,6ED2,1
6edh_1,A,4,D2,P37610,1.73,283,Escherichia coli (strain K12),1091,1891,3,0.19,726,4.04,3.31,4.04,2.78,0.69,172642.58,6.04,518,414,33263.4,Enzyme,6EDH,1
6edw_1,A,4,D2,Q8VJU4,1.8,786,Mycobacterium tuberculosis (strain CDC 1551 / Oshkosh),641,4,2.16,0.13,2160,4.19,3.56,4.19,3.15,1.02,483709.49,18.42,1043,757,62728.52,Enzyme,6EDW,1
6eer_1,A,4,D2,A0A161XU12,1.82,816,Pseudoalteromonas luteoviolacea DSM 6061,153,54,3.36,0.14,2002,4.28,3.54,4.28,3.11,0.49,502362.52,9.29,1690,825,68910.83,Binding,6EER,1
6egr_1,A,4,D2,A0A0A5P8W7,1.2,398,Citrobacter freundii,878,2003,3.11,0.13,1192,4.24,3.47,4.24,3.01,1.13,228748.65,7.13,712,368,30797.08,Enzyme,6EGR,1
6ewz_1,A,4,D2,W8U368,2.24,237,Staphylococcus aureus,509,175,2.13,0.19,634,4.01,3.39,4.01,3.04,1.08,127958.63,6.36,272,260,24578.37,Enzyme,6EWZ,1
6f3p_1,A,4,D2,Q9I685,1.35,472,Pseudomonas aeruginosa (strain ATCC 15692 / DSM 22644 / CIP 104116 / JCM 14847 / LMG 12228 / 1C / PRS 101 / PAO1),768,281,3.04,0.13,1410,4.3,3.58,4.30,3.11,0.91,283277.21,7.07,860,456,37655.17,Enzyme,6F3P,1
6f6t_1,A,4,D2,P24481,1.65,714,Petroselinum crispum (Parsley) (Petroselinum hortense),1054,76,3,0.13,2038,4.43,3.83,4.43,3.4,1.19,391181.15,12.86,1174,630,51332.36,Enzyme,6F6T,1
6f7h_1,A,4,C4,Q96PS8,2.3,301,Homo sapiens (Human),529,1870,2.91,0.15,800,4.32,3.77,4.32,3.5,0.85,151679.79,6.89,441,280,22131.68,Transport,6F7H,1
6f9q_1,A,4,D2,A0A3Q8GLE8,1.4,272,Nepeta racemosa,939,28299,2.77,0.13,844,4.28,3.58,4.28,3.15,1.13,158764.92,5.13,440,246,20748.48,Other,6F9Q,1
6fdg_1,A,4,D2,A0A166E508,1.3,155,Staphylococcus aureus,509,571,2.16,0.19,483,3.99,3.19,3.99,2.77,1.02,98856.18,4.45,214,217,19016.5,Enzyme,6FDG,1
6fgk_1,A,4,D2,P39583,3.2,210,Bacillus subtilis (strain 168),343,414,2.1,0.22,464,3.84,3.32,3.84,2.91,1.46,113123.44,6.01,238,262,24336.79,Enzyme,6FGK,1
6fk3_1,A,4,D2,Q72KD3,2.05,536,Thermus thermophilus (strain ATCC BAA-163 / DSM 7039 / HB27),989,5479,3.07,0.12,1498,4.35,3.55,4.35,3.02,0.87,314433.48,10.6,966,444,36364.93,Enzyme,6FK3,1
6frn_1,A,4,D2,A0A452CSW8,1.74,410,Methanothermococcus thermolithotrophicus,797,413,2.38,0.10,1166,4.29,3.53,4.29,3.82,1.09,355346.52,8.27,846,389,34848.14,Other,6FRN,1
6fxs_1,A,4,D2,Q384D1,2.01,175,Trypanosoma brucei brucei (strain 927/4 GUTat10.1),854,980,2.33,0.16,440,4.19,3.66,4.19,3.19,1.85,87667.58,4.93,204,162,14052.5,Enzyme,6FXS,1
6fxs_1,A,4,D2,Q384D1,2.01,175,Trypanosoma brucei brucei (strain 927/4 GUTat10.1),854,980,2.33,0.16,440,4.19,3.66,4.19,3.19,1.85,87667.58,4.93,204,162,14052.5,Enzyme,6FXS,1
6fxw_1,A,4,D2,A4I3S4,1.57,175,Leishmania infantum,859,917,2.58,0.15,444,3.99,3.41,3.99,2.94,1.5,86980.17,4.86,224,160,13344.2,Enzyme,6FXW,1
6fzi_1,A,4,D2,Q0STD4,2.55,332,Clostridium perfringens (strain SM101 / Type A),894,803,3.03,0.16,928,4.29,3.57,4.29,3.11,1.19,190498.7,6.63,577,370,30230.89,Enzyme,6FZI,1
6fzo_1,A,4,D2,Not Found,2.3,138,synthetic construct,11,61,2.23,0.17,383,4.37,3.89,4.37,3.5,1.35,81086.39,4.82,181,154,13622.07,Other,6FZO,1
6g1b_1,J,4,C2,A0A2H5I9R9,2.28,327,Corynebacterium glutamicum,54,4726,2.59,0.20,820,3.87,3.17,3.87,2.75,1.86,181460.41,10.15,470,432,35712.28,Other,6G1B,1
6g1b_1,J,4,C2,A0A2H5I9R9,2.28,326,Corynebacterium glutamicum,54,4726,2.59,0.20,820,3.87,3.17,3.87,2.75,1.86,181460.41,10.15,470,432,35712.28,Other,6G1B,1
6g1n_1,A,4,C2,Q63NA5,1.85,142,Burkholderia pseudomallei (strain K96243),407,279,1.44,0.19,324,4,3.35,4.00,2.95,2.15,79724.76,6.04,115,171,15064.77,Other,6G1N,1
6g1o_1,A,4,D2,Q9I0K4,1.88,486,Pseudomonas aeruginosa (strain ATCC 15692 / DSM 22644 / CIP 104116 / JCM 14847 / LMG 12228 / 1C / PRS 101 / PAO1),529,78,2.63,0.15,1360,4.1,3.49,4.10,3.09,1,285440.07,10.54,752,528,41733.25,Enzyme,6G1O,1
6g60_1,A,4,D2,O69787,1.84,508,Rhizobium meliloti (strain 1021) (Ensifer meliloti) (Sinorhizobium meliloti),857,8187,3.41,0.13,1362,4.25,3.59,4.25,3.11,0.32,310017.77,7.05,1058,528,41677.41,Enzyme,6G60,1
6gbn_2,C,4,D2,Q11XG9,2.09,438,Cytophaga hutchinsonii ATCC 33406,708,311,3.29,0.13,1258,4.32,3.55,4.32,3.04,1.11,252772.53,6.73,832,410,33761.44,Other,6GBN,2
6gfp_1,A,4,D2,Q8DIW5,1.54,339,Thermosynechococcus vestitus (strain NIES-2133 / IAM M-273 / BP-1),926,789,2.97,0.16,968,4.14,3.47,4.14,2.96,1.02,204571.29,6.18,608,388,32288.04,Enzyme,6GFP,1
6gmc_1,A,4,C4,Q9UJM8,1.2,368,Homo sapiens (Human),973,1827,3.63,0.16,1040,4.18,3.45,4.18,3.02,1.09,211753.96,6.05,768,400,32953,Enzyme,6GMC,1
6gmi_1,A,4,D2,P22629,1.6,181,Streptomyces avidinii,15,61,1.77,0.17,344,3.63,2.87,3.63,2.34,0.2,67685.05,5.05,120,136,11435.16,Binding,6GMI,1
6gnr_1,A,4,D2,Q9PTT3,1.4,135,Sparus aurata (Gilthead sea bream),396,281,1.78,0.20,346,3.77,2.9,3.77,2.42,1.51,70970.4,3.81,126,180,14118.72,Binding,6GNR,1
6gpk_1,A,4,D2,O60547,1.47,373,Homo sapiens (Human),993,3316,3.06,0.14,947,4.19,3.55,4.19,2.99,0.84,224203.26,6.97,685,400,32012.03,Enzyme,6GPK,1
6gq8_1,A,4,D2,Q74MF3,1.88,109,Nanoarchaeum equitans (strain Kin4-M),46,155,1.51,0.13,247,4.02,3.16,4.02,2.61,0.68,68959.25,5.31,104,108,9256.19,Enzyme,6GQ8,1
6gwu_1,A,4,D2,Q5AJ71,2.2,208,Candida albicans (strain SC5314 / ATCC MYA-2876) (Yeast),655,1221,1.84,0.14,553,4.11,3.56,4.11,3.17,1.67,116631.96,5.65,215,197,16561.97,Enzyme,6GWU,1
6h0m_1,A,4,D2,Q9BPX1,1.25,270,Homo sapiens (Human),1029,28966,1.96,0.10,776,4.09,3.46,4.09,3.55,1.39,195660.91,6.41,384,244,19706.49,Enzyme,6H0M,1
6h2r_1,A,4,D2,O54288,1.57,293,Saccharolobus solfataricus (Sulfolobus solfataricus),1134,1946,2.14,0.10,914,4.31,3.63,4.31,3.8,1.13,264637.08,5.24,566,312,27553.07,Enzyme,6H2R,1
6h4e_1,A,4,D2,B4EZY4,1.56,295,Proteus mirabilis (strain HI4320),1079,2372,3.3,0.16,842,4.16,3.56,4.16,3.08,1.29,175827.53,5.02,580,358,27851.54,Other,6H4E,1
6h9s_1,A,4,D2,A9BGZ9,1.9,307,Petrotoga mobilis (strain DSM 10674 / SJ95),846,1111,3.03,0.18,898,4.15,3.45,4.15,3.08,1.44,169190.27,6.44,512,360,29856.31,Enzyme,6H9S,1
6hr7_1,A,4,D2,A0A4V8GZY0,2.4,427,Methanothermococcus thermolithotrophicus DSM 2095,542,484,2.54,0.13,1136,4.46,3.69,4.46,3.19,1.07,227351.87,7.53,578,332,30634.59,Other,6HR7,1
6hxm_1,A,4,D2,P53396,1.3,270,Homo sapiens (Human),521,196,1.55,0.09,864,4.34,3.72,4.34,3.94,1.28,222820.79,7.54,346,208,19465.82,Enzyme,6HXM,1
6hxo_2,B,4,D2,Q9AJC4,1.5,279,Chlorobium limicola,540,177,1.86,0.11,708,4.29,3.73,4.29,3.31,1.36,160323.74,9.58,299,185,17023.58,Binding,6HXO,2
6hxp_1,A,4,D2,Q75VX1,1.45,268,Hydrogenobacter thermophilus,523,430,1.38,0.09,756,4.18,3.55,4.18,3.7,1.14,208577.67,9.3,288,196,18370.48,Enzyme,6HXP,1
6i9w_1,A,4,D2,M5A5Y8,1.55,259,Ilumatobacter coccineus YM16-304,964,10455,2.02,0.12,730,4.31,3.64,4.31,3.81,1.32,209160.49,4.98,423,317,24194.15,Other,6I9W,1
6ien_1,A,4,D2,P9WPY7,2.7,470,Mycobacterium tuberculosis (strain ATCC 25618 / H37Rv),1092,894,2.51,0.13,1310,4.49,3.99,4.49,3.68,1.75,247037.84,10.21,619,403,31154.33,Enzyme,6IEN,1
6ig5_1,A,4,D2,P9WPY7,2.078,470,Mycobacterium tuberculosis (strain ATCC 25618 / H37Rv),1100,894,2.47,0.13,1374,4.34,3.77,4.34,3.46,1.74,268632.28,10.4,663,457,34742.12,Enzyme,6IG5,1
6ihi_1,A,4,D2,C0IR58,1.78,249,Ralstonia sp. DSMZ 6428,1091,35663,2.51,0.15,713,4.2,3.57,4.20,3.21,1.33,147921.2,4.8,372,251,22261.58,Enzyme,6IHI,1
6ikz_1,A,4,D2,X2KZJ9,2.14,290,Acinetobacter baumannii,1129,2118,2.77,0.19,704,3.98,3.21,3.98,2.76,1.64,162332.89,5.59,450,384,30657.58,Enzyme,6IKZ,1
6int_1,A,4,D2,A0A4V8H014,1.94,438,Paenibacillus sp. R4,936,54,2.47,0.11,1204,4.24,3.71,4.24,3.35,0.78,259829.37,8.46,641,386,29772.78,Other,6INT,1
6iqd_1,A,4,D2,P42327,2.84,339,Geobacillus stearothermophilus (Bacillus stearothermophilus),1060,12741,3.57,0.18,896,4.2,3.51,4.20,3.06,1.43,187797.78,5.83,671,377,32879.3,Enzyme,6IQD,1
6iqm_1,A,4,D2,D7VA33,1.85,340,Lactiplantibacillus plantarum subsp. plantarum ATCC 14917 = JCM 1149 = CGMCC 1.2437,829,774,2.77,0.16,868,4.34,3.56,4.34,3.11,0.99,208011.05,6.71,576,387,32386.06,Other,6IQM,1
6irq_1,A,4,D2,P40947,1.91,121,Pseudomonas aeruginosa (strain ATCC 15692 / DSM 22644 / CIP 104116 / JCM 14847 / LMG 12228 / 1C / PRS 101 / PAO1),266,3991,1.57,0.13,256,3.66,2.96,3.66,2.42,1.5,71348.57,5.12,112,100,9488.95,Regulatory,6IRQ,1
6isv_1,A,4,D2,M5A8V4,2.5,375,Geotrichum candidum (Oospora lactis) (Dipodascus geotrichum),1034,4694,3.55,0.16,868,4.09,3.4,4.09,2.96,1.02,184103.23,6.15,654,401,30329.88,Enzyme,6ISV,1
6iwl_1,A,4,D2,D5VCE0,2.34,287,Not Found,1083,5741,2.5,0.15,773,4.31,3.69,4.31,3.29,1.38,155869.88,5.33,389,284,24000.41,Other,6IWL,1
6ixj_3,D,4,D2,D3U1D9,2.8,256,Klebsiella oxytoca,927,10827,2.66,0.13,646,4.41,3.76,4.41,3.37,1.37,143578.61,6.3,382,236,17958.32,Enzyme,6IXJ,3
6ixm_1,A,4,D2,X2D0L0,1.6,249,Chryseobacterium sp. CA49,1089,39447,2.49,0.15,764,4.26,3.64,4.26,3.24,1.09,153993.36,5.12,384,277,23462.88,Enzyme,6IXM,1
6j2v_1,A,4,D2,Q8NT35,1.9,473,Corynebacterium glutamicum (strain ATCC 13032 / DSM 20300 / JCM 1318 / BCRC 11384 / CCUG 27702 / LMG 3730 / NBRC 12168 / NCIMB 10025 / NRRL B-2784 / 534),1055,3699,3.01,0.12,1192,4.4,3.69,4.40,3.28,1.25,260555.4,6.29,785,423,32358.21,Enzyme,6J2V,1
6j55_1,A,4,D2,Q5IZD9,2.33,205,Acanthamoeba castellanii (Amoeba),797,1345,2.62,0.18,570,4.18,3.64,4.18,3.31,1.07,125763.68,4.81,330,259,22556.12,Enzyme,6J55,1
6j7h_1,A,4,D2,D6NKF4,2.3,261,uncultured bacterium,982,29881,2.77,0.16,708,4.22,3.59,4.22,3.21,1.27,135518.61,4.72,375,269,21513.38,Other,6J7H,1
6j9s_1,A,4,D2,S6C1Z0,2,326,Lacticaseibacillus casei DSM 20011 = JCM 1134 = ATCC 393,852,1071,2.68,0.15,910,4.23,3.55,4.23,3.07,1.64,177538.23,6.17,476,336,27013.78,Other,6J9S,1
6jbr_1,A,4,D2,G4NHF4,2.03,465,Pyricularia oryzae (strain 70-15 / ATCC MYA-4617 / FGSC 8958) (Rice blast fungus) (Magnaporthe oryzae),570,1356,3.36,0.16,1285,4.24,3.6,4.24,3.22,1.18,299027.72,5.88,1006,603,48795.7,Enzyme,6JBR,1
6jh7_1,A,4,D2,L8NWH6,1.38,274,Microcystis aeruginosa FACHB-905 = DIANCHI905,1136,29713,2.69,0.17,764,4.09,3.46,4.09,3.13,1.18,151186.65,5.02,406,332,25768.29,Other,6JH7,1
6jhp_1,A,4,D2,A0A2Z4HIN9,2.559,758,Paecilomyces sp. 'thermophila',1104,338,3.78,0.12,1740,4.51,3.68,4.51,3.15,0.76,423053.3,8.68,1599,666,51132.51,Enzyme,6JHP,1
6joa_1,A,4,D2,A0A1S6TKT3,2.1,750,Not Found,956,72,2.75,0.09,1807,4.45,3.75,4.45,3.34,0.61,446416.84,9.96,1227,513,41895.64,Other,6JOA,1
6jw7_1,A,4,D2,Q6L737,2.36,386,Streptomyces kanamyceticus,944,1411,3.24,0.16,992,4.01,3.3,4.01,2.85,1.12,195318.74,6.43,632,388,31903.69,Enzyme,6JW7,1
6jz2_1,A,4,D2,Q6W7J7,1.286,627,Mediterraneibacter gnavus (Ruminococcus gnavus),470,1030,3.46,0.13,1598,4.31,3.55,4.31,3.03,0.36,380579.59,8.84,1318,636,50970.49,Enzyme,6JZ2,1
6k13_1,A,4,D2,I7J7V6,1.8,333,Babesia microti (strain RI),995,1023,1.94,0.09,834,4.3,3.63,4.30,3.73,1.47,268646.34,8.49,522,282,23708.87,Enzyme,6K13,1
6k1o_1,A,4,D2,B4SII9,2.03,392,Stenotrophomonas maltophilia (strain R551-3),866,1995,3.43,0.14,1020,4.35,3.69,4.35,3.21,1.06,211361.21,6.28,724,368,28889.71,Enzyme,6K1O,1
6kcf_1,A,4,C4,C6XG59,2.55,390,Liberibacter asiaticus (strain psy62),169,489,3.47,0.21,694,4.27,3.64,4.27,3.23,1.83,154301.49,6.24,536,368,32002.24,Enzyme,6KCF,1
6ksh_1,A,4,D2,C6KTA4,2.6,514,Plasmodium falciparum (isolate 3D7),979,1485,3.26,0.17,1376,4.31,3.74,4.31,3.33,1.29,294850.55,7.38,960,590,49328.43,Enzyme,6KSH,1
6ktl_1,A,4,D2,K7ZP76,1.65,380,Paracoccus laeviglucosivorans,995,1431,2.66,0.13,1058,4.3,3.64,4.30,3.19,1.05,228543.44,6.61,608,386,30150.78,Enzyme,6KTL,1
6kua_2,E,4,D2,W8TV24,2.1,186,Staphylococcus aureus,431,824,3.07,0.20,443,4.21,3.64,4.21,3.23,1.27,101450.49,4.14,311,202,19801.55,Other,6KUA,2
6kw6_1,A,4,D2,Not Found,1.89,135,Streptomyces noursei,635,1148,2.31,0.16,332,3.97,3.34,3.97,2.87,1.59,65821.15,4.47,152,140,10321.48,Other,6KW6,1
6l2g_1,A,4,D2,B0XMC1,2.41,397,Aspergillus fumigatus (strain CBS 144.89 / FGSC A1163 / CEA10) (Neosartorya fumigata),746,1441,3.77,0.17,1033,4.42,3.63,4.42,3.18,1.01,220945.56,7.26,832,413,36992.8,Enzyme,6L2G,1
6lbp_1,A,4,D2,Q9STG9,3.065,487,Arabidopsis thaliana (Mouse-ear cress),842,756,3.56,0.15,1156,4.14,3.28,4.14,2.76,1.07,263195.59,6.77,936,486,38171.53,Enzyme,6LBP,1
6ld7_1,A,4,D2,Q5H1U9,2.1,408,Xanthomonas oryzae pv. oryzae (strain KACC10331 / KXO85),869,1860,3.02,0.13,1037,6.45,5.32,6.45,4.69,1.27,225586.96,7.43,682,394,30431.79,Binding,6LD7,1
6ldh_1,A,4,D2,P00341,2,330,Squalus acanthias (Spiny dogfish),997,1009,2.62,0.14,804,4,3.16,4.00,2.74,1.6,194248.84,8.45,508,308,26336.42,Enzyme,6LDH,1
6ldo_2,E,4,D2,A0A162EFJ4,2.743,389,Lactiplantibacillus plantarum,995,2008,3.26,0.13,1046,4.3,3.53,4.30,3.05,1.01,218915.58,6.91,714,364,28075.89,Other,6LDO,2
6le3_1,E,4,D2,A0A1H3NGY9,2.1,263,Lentibacter algarum,1030,28316,2.74,0.15,686,4.3,3.66,4.30,3.22,1.31,138610.92,4.89,380,267,20282.44,Enzyme,6LE3,1
6lej_1,A,4,D2,W8SYR0,2.26,606,Escherichia coli,448,1527,3.7,0.15,1370,6.97,5.57,6.97,4.74,0.31,355840.91,8.65,1318,642,53312.03,Enzyme,6LEJ,1
6lej_1,A,4,D2,W8SYR0,2.26,603,Escherichia coli,448,1527,3.7,0.15,1370,6.97,5.57,6.97,4.74,0.31,355840.91,8.65,1318,642,53312.03,Enzyme,6LEJ,1
6lln_1,A,4,D2,Q9HZW0,1.8,292,Pseudomonas aeruginosa (strain ATCC 15692 / DSM 22644 / CIP 104116 / JCM 14847 / LMG 12228 / 1C / PRS 101 / PAO1),933,26499,2.82,0.13,684,4.19,3.54,4.19,3.1,1.21,131911.87,5.16,372,224,17585.91,Enzyme,6LLN,1
6lrp_1,A,4,D2,A9WDE7,2.05,436,Chloroflexus aurantiacus (strain ATCC 29366 / DSM 635 / J-10-fl),757,136,2.54,0.10,1112,4.26,3.59,4.26,3.14,0.85,229824.63,8.26,584,276,22978.2,Enzyme,6LRP,1
6ltq_1,A,4,D2,A0A1B0VKK9,1.845,221,Fervidobacterium islandicum,1007,665,2.88,0.16,553,10.15,8.38,10.15,7.34,1,137424.88,4.96,396,254,22159.14,Other,6LTQ,1
6lxu_1,A,4,D2,Q8RDT4,1.19,398,Fusobacterium nucleatum subsp. nucleatum (strain ATCC 25586 / DSM 15643 / BCRC 10681 / CIP 101130 / JCM 8532 / KCTC 2640 / LMG 13131 / VPI 4355),1044,2025,3.15,0.14,1108,4.32,3.55,4.32,3.09,1.06,228644.88,7.01,720,372,31849.02,Enzyme,6LXU,1
6lz7_1,A,4,D2,A0A1D6HB66,3.599,505,Zea mays (Maize),921,1561,3.16,0.20,1136,3.74,3.05,3.74,2.54,0.65,299173.05,6.07,944,692,59031.49,Signalling,6LZ7,1
6m5x_1,O,4,D2,G9NDK9,2.059,334,Hypocrea virens (strain Gv29-8 / FGSC 10586) (Gliocladium virens) (Trichoderma virens),930,814,2.89,0.15,938,4.26,3.55,4.26,3.04,1.08,204282.64,6.28,591,376,30769.16,Enzyme,6M5X,1
6m74_1,A,4,C4,I6SYK8,1.52,368,Enterococcus hirae (strain ATCC 9790 / DSM 20160 / JCM 8729 / LMG 6399 / NBRC 3181 / NCIMB 6459 / NCDO 1258 / NCTC 12367 / WDCM 00089 / R),992,1730,3.46,0.15,1020,4.23,3.49,4.23,2.93,0.97,212541.12,7,736,388,31804.96,Enzyme,6M74,1
6m9z_1,A,4,D2,C3YRA1,1.2,230,Branchiostoma floridae (Florida lancelet) (Amphioxus),99,21,2.67,0.15,682,4.04,3.22,4.04,2.68,0.83,137984.65,4.89,368,272,21383.82,Other,6M9Z,1
6mas_2,E,4,D2,C3YRA2,1.3,227,Branchiostoma floridae (Florida lancelet) (Amphioxus),93,20,2.38,0.15,699,4,3.16,4.00,2.63,0.65,147639.71,4.77,352,273,22184.27,Other,6MAS,2
6mdy_1,A,4,D2,Q5ZWA3,2.55,282,Legionella pneumophila subsp. pneumophila (strain Philadelphia 1 / ATCC 33152 / DSM 7513),636,628,3.51,0.16,657,4.14,3.45,4.14,3.1,1.16,138113.16,5.65,485,275,22397.86,Enzyme,6MDY,1
6mgu_1,A,4,C4,A0A0J1HJU0,1.54,363,Bacillus anthracis,612,493,2.9,0.13,944,4.24,3.47,4.24,2.93,1.47,193054.88,6.49,560,300,25098.8,Other,6MGU,1
6mls_1,A,4,D2,P31013,1.77,456,Citrobacter freundii,767,182,3.4,0.14,1507,4.52,3.85,4.52,3.31,0.73,279208.05,6.15,948,476,39097.47,Enzyme,6MLS,1
6mls_1,A,4,D2,P31013,1.77,456,Citrobacter freundii,767,182,3.4,0.14,1507,4.52,3.85,4.52,3.31,0.73,279208.05,6.15,948,476,39097.47,Enzyme,6MLS,1
6mnu_1,A,4,D2,A0A2S9PFH5,2.17,296,Yersinia pestis,1070,2345,2.69,0.18,727,4.01,3.38,4.01,3.02,1.44,171106.45,5.24,460,393,30952.68,Other,6MNU,1
6mqh_1,A,4,D2,A0A0H2WFM6,1.7,308,Burkholderia mallei (strain ATCC 23344),1154,3073,3.36,0.15,838,4.14,3.49,4.14,3.05,1.38,173233.23,5.22,582,316,25194.3,Enzyme,6MQH,1
6mwd_1,B,4,C4,A8EVM5,2.327,257,Aliarcobacter butzleri (strain RM4018) (Arcobacter butzleri),271,3892,1.49,0.20,832,3.77,3.45,3.77,3.21,1.34,144611.54,8.48,216,360,28870.4,Transport,6MWD,1
6n0u_1,A,4,D2,B2JFC5,2.1,305,Paraburkholderia phymatum (strain DSM 17167 / CIP 108236 / LMG 21445 / STM815) (Burkholderia phymatum),788,598,2.87,0.15,784,4.04,3.41,4.04,3.02,1.18,174504.94,5.41,500,352,26966.26,Enzyme,6N0U,1
6n1m_1,A,4,D2,Q5ZRE5,1.55,472,Legionella pneumophila subsp. pneumophila (strain Philadelphia 1 / ATCC 33152 / DSM 7513),996,499,2.81,0.13,1408,4.33,3.69,4.33,3.26,1.16,270820.74,9.85,760,428,34350.74,Enzyme,6N1M,1
6n1x_1,A,4,D2,T1Y9F7,2.35,377,Staphylococcus aureus subsp. aureus CN1,1143,7914,3.44,0.14,1032,4.12,3.45,4.12,2.98,1.06,220919.64,6.14,760,384,30983.04,Other,6N1X,1
6n7l_3,I,4,D2,A0A077EGR8,2.1,353,Elizabethkingia anophelis NUHP1,1042,8186,3.39,0.15,934,4.16,3.44,4.16,2.95,1.44,195787.93,6.36,664,391,28662.91,Enzyme,6N7L,3
6n98_1,A,4,D2,A0A1K2FZ20,1.55,382,Streptomyces sp. F-1,928,33,2.28,0.10,1072,4.29,3.61,4.29,3.19,0.73,231123.61,7.95,528,276,23195.64,Other,6N98,1
6na5_1,A,4,D2,E4N096,1.36,445,Kitasatospora setae (strain ATCC 33774 / DSM 43861 / JCM 3304 / KCC A-0304 / NBRC 14216 / KM-6054) (Streptomyces setae),1101,3044,3.05,0.14,1220,4.28,3.53,4.28,3.12,0.71,284909.27,6.87,870,511,40993.55,Enzyme,6NA5,1
6ncx_1,D,4,D2,A0A1E3AEY6,2.25,574,Eisenbergiella tayi,331,1254,3.58,0.15,1500,4.28,3.55,4.28,3.09,0.4,351200.81,6.23,1258,683,53902.25,Enzyme,6NCX,1
6nkh_1,A,4,D2,L0E4F8,1.6,264,Malbranchea aurantiaca,977,5597,1.78,0.11,646,4.32,3.67,4.32,3.8,1.56,212956.07,5.4,378,272,23000.23,Enzyme,6NKH,1
6nkm_2,E,4,D2,L0E2Z4,1.89,265,Penicillium fellutanum,958,7055,2.8,0.19,672,4.01,3.36,4.01,3.03,1.61,140480.43,5.08,394,344,27054.55,Enzyme,6NKM,2
6nn4_1,A,4,D2,P30613,2.15,543,Homo sapiens (Human),775,1326,2.3,0.11,1176,4.22,3.63,4.22,3.68,1.23,339031.46,5.81,779,470,38795.25,Enzyme,6NN4,1
6nor_2,B,4,D2,Q70KD1,2.4,361,Micromonospora echinospora (Micromonospora purpurea),993,3965,3.21,0.17,932,4.12,3.51,4.12,3.11,1.24,197285.35,6.13,633,397,32682.57,Enzyme,6NOR,2
6nxc_1,A,4,D2,P0A962,1.74,357,Escherichia coli (strain K12),644,1120,3.08,0.14,810,4.27,3.53,4.27,3.07,1.16,199161.22,7.23,614,346,28821.62,Enzyme,6NXC,1
6nzb_1,A,4,D2,P05042,1.37,472,Escherichia coli (strain K12),1003,511,2.68,0.12,1350,4.49,3.86,4.49,3.4,1.25,273406.85,9.7,732,430,34076.99,Enzyme,6NZB,1
6o9u_1,A,4,C4,D9N164,2,301,Paramagnetospirillum magnetotacticum (Aquaspirillum magnetotacticum),297,803,1.24,0.11,712,3.76,3.07,3.76,3.08,1.2,232224.51,10.76,288,316,25450.27,Transport,6O9U,1
6ofu_1,A,4,D2,P77704,1.75,286,Escherichia coli (strain K12),1015,779,3,0.16,797,4.27,3.74,4.27,3.35,1.32,165840.8,6.45,498,323,26721.42,Enzyme,6OFU,1
6or9_1,A,4,D2,A0A5H1ZR53,1.8,364,Trichoplusia ni,934,865,2.91,0.16,848,4.23,3.63,4.23,3.27,1.47,184656.84,7.3,537,359,28814.75,Other,6OR9,1
6ovq_1,A,4,C4,Q194Q1,1.8,333,Streptomyces argillaceus,936,4937,3.5,0.20,876,4.09,3.42,4.09,2.96,1.34,174739.38,4.77,612,404,34158.36,Other,6OVQ,1
6ovt_1,A,4,D2,A0A0E8UWV6,1.88,600,Mycobacterium tuberculosis,1066,307,3.72,0.13,1595,4.66,3.99,4.66,3.47,1.12,319631.32,7.41,1189,565,42131.1,Enzyme,6OVT,1
6ow4_3,D,4,D2,A7A7R9,1.99,294,Bifidobacterium adolescentis L2-32,897,26070,2.26,0.12,784,4.26,3.66,4.26,3.18,1.34,157604.31,6.29,356,232,18981.56,Enzyme,6OW4,3
6oz7_1,C,4,D2,P33368,1.36,254,Escherichia coli (strain K12),984,28755,2.56,0.12,714,4.24,3.56,4.24,3.16,1.44,146643.84,5.31,375,209,17623.46,Enzyme,6OZ7,1
6pbj_1,A,4,D2,A0A0T9FW33,1.9,464,Mycobacterium tuberculosis,963,258,3.42,0.17,1228,4.1,3.42,4.10,3.02,0.72,250388.17,8.49,856,538,42116.26,Other,6PBJ,1
6pcd_1,A,4,D2,Q88N39,1.37,423,Pseudomonas putida (strain ATCC 47054 / DSM 6125 / CFBP 8728 / NCIMB 11950 / KT2440),1011,1375,3.15,0.14,1179,11.26,9.07,11.26,7.7,1.19,244885.14,7.49,772,400,33415.46,Enzyme,6PCD,1
6pej_1,A,4,D2,Q92N06,2,291,Rhizobium meliloti (strain 1021) (Ensifer meliloti) (Sinorhizobium meliloti),1039,25799,2.74,0.14,800,4.31,3.73,4.31,3.35,0.79,155101.64,5.2,425,272,21605.69,Enzyme,6PEJ,1
6phx_1,A,4,D2,A0A0H2URQ6,2,740,Streptococcus pneumoniae serotype 4 (strain ATCC BAA-334 / TIGR4),1025,330,3.69,0.11,1904,4.23,3.37,4.23,2.8,0.6,437227.8,8.88,1612,612,49179.7,Enzyme,6PHX,1
6pt7_1,A,4,D2,A0A031LXI5,2.15,500,Acinetobacter sp. Ver3,886,363,2.54,0.11,1213,4.22,3.43,4.22,2.91,0.29,302750.98,9.33,768,404,32067.25,Other,6PT7,1
6pxs_1,A,4,D2,Q11HA4,2.8,379,Chelativorans sp. (strain BNC1),1009,2221,2.65,0.13,797,4.26,3.5,4.26,3.58,1.28,286447.55,5.8,759,473,37728.45,Enzyme,6PXS,1
6pyz_1,A,4,D2,P48775,2.02,380,Homo sapiens (Human),581,163,1.95,0.15,1070,4.33,3.9,4.33,3.52,1.31,238039.14,7.4,463,381,34783.5,Enzyme,6PYZ,1
6pzn_1,A,4,D2,A0A1S2FVD8,2,269,Acinetobacter baumannii,1046,29667,2.61,0.16,703,4.26,3.68,4.26,3.22,1.45,140914.07,4.84,368,289,22681.29,Enzyme,6PZN,1
6q0a_1,A,4,D2,Q18CL1,1.65,421,Clostridioides difficile (strain 630) (Peptoclostridium difficile),1147,873,3.72,0.16,1180,4.17,3.33,4.17,2.81,1.52,236808.91,6.39,880,460,37354.86,Enzyme,6Q0A,1
6qao_1,A,4,D2,P49189,2.89,508,Homo sapiens (Human),956,6323,3.61,0.15,1222,4.28,3.71,4.28,3.29,0.86,268711.78,9.76,969,501,39762.82,Enzyme,6QAO,1
6qao_2,E,4,D2,P49189,2.89,508,Homo sapiens (Human),956,6323,3.61,0.15,1224,4.29,3.68,4.29,3.25,0.85,267798.65,9.96,966,502,39741.95,Enzyme,6QAO,2
6qap_1,A,4,D2,P49189,2.3,508,Homo sapiens (Human),963,6323,3.45,0.15,1166,4.24,3.63,4.24,3.2,0.89,275579.22,9.93,952,531,42318,Enzyme,6QAP,1
6qhe_2,B,4,D2,Not Found,1.83,275,Arthrobacter,1099,29692,2.67,0.14,776,4.2,3.6,4.20,3.16,0.99,143666.99,5.47,384,272,20072.75,Other,6QHE,2
6qim_1,A,4,C4,Q9FF53,3.7,259,Arabidopsis thaliana (Mouse-ear cress),540,2187,2.96,0.16,708,4.4,3.79,4.40,3.45,0.85,136948.94,6.25,406,242,21523.73,Transport,6QIM,1
6qki_1,A,4,D2,G2LET6,2.04,437,Chloracidobacterium thermophilum (strain B),773,335,3.11,0.18,983,4.11,3.46,4.11,2.97,0.12,240539.03,6.69,749,541,43507.18,Binding,6QKI,1
6qss_1,A,4,D2,A0A0U3FQH7,1.892,310,Ignicoccus islandicus DSM 13165,919,889,2.88,0.17,861,4.45,3.87,4.45,3.51,1.81,177552.37,5.37,511,349,30740.93,Enzyme,6QSS,1
6qu3_1,A,4,D2,O15648,2.35,507,Trypanosoma brucei brucei,909,39,2.86,0.14,1173,4.08,3.35,4.08,2.87,1.38,269543.34,10.18,772,441,37320.25,Enzyme,6QU3,1
6qxl_1,A,4,D2,A0A069PYA5,2.43,483,Pseudomonas aeruginosa,960,1509,3.37,0.18,1365,4.15,3.35,4.15,2.8,1.1,285924.54,6.12,963,651,51492.41,Enzyme,6QXL,1
6qyb_1,A,4,D2,Q9X8F4,1.18,120,Streptomyces coelicolor (strain ATCC BAA-471 / A3(2) / M145),172,397,2.51,0.17,392,4.08,3.72,4.08,3.48,1.65,64658.93,5.36,162,138,11301,Binding,6QYB,1
6qzi_1,A,4,C4,O14520,1.9,247,Homo sapiens (Human),492,2375,2.88,0.12,784,4.43,3.81,4.43,3.38,0.69,144485.67,5.78,416,232,17686.24,Transport,6QZI,1
6r8g_1,A,4,D2,Q6VVP7,2,324,Plasmodium falciparum (malaria parasite P. falciparum),886,899,2.94,0.16,939,4.31,3.68,4.31,3.27,1.55,182504.74,6.41,536,343,28921.62,Enzyme,6R8G,1
6rb7_1,A,4,D2,A7B555,1.6,336,Mediterraneibacter gnavus (strain ATCC 29149 / DSM 114966 / JCM 6515 / VPI C7-9) (Ruminococcus gnavus),1161,1774,2.96,0.14,922,4.24,3.66,4.24,3.26,1.32,203462.64,5.45,603,350,29198.1,Enzyme,6RB7,1
6rbu_1,A,4,D2,Q8Y8D7,1.448,272,Listeria monocytogenes serovar 1/2a (strain ATCC BAA-679 / EGD-e),781,785,3.04,0.19,664,3.91,3.06,3.91,2.55,0.91,156710.46,5.65,476,352,30513.68,Enzyme,6RBU,1
6rht_1,A,4,C4,E0NE46,1.9,370,Pediococcus acidilactici DSM 20284,1002,1733,3.5,0.16,1056,4.21,3.46,4.21,3.04,0.96,210153.39,6.68,736,416,33681.47,Enzyme,6RHT,1
6rjn_1,A,4,D2,C1PHG1,2.29,512,Komagataella pastoris (Yeast) (Pichia pastoris),883,304,2.31,0.11,1243,4.23,3.51,4.23,3.06,0.28,327780.77,10.48,758,437,35987.98,Enzyme,6RJN,1
6rjr_1,A,4,D2,Q6CR58,1.895,537,Kluyveromyces lactis (strain ATCC 8585 / CBS 2359 / DSM 70799 / NBRC 1267 / NRRL Y-1140 / WM37) (Yeast) (Candida sphaerica),889,294,2.31,0.11,1277,4.25,3.46,4.25,3,0.4,325797.33,9.13,754,447,35875.22,Enzyme,6RJR,1
6rl5_1,A,4,D2,Q9ZEU7,2.45,429,Chromohalobacter israelensis (strain ATCC BAA-138 / DSM 3043 / CIP 106854 / NCIMB 13768 / 1H11) (Chromohalobacter salexigens),1001,3786,2.9,0.12,1098,4.58,3.95,4.58,3.54,0.95,242351.58,6.74,702,377,28820.65,Enzyme,6RL5,1
6rng_2,F,4,D2,Q9SJQ9,2.15,358,Arabidopsis thaliana (Mouse-ear cress),806,330,3.77,0.17,960,4.16,3.49,4.16,3.02,0.81,192273.48,4.96,724,420,33367.25,Enzyme,6RNG,2
6rtr_1,A,4,D2,O85725,1.55,512,Streptomyces clavuligerus,977,5933,3.49,0.13,1400,4.27,3.53,4.27,3.04,1.18,287518.61,8.89,1004,498,38423.37,Enzyme,6RTR,1
6rup_1,A,4,C2,Q04837,2.1,142,Homo sapiens (Human),203,1354,1.31,0.21,228,3.5,2.84,3.50,2.41,1.94,67019.99,5.59,88,148,13781.21,Enzyme,6RUP,1
6rxa_1,A,4,D2,Q11KV9,1.43,508,Chelativorans sp. (strain BNC1),1061,533,1.96,0.10,1488,4.38,3.76,4.38,3.92,1.31,397952.97,10.05,780,500,39530.63,Enzyme,6RXA,1
6s0d_1,A,4,D2,P41977,1.52,194,Caenorhabditis elegans,676,1385,2.5,0.19,566,5.84,4.95,5.84,4.33,1.07,121488.8,6.34,304,256,23251.99,Enzyme,6S0D,1
6s0d_1,A,4,D2,P41977,1.52,195,Caenorhabditis elegans,676,1385,2.5,0.19,566,5.84,4.95,5.84,4.33,1.07,121488.8,6.34,304,256,23251.99,Enzyme,6S0D,1
6s43_1,A,4,D2,A0A045IXZ8,1.42,474,Mycobacterium tuberculosis,974,483,2.65,0.14,1472,4.5,3.91,4.50,3.47,1.42,275083.53,8.82,729,481,39220.2,Enzyme,6S43,1
6s54_1,A,4,D2,A0A2S8XV37,2.21,479,Pseudomonas fluorescens,975,3854,2.82,0.13,1247,4.46,3.81,4.46,3.33,1.1,264511.97,6.65,745,409,33351.86,Other,6S54,1
6s7j_2,E,4,D2,M2BPW8,2.2,497,Treponema denticola SP33,1062,757,3,0.12,1529,4.71,4.2,4.71,3.75,1.07,294141.89,9.61,883,409,35462.62,Other,6S7J,2
6sd8_1,X,4,D2,Q6MJ59,1.51,505,Bdellovibrio bacteriovorus (strain ATCC 15356 / DSM 50701 / NCIMB 9529 / HD100),948,411,3.45,0.16,1492,4.33,3.69,4.33,3.21,1.04,303906.57,9,1048,616,47594.29,Enzyme,6SD8,1
6slf_1,A,4,D2,Q8GGD4,1.5,400,Corynebacterium striatum,891,2663,3.23,0.15,1090,4.32,3.62,4.32,3.2,0.71,243433.85,5.77,786,430,36112.78,Enzyme,6SLF,1
6smr_1,A,4,D2,O23254,2.12,474,Arabidopsis thaliana (Mouse-ear cress),963,635,2.79,0.14,1281,4.35,3.69,4.35,3.29,0.78,290339.4,7.89,811,470,39623.12,Enzyme,6SMR,1
6smw_1,A,4,D2,Q94C74,1.54,480,Arabidopsis thaliana (Mouse-ear cress),951,595,2.57,0.14,1402,4.4,3.72,4.40,3.33,0.89,312859.62,7.89,804,502,43028.18,Enzyme,6SMW,1
6sqw_1,A,4,D2,Q9QY93,1.8,170,Mus musculus (Mouse),497,25,0.31,0.12,358,3.85,3.45,3.85,3.15,0.71,72007.1,5.06,22,88,8325.01,Enzyme,6SQW,1
6su2_1,A,4,D2,G0UYF4,3,514,Trypanosoma congolense (strain IL3000),981,1417,3.59,0.19,1210,4.06,3.4,4.06,2.93,0.87,267549.85,6.54,960,654,49497.63,Enzyme,6SU2,1
6sx5_1,A,4,C4,A0L5S6,2.2,277,Magnetococcus marinus (strain ATCC BAA-1437 / JCM 17883 / MC-1),449,3344,1.6,0.22,816,3.7,3.38,3.70,3.03,1.09,160418.29,12.12,256,412,35601.46,Transport,6SX5,1
6t5m_1,C,4,D2,Q9I5E2,1.76,298,Pseudomonas aeruginosa (strain ATCC 15692 / DSM 22644 / CIP 104116 / JCM 14847 / LMG 12228 / 1C / PRS 101 / PAO1),927,712,2.5,0.13,800,6.54,5.52,6.54,4.94,1.64,162940.32,7.1,408,268,21795.81,Enzyme,6T5M,1
6t5x_1,A,4,D2,P0A2C9,1.5,244,Salmonella typhimurium (strain LT2 / SGSC1412 / ATCC 700720),1047,37858,2.59,0.16,738,4.14,3.49,4.14,3.1,1.55,140701.23,5.13,364,282,22117.58,Enzyme,6T5X,1
6t60_1,A,4,D2,V5VHN7,1.66,244,Acinetobacter baumannii,1090,38124,2.64,0.16,722,6.18,5.15,6.18,4.59,1.46,141614.12,5.17,374,268,22897.18,Enzyme,6T60,1
6t6p_1,A,4,D2,W8VGR4,1.57,245,Klebsiella pneumoniae 30684/NJST258_2,980,35938,2.76,0.15,731,4.2,3.51,4.20,3.08,1.31,145501.61,5.05,401,268,21209.11,Enzyme,6T6P,1
6tgw_1,A,4,D2,P47895,2.8,512,Homo sapiens (Human),995,6324,3.49,0.14,1352,7.16,5.83,7.16,5.14,0.99,284597.11,6.87,992,497,40037.34,Enzyme,6TGW,1
6tq5_1,A,4,D2,Not Found,1.6,246,Entelexis paramagnoliae,696,26049,2.79,0.14,639,4.15,3.5,4.15,3.08,1.2,142443.64,4.86,398,252,20441.28,Other,6TQ5,1
6u1v_1,A,4,D2,I2MTW3,1.75,389,Streptomyces tsukubensis (strain DSM 42081 / NBRC 108919 / NRRL 18488 / 9993),903,4854,2.28,0.10,1086,4.32,3.71,4.32,3.81,1.3,330773.2,6.68,755,434,33734.31,Enzyme,6U1V,1
6u2t_1,A,4,D2,Q84KR7,2.8,970,Zea mays (Maize),1159,360,4.01,0.18,2771,5.17,4.49,5.17,3.97,0.79,545836.01,10.25,2187,1202,95701.75,Enzyme,6U2T,1
6u4o_1,C,4,D2,A0A3Q0KQY7,1.85,488,Schistosoma mansoni,992,502,2,0.10,1312,6.37,5.28,6.37,5.66,1.36,372833.11,9.92,746,464,37102.55,Other,6U4O,1
6u7i_1,A,4,D2,A0A3F3JX71,2.7,597,Faecalibacterium prausnitzii,441,1644,3.46,0.13,1464,4.42,3.66,4.42,3.2,0.32,353847.44,9.14,1223,640,47750.11,Other,6U7I,1
6u7j_1,A,4,D2,A0A1C5YG41,2.2,594,uncultured Clostridium sp.,468,1578,3.49,0.14,1496,4.31,3.54,4.31,3.06,0.38,369757.23,9.28,1291,602,51800.04,Other,6U7J,1
6u8j_2,E,4,D2,A0A2H0ZWN3,2.492,376,Candidozyma auris (Yeast) (Candida auris),931,300,3.15,0.17,975,4.2,3.59,4.20,3.2,0.86,209806.11,5.7,660,418,35142.88,Enzyme,6U8J,2
6ud5_1,A,4,D2,P48775,2.05,380,Homo sapiens (Human),594,163,1.99,0.15,1088,6.88,5.88,6.88,5.19,1.22,234301.37,7.46,466,394,35145.57,Enzyme,6UD5,1
6ude_1,A,4,D2,A0A077EJ65,1.95,507,Elizabethkingia anophelis NUHP1,1113,3934,3.72,0.14,1438,4.37,3.68,4.37,3.28,0.71,301235.35,8.69,1122,539,42574.96,Enzyme,6UDE,1
6ufe_2,B,4,C4,A0A164U772,1.2,92,Bacillus cereus,89,938,0.76,0.15,288,3.79,3.41,3.79,3.42,0.31,78541.35,5.19,60,128,11430.88,Other,6UFE,2
6uto_1,A,4,D2,A0A0U4BD45,1.64,330,Escherichia coli,938,825,2.9,0.16,960,4.19,3.38,4.19,2.89,1.18,194021.01,6.4,562,388,31782.24,Other,6UTO,1
6uug_1,A,4,D2,Q3K9A0,1.68,415,Pseudomonas fluorescens (strain Pf0-1),1050,1344,3.25,0.16,1150,4.26,3.6,4.26,3.19,0.7,230072.4,5.95,748,480,36294.42,Enzyme,6UUG,1
6ux3_1,A,4,D2,A0A0H3CM71,2.198,257,Enterobacter cloacae subsp. cloacae (strain ATCC 13047 / DSM 30054 / NBRC 13535 / NCTC 10005 / WDCM 00083 / NCDC 279-56),949,28789,2.55,0.14,684,4.23,3.6,4.23,3.17,1.12,142471.54,5.03,363,249,20549.65,Enzyme,6UX3,1
6uxj_1,A,4,D2,K4FZF8,1.4,473,Glycine max (Soybean) (Glycine hispida),953,633,2.67,0.13,1292,4.3,3.59,4.30,3.2,0.85,301241.68,7.67,805,461,37669.81,Enzyme,6UXJ,1
6v6h_1,A,4,D2,Q4E133,2.55,538,Trypanosoma cruzi (strain CL Brener),1037,789,3.1,0.12,1395,4.46,3.81,4.46,3.33,1.2,289070.82,8.46,895,443,34615.76,Enzyme,6V6H,1
6vh9_1,A,4,D2,A0A0D6GS23,1.71,255,Staphylococcus aureus,570,992,2.93,0.14,727,4.31,3.67,4.31,3.22,1.16,160524.68,5.38,471,255,22864.05,Enzyme,6VH9,1
6vlx_1,A,4,D2,A0A174E195,1.72,309,Alistipes finegoldii,961,545,2.45,0.12,790,4.36,3.64,4.36,3.27,1.08,159153.2,6.45,390,244,19820.41,Other,6VLX,1
6vop_1,A,4,C4,J7R4S3,2.65,212,Escherichia coli,854,1831,3.07,0.17,516,3.91,3.16,3.91,2.71,1.34,118761.09,4.88,365,238,20137.45,Enzyme,6VOP,1
6voq_1,A,4,C4,Q0QC76,2.49,207,Klebsiella pneumoniae,843,1864,2.94,0.17,544,3.94,3.2,3.94,2.77,1.51,120928.39,5.14,356,240,20662.32,Enzyme,6VOQ,1
6vpb_1,A,4,D2,A9H324,1.87,332,Gluconacetobacter diazotrophicus (strain ATCC 49037 / DSM 5601 / CCUG 37298 / CIP 103539 / LMG 7603 / PAl5),649,677,2.11,0.13,920,5.67,4.77,5.67,4.19,0.81,181470.76,7.21,382,322,23586.61,Enzyme,6VPB,1
6vwf_1,A,4,D2,P49189,2.64,494,Homo sapiens (Human),915,6588,3.69,0.16,1154,4.15,3.51,4.15,3.06,0.82,252284.46,9.95,932,512,39510.2,Enzyme,6VWF,1
6w3z_1,A,4,D2,A0A0J9XTC4,2.3,367,Brugia malayi (Filarial nematode worm),973,252,2.5,0.11,904,11.16,9.1,11.16,8.05,0.84,204793.98,9.78,513,273,22416.74,Enzyme,6W3Z,1
6w44_1,A,4,C4,Q9UJM8,1.64,368,Homo sapiens (Human),808,1827,3.44,0.16,964,4.17,3.45,4.17,2.96,1.17,194410.39,5.94,668,372,30934.61,Enzyme,6W44,1
6wbt_1,A,4,D2,Not Found,2.52,443,metagenomes,1129,516,3.36,0.18,1088,8.72,7.17,8.72,6.33,0.92,268748.37,5.66,902,531,48362.42,Other,6WBT,1
6wj8_1,A,4,D2,W9BMV5,2.59,421,Klebsiella pneumoniae,1035,4703,3.01,0.13,1041,4.61,3.93,4.61,3.55,1.14,238808.25,6.28,720,390,31872,Enzyme,6WJ8,1
6wng_1,A,4,D2,X5KSV5,1.55,475,Elizabethkingia anophelis,1033,503,2.41,0.11,1411,4.48,3.82,4.48,3.46,1.1,298987.48,10.41,721,399,31672.57,Enzyme,6WNG,1
6won_1,A,4,D2,Q8ZNM5,2.12,255,Salmonella typhimurium (strain LT2 / SGSC1412 / ATCC 700720),945,28753,2.61,0.14,676,4.25,3.61,4.25,3.22,1.3,143132.69,5.06,374,241,20723.23,Enzyme,6WON,1
6wop_1,A,4,D2,D0CCF6,1.85,430,Acinetobacter baumannii (strain ATCC 19606 / DSM 30007 / JCM 6841 / CCUG 19606 / CIP 70.34 / NBRC 109757 / NCIMB 12457 / NCTC 12156 / 81),1044,3972,3.03,0.12,1146,4.4,3.65,4.40,3.18,1.15,248563.11,6.14,752,370,29917.3,Enzyme,6WOP,1
6wsb_1,A,4,D2,Q3JLL8,1.55,496,Burkholderia pseudomallei (strain 1710b),990,7103,3.33,0.13,1376,4.33,3.61,4.33,3.1,0.8,294286.41,8.8,980,508,37171.28,Enzyme,6WSB,1
6wwd_1,A,4,D2,B1MLZ4,2.1,213,Mycobacteroides abscessus (strain ATCC 19977 / DSM 44196 / CCUG 20993 / CIP 104536 / JCM 13569 / NCTC 13031 / TMC 1543 / L948) (Mycobacterium abscessus),1080,2040,1.92,0.17,515,4.2,3.45,4.20,3.04,1.25,110489.42,5.36,212,233,19140.7,Enzyme,6WWD,1
6wyc_1,A,4,D2,P0CE13,1.5,334,Chlamydia trachomatis serovar D (strain ATCC VR-885 / DSM 19411 / UW-3/Cx),921,798,2.83,0.16,917,5.98,4.95,5.98,4.21,1.43,210708.92,6.29,596,374,33713.64,Enzyme,6WYC,1
6wz6_1,A,4,D2,Q88K39,1.15,337,Pseudomonas putida (strain ATCC 47054 / DSM 6125 / CFBP 8728 / NCIMB 11950 / KT2440),1085,938,2.74,0.12,935,4.27,3.48,4.27,2.97,1.43,211491.91,6.43,579,301,25305.49,Enzyme,6WZ6,1
6xeq_1,A,4,D2,G5EBD7,3.2,353,Gluconobacter oxydans (strain 621H) (Gluconobacter suboxydans),553,649,2.05,0.16,809,8.27,6.82,8.27,5.98,1.1,180425.49,8.56,369,324,28677.2,Enzyme,6XEQ,1
6xex_1,A,4,D2,H9XP47,1.8,264,Serratia marcescens,1031,33184,2.58,0.15,778,6.48,5.56,6.48,4.77,1.59,145976.52,5.55,376,246,21282.98,Enzyme,6XEX,1
6xgs_1,A,4,D2,Q8G1R0,2.2,314,Brucella suis biovar 1 (strain 1330),1170,2631,3.52,0.14,843,4.27,3.6,4.27,3.16,1.3,171422.99,5.46,604,297,24051.67,Enzyme,6XGS,1
6xk1_1,A,4,D2,H8ZKV9,1.7,244,Rhodococcus sp. Mel,942,978,2.83,0.13,651,6.61,5.46,6.61,4.7,1.12,134939.67,4.88,382,236,17601.92,Enzyme,6XK1,1
6xn8_1,A,4,D2,A0A1H8YFL8,1.95,552,Rhodospirillales bacterium URHD0017,1070,3258,2.44,0.10,1426,6.5,5.36,6.50,5.66,1.04,440869.24,7.38,1074,548,44686.44,Other,6XN8,1
6xnb_1,A,4,D2,T2FLN4,1.16,251,Leifsonia xyli,1126,34194,1.99,0.11,740,4.22,3.44,4.22,3.6,1.48,186569.78,5.3,372,276,20160.34,Enzyme,6XNB,1
6xpp_1,A,4,D2,P9WKK7,1.55,428,Mycobacterium tuberculosis (strain ATCC 25618 / H37Rv),787,136,2.27,0.09,1202,7.77,6.54,7.77,5.7,0.75,271884.38,8.1,617,283,23977.32,Enzyme,6XPP,1
6xxj_1,A,4,D2,P49366,1.41,369,Homo sapiens (Human),985,273,2.38,0.11,1021,4.29,3.65,4.29,3.2,0.97,212806.05,9.27,506,282,23589.08,Enzyme,6XXJ,1
6xxw_1,A,4,D2,B5YFE0,1.85,598,Dictyoglomus thermophilum (strain ATCC 35947 / DSM 3960 / H-6-12),471,1377,3.45,0.14,1540,4.18,3.37,4.18,2.81,0.62,360966.35,9.6,1244,632,49403.06,Enzyme,6XXW,1
6y1g_1,A,4,D2,Q95W85,2.3,236,Radianthus crispa (Leathery sea anemone) (Heteractis crispa),113,33,2.55,0.14,605,4.11,3.34,4.11,2.8,0.89,142818.71,5.8,364,246,19435.53,Other,6Y1G,1
6y4d_1,A,4,D2,Not Found,2.1,291,Zephyranthes treatiae,960,28143,2.6,0.16,792,4.18,3.53,4.18,3.14,1.02,147106.15,4.99,382,284,23388.87,Other,6Y4D,1
6z42_1,A,4,D2,E1V3M3,4,363,Halomonas elongata (strain ATCC 33173 / DSM 2581 / NBRC 15536 / NCIMB 2198 / 1H9),1024,7577,3.19,0.21,773,3.95,3.23,3.95,2.86,1.46,181235.38,5.48,578,436,37802.56,Enzyme,6Z42,1
6ztx_1,A,4,D2,P21179,1.3,753,Escherichia coli (strain K12),981,75,2.6,0.09,1851,4.3,3.55,4.30,3.07,0.57,479979.72,9.81,1250,565,45271.41,Enzyme,6ZTX,1
6zyz_1,A,4,D2,Not Found,2.27,290,Salvia rosmarinus,1097,27589,2.49,0.15,769,4.25,3.68,4.25,3.26,1.44,147930.87,5.57,368,269,21870.69,Other,6ZYZ,1
6zzo_2,C,4,D2,Q4FRT2,1.28,266,Psychrobacter arcticus (strain DSM 17307 / VKM B-2377 / 273-4),1044,21906,2.8,0.14,774,4.94,4.15,4.94,3.58,1.49,156304.72,5.55,438,272,21448.03,Enzyme,6ZZO,2
6zzs_2,E,4,D2,A0A1E3M3N6,1.85,261,Acinetobacter baumannii,1115,32515,3.09,0.14,766,6.4,5.26,6.40,4.5,1.32,139168.85,5.36,430,266,20028.95,Enzyme,6ZZS,2
7a19_1,A,4,D2,A0A1S9DW14,1.21,358,Aspergillus oryzae (Yellow koji mold),1011,920,2.15,0.10,978,4.4,3.74,4.40,3.88,0.61,299267.02,5.96,644,347,28696.96,Enzyme,7A19,1
7a76_1,A,4,D2,Q81FS4,1.65,326,Bacillus cereus (strain ATCC 14579 / DSM 31 / CCUG 7414 / JCM 2152 / NBRC 15305 / NCIMB 9373 / NCTC 2599 / NRRL B-3711),306,1503,2.92,0.19,909,6.2,5.22,6.20,4.63,1.31,207862.45,6.11,607,458,38716.53,Enzyme,7A76,1
7aob_1,A,4,D2,E6SLT2,2.12,309,Thermaerobacter marianensis (strain ATCC 700841 / DSM 12885 / JCM 10246 / 7p75a),869,1161,2.68,0.14,896,4.31,3.69,4.31,3.33,1.56,187407.29,6.08,502,337,26909.57,Enzyme,7AOB,1
7b73_1,A,4,D2,Q1YQT8,1.6,243,gamma proteobacterium HTCC2207,1102,7819,2.52,0.15,630,10.15,8.37,10.15,7.23,1.32,141340.17,5.05,356,263,21740.63,Enzyme,7B73,1
7bmm_1,A,4,D2,Q9RY20,2.06,266,Deinococcus radiodurans (strain ATCC 13939 / DSM 20539 / JCM 16871 / CCUG 27074 / LMG 4051 / NBRC 15346 / NCIMB 9279 / VKM B-1422 / R1),444,611,1.95,0.13,689,4.07,3.47,4.07,3.59,0.37,230187.14,8.54,450,345,28824.26,Enzyme,7BMM,1
7bsk_1,A,4,D2,P23368,2.54,566,Homo sapiens (Human),915,488,3.58,0.19,1400,4.21,3.58,4.21,3.2,1.11,326528.77,7.83,1170,730,61264.28,Enzyme,7BSK,1
7bx9_1,A,4,D2,B3VPZ9,1.38,168,Bacillus amyloliquefaciens (Bacillus velezensis),808,854,2.89,0.16,520,4.05,3.52,4.05,3.1,1.28,101051.02,4.74,292,172,15759.3,Enzyme,7BX9,1
7by8_1,A,4,D2,A0A143T1U9,1.945,332,Geobacillus stearothermophilus (Bacillus stearothermophilus),933,1051,2.96,0.15,897,7.83,6.49,7.83,5.7,1.51,177099.39,6.07,524,326,27190.22,Enzyme,7BY8,1
7bzv_1,A,4,D2,Q9KWS5,1.988,500,Pseudomonas sp,983,6476,2.55,0.10,1351,4.28,3.57,4.28,3.65,1.04,400579.77,7.56,1022,518,41749.68,Enzyme,7BZV,1
7c11_1,A,4,D2,B7L0A5,2.8,568,Methylorubrum extorquens (strain CM4 / NCIMB 13688) (Methylobacterium extorquens),899,220,3.84,0.17,1452,6.67,5.59,6.67,4.89,1.07,314628.89,6.74,1208,670,54111.83,Enzyme,7C11,1
7c1c_1,A,4,D2,Q65UJ3,1.5,467,Mannheimia succiniciproducens (strain KCTC 0769BP / MBEL55E),988,507,2.61,0.11,1408,7.43,6.26,7.43,5.45,1.07,284049.44,10.23,740,381,30359.96,Enzyme,7C1C,1
7c5f_1,O,4,D2,A0A140NCK4,1.88,352,Escherichia coli BL21(DE3),882,757,2.89,0.16,926,8.71,7.25,8.71,6.22,1.22,199044.68,6.52,576,382,32001.73,Other,7C5F,1
7c9q_1,A,4,D2,P09467,1.878,338,Homo sapiens (Human),868,562,2.86,0.15,900,10.74,8.6,10.74,7.52,1.19,197267.82,7.49,564,327,29880.12,Enzyme,7C9Q,1
7cax_1,A,4,D2,A0A1K1L6W4,1.846,241,Acinetobacter baumannii,914,36631,2.45,0.16,676,7.13,5.89,7.13,5.16,1.15,145091.91,5.11,355,271,23176.95,Other,7CAX,1
7cmc_1,A,4,D2,O50105,2.2,342,Pyrococcus horikoshii (strain ATCC 700860 / DSM 12428 / JCM 9974 / NBRC 100139 / OT-3),677,361,2.44,0.13,882,9.03,7.63,9.03,6.75,1.23,191144.98,7.64,466,279,24545.51,Enzyme,7CMC,1
7cmj_1,A,4,D2,E9BF84,2.76,211,Leishmania donovani BPK282A1,950,1021,2.47,0.16,476,5.96,4.79,5.96,4.2,1.84,104380.23,5.04,258,208,16835.36,Other,7CMJ,1
7cmn_1,A,4,D2,Q45697,1.42,313,Bacillus sp. (strain TB-90),523,100,1.54,0.08,746,6.03,4.76,6.03,5.01,0.97,254354.05,7.42,392,270,21197.84,Enzyme,7CMN,1
7cmx_1,A,4,D2,Q81GQ9,1.79,433,Bacillus cereus (strain ATCC 14579 / DSM 31 / CCUG 7414 / JCM 2152 / NBRC 15305 / NCIMB 9373 / NCTC 2599 / NRRL B-3711),805,138,2.34,0.10,1240,6.94,5.91,6.94,5.18,0.67,258006.01,8.2,603,307,25380.97,Enzyme,7CMX,1
7coi_1,A,4,D2,Q4WQ18,1.8,287,Aspergillus fumigatus (strain ATCC MYA-4609 / CBS 101355 / FGSC A1100 / Af293) (Neosartorya fumigata),679,31,1.72,0.13,597,6.16,4.99,6.16,4.44,2.24,129530.47,5.84,223,184,16555.76,Enzyme,7COI,1
7cq0_1,A,4,D2,A0A0M8UVL7,2.03,191,Streptomyces sp. H036,46,15,1.6,0.16,320,3.71,2.79,3.71,2.21,0.38,80061.21,5.44,128,156,12754.08,Other,7CQ0,1
7cw4_1,A,4,D2,Q814S6,1.56,401,Bacillus cereus (strain ATCC 14579 / DSM 31 / CCUG 7414 / JCM 2152 / NBRC 15305 / NCIMB 9373 / NCTC 2599 / NRRL B-3711),956,1508,3.59,0.17,1108,4.25,3.52,4.25,2.99,1.14,220135.78,6.58,790,444,37306.35,Enzyme,7CW4,1
7d7o_1,A,4,D2,A0A5B7VKY7,1.98,377,Bacillus cereus ATCC 14579,983,2213,3.16,0.14,1058,4.75,3.94,4.75,3.4,1.14,218361.47,6.71,690,356,29778.14,Other,7D7O,1
7d8j_1,A,4,D2,A0A3F2YLU4,2.87,118,Staphylococcus aureus (strain ED98),418,4361,1.4,0.26,256,4.35,3.31,4.35,2.76,1.83,61354.05,4.7,86,168,16109.2,Regulatory,7D8J,1
7do7_1,A,4,D2,C1DMX5,1.57,267,Azotobacter vinelandii (strain DJ / ATCC BAA-1303),1028,31220,2.69,0.14,756,4.21,3.48,4.21,3.09,1,142258.22,4.97,382,262,19620.84,Enzyme,7DO7,1
7ebc_1,A,4,D2,P28240,2.3,563,Saccharomyces cerevisiae (strain ATCC 204508 / S288c) (Baker's yeast),842,117,2.42,0.12,1506,4.24,3.63,4.24,3.2,0.75,318995.44,9.38,771,477,39762.51,Enzyme,7EBC,1
7ebe_2,E,4,D2,Q59RB8,2.69,556,Candida albicans (strain SC5314 / ATCC MYA-2876) (Yeast),894,117,2.42,0.13,1516,8.21,6.81,8.21,5.94,0.48,318224.84,9.43,771,482,40154.88,Enzyme,7EBE,2
7jh0_1,A,4,D2,P20287,2.51,338,Schistosoma mansoni (Blood fluke),935,807,3.24,0.16,837,4.41,3.71,4.41,3.28,0.96,188441.34,6.42,611,378,29783.07,Enzyme,7JH0,1
7jh3_1,A,4,D2,P50457,2.68,421,Escherichia coli (strain K12),1030,4800,2.97,0.13,1122,4.46,3.77,4.46,3.32,1.2,239901.28,6.36,712,396,31790.98,Enzyme,7JH3,1
7jnq_1,A,4,D2,P77990,1.87,352,Thermoanaerobacter ethanolicus (Clostridium thermohydrosulfuricum),1029,3323,3.13,0.14,930,4.37,3.6,4.37,3.17,1.42,209659.74,5.91,656,366,29718.99,Enzyme,7JNQ,1
7js3_1,A,4,D2,A0A0E2ZJY0,2.4,348,Francisella tularensis,668,151,3.37,0.16,840,4.58,3.84,4.58,3.4,1.38,181754.85,5.84,613,345,28290.8,Enzyme,7JS3,1
7jw9_1,A,4,D2,Q3K9A1,2.39,404,Pseudomonas fluorescens (strain Pf0-1),1121,411,3.07,0.13,975,4.35,3.69,4.35,3.25,0.91,222506.37,8.84,684,369,28212.84,Enzyme,7JW9,1
7jwv_1,A,4,D2,V9HW83,1.6,501,Homo sapiens (Human),1001,6673,3.42,0.15,1344,4.26,3.52,4.26,3.04,0.97,289032.69,7.52,988,508,42122.7,Enzyme,7JWV,1
7k5z_1,A,4,D2,Q5ZY78,1.85,413,Legionella pneumophila subsp. pneumophila (strain Philadelphia 1 / ATCC 33152 / DSM 7513),1012,324,2.7,0.13,1074,6.55,5.41,6.55,4.72,1.14,251117.88,7.8,679,394,31703.23,Enzyme,7K5Z,1
7k74_1,A,4,D2,B2FU10,2.2,342,Stenotrophomonas maltophilia (strain K279a),857,528,3.3,0.14,885,6.06,4.92,6.06,4.29,1.06,188115.03,7.69,620,339,26220.74,Enzyme,7K74,1
7kb0_1,A,4,D2,Q9WZY4,1.85,430,Thermotoga maritima (strain ATCC 43589 / DSM 3109 / JCM 10099 / NBRC 100826 / MSB8),934,1999,2.43,0.09,1082,4.35,3.55,4.35,3.7,1.12,337448.58,6.8,820,360,30240.43,Enzyme,7KB0,1
7kcn_1,A,4,D2,A0A3B3I7P0,1.46,122,synthetic construct,476,825,1.79,0.19,290,6.37,5.14,6.37,4.33,0.73,72684.42,3.55,130,172,14088.18,Other,7KCN,1
7kf3_1,A,4,D2,Q2YMP3,2.35,369,Brucella abortus (strain 2308),979,3516,2.97,0.14,1006,4.14,3.52,4.14,3.14,0.66,225915.64,6.89,672,415,31309.43,Enzyme,7KF3,1
7kjj_1,A,4,D2,Not Found,1.55,132,unidentified,397,496,1.93,0.20,282,3.77,2.93,3.77,2.5,1.16,70287.22,3.95,136,166,14211.29,Other,7KJJ,1
7kli_1,A,4,D2,B1MC30,1.75,277,Mycobacteroides abscessus (strain ATCC 19977 / DSM 44196 / CCUG 20993 / CIP 104536 / JCM 13569 / NCTC 13031 / TMC 1543 / L948) (Mycobacterium abscessus),1048,1066,2.64,0.16,768,7.09,6.03,7.09,5.16,1.16,159013.24,5.34,419,305,24707.44,Enzyme,7KLI,1
7kmo_1,A,4,C4,Q8PLM3,1.75,534,Xanthomonas citri subsp. citri 306,335,148,3.7,0.17,1284,4.13,3.38,4.13,2.83,0.7,309877.29,7.66,1148,636,53567.8,Other,7KMO,1
7krk_1,A,4,D2,A0A077GFB1,1.4,250,Acinetobacter baumannii,987,33950,1.97,0.11,682,5.84,4.74,5.84,5.08,1.46,194837.72,4.77,383,242,21249.24,Enzyme,7KRK,1
7l9r_1,A,4,D2,C4LXB8,2.4,352,Entamoeba histolytica (strain ATCC 30459 / HM-1:IMSS / ABRM),400,266,2.95,0.17,782,4.53,3.79,4.53,3.35,1.3,161910.88,8.57,478,340,28304.51,Other,7L9R,1
7ld2_1,A,4,D2,P07097,2.8,399,Shinella zoogloeoides (Crabtreella saccharophila),922,1408,3.64,0.16,971,4.28,3.61,4.28,3.13,1.17,219989.58,6.4,800,416,34988.88,Enzyme,7LD2,1
7lo2_1,A,4,D2,V0ZE41,1.89,384,Escherichia coli 908573,984,356,3.28,0.15,1024,9.3,7.73,9.30,6.73,0.82,226627.05,6.53,743,401,33840.47,Other,7LO2,1
7lvl_2,C,4,D2,A0A0F4VK59,2.01,302,Candidatus Liberibacter solanacearum,1164,2822,3.34,0.15,848,4.28,3.69,4.28,3.29,1.31,173604.47,5.87,579,329,26172.33,Enzyme,7LVL,2
7m3k_1,A,4,D2,Q2YJ21,2.3,609,Brucella abortus (strain 2308),1080,281,3.96,0.14,1562,4.19,3.47,4.19,2.93,0.73,319897.36,6.96,1268,596,43850.57,Enzyme,7M3K,1
7mct_1,H,4,D2,X5E0F1,1.6,380,Staphylococcus aureus,897,2143,3.07,0.13,1080,4.23,3.38,4.23,2.93,1.12,222646.31,6.85,684,376,29546.72,Enzyme,7MCT,1
7mh7_1,A,4,D2,Q9HZC0,2.6,295,Pseudomonas aeruginosa (strain ATCC 15692 / DSM 22644 / CIP 104116 / JCM 14847 / LMG 12228 / 1C / PRS 101 / PAO1),859,1349,3.2,0.17,652,3.83,2.9,3.83,2.34,1.4,164859.33,6.28,528,348,28041.29,Enzyme,7MH7,1
7miw_1,A,4,D2,A0A077EJP9,1.25,472,Elizabethkingia anophelis NUHP1,987,499,2.42,0.11,1411,4.55,3.92,4.55,3.47,1.02,299493.14,9.95,725,426,34068.62,Enzyme,7MIW,1
7n09_1,A,4,D2,F1L0H2,1.75,277,Ascaris suum (Pig roundworm) (Ascaris lumbricoides),863,20542,2.48,0.14,762,4.21,3.41,4.21,3.06,1.49,148606.64,5.98,368,260,20354.17,Enzyme,7N09,1
7n7z_1,A,4,D2,Q0AZ52,2.02,403,Syntrophomonas wolfei subsp. wolfei (strain DSM 2245B / Goettingen),891,1393,2.67,0.11,1034,6.01,4.86,6.01,5.15,1.12,302339.88,6.96,806,410,32333.42,Enzyme,7N7Z,1
7nay_1,A,4,D2,Q9EVR0,1.84,324,Selenomonas ruminantium,955,944,3,0.13,1005,4.22,3.54,4.22,3.1,1.36,190936.87,6.24,572,284,24796,Enzyme,7NAY,1
7nni_1,A,4,D2,P9WPZ9,1.54,354,Mycobacterium tuberculosis (strain ATCC 25618 / H37Rv),1078,761,3.24,0.15,892,4.12,3.33,4.12,2.84,1.06,193746.78,5.82,628,370,29275.27,Enzyme,7NNI,1
7ns5_1,A,4,D2,P09201,1.946,354,Saccharomyces cerevisiae (strain ATCC 204508 / S288c) (Baker's yeast),858,463,2.97,0.14,852,11.07,8.72,11.07,7.53,1.34,180160.21,7.26,535,299,25635.26,Enzyme,7NS5,1
7p36_1,A,4,D2,Q6WVP7,1.14,260,Lentilactobacillus kefiri (Lactobacillus kefiri),973,32762,2.77,0.15,832,4.2,3.58,4.20,3.12,1.27,144619.16,5.13,400,256,21721.64,Enzyme,7P36,1
7rca_1,A,4,D2,A0A202G8T3,2.26,378,Clavispora lusitaniae,1020,460,2.17,0.13,872,4.14,3.36,4.14,2.82,0.93,206567.81,7.39,448,312,26871.84,Other,7RCA,1
7rh8_1,A,4,D2,Q59QT3,1.69,218,Candida albicans (strain SC5314 / ATCC MYA-2876) (Yeast),553,719,2.21,0.15,564,4.02,3.36,4.02,2.92,1.81,130287.9,7.22,288,216,19426.89,Enzyme,7RH8,1
