code,chain_name,nsub2,sym,accession,resol,length_full,Organism,foldseek_family_size,blast_hits_cov80_eval01_uni50,compactness,surf_area_vol_ratio,Intrasubunit_HBonds,contact_density_3.5A,contact_density_4A,contact_density_4.5A,contact_density_vdw,core_hydrophobicity,VDW_Volume,Surface_Dist_StdDev,core_residues,surface_residues,surface_area,Function_Class
1a88_1,A,3,C3,P49323,1.9,275,Streptomyces lividans,960,6437,3.46,0.49,559,4.21,3.63,4.21,3.10,0.63,124968.73,4.71,432,263,20592.76,Enzyme
1a8q_2,A,3,C3,P33912,1.75,274,Kitasatospora aureofaciens (Streptomyces aureofaciens),1038,8312,3.67,0.44,576,4.27,3.50,4.27,2.95,0.69,122641.32,5.20,450,228,19091.89,Enzyme
1a8s_3,A,3,C3,O31158,1.8,273,Pseudomonas fluorescens,990,7679,3.63,0.46,564,4.20,3.41,4.20,2.98,0.75,121790.80,4.73,442,264,20409.15,Enzyme
1af6_1,A,3,C3,P02943,2.4,421,Escherichia coli (strain K12),114,275,2.82,0.51,902,4.01,3.08,4.01,2.47,-0.59,193942.43,7.84,546,432,33017.28,Transport
1brt_1,A,3,C3,P29715,1.5,277,Kitasatospora aureofaciens (Streptomyces aureofaciens),967,7871,3.62,0.44,591,4.13,3.41,4.13,2.86,1.04,123412.29,4.55,447,246,19169.5,Enzyme
1c4t_1,A,3,C3,P07016,3,233,Escherichia coli BL21(DE3),230,3957,2.87,0.50,445,3.78,3.10,3.78,2.62,1.29,93690.85,7.24,269,190,15983.08,Other
1c8s_1,A,3,C3,P02945,2,196,Halobacterium salinarum (strain ATCC 700922 / JCM 11081 / NRC-1) (Halobacterium halobium),125,231,2.85,0.49,492,4.02,3.55,4.02,3.24,0.80,91692.81,4.50,261,210,16844.64,Transport
1c9k_1,A,3,C3,Q05599,2.2,180,Salmonella typhimurium (strain LT2 / SGSC1412 / ATCC 700720),947,1225,2.52,0.62,359,3.87,3.32,3.87,3.03,1.64,77825.21,4.29,196,204,16478.43,Enzyme
1d00_3,F,3,C3,1363002,2,168,Homo sapiens,69,1023,2.42,0.54,296,3.80,3.09,3.80,2.60,1.03,74758.13,4.19,181,170,13122.59,Other
1dbf_1,A,3,C3,P19080,1.3,127,Bacillus subtilis (strain 168),423,232,1.52,0.56,244,3.91,3.28,3.91,2.90,1.58,63977.41,4.98,97,126,12042.13,Enzyme
1dcs_1,A,3,C3,P18548,1.3,311,Streptomyces clavuligerus,328,271,2.87,0.46,525,3.85,3.14,3.85,2.63,1.11,124566.70,5.31,357,276,20282.41,Enzyme
1di6_1,A,3,C3,P28694,1.45,195,Escherichia coli,436,199,2.81,0.57,384,3.85,3.15,3.85,2.64,1.64,79070.89,4.74,222,195,15700.67,Other
1dun_1,A,3,C3,P11204,1.9,134,Equine infectious anemia virus (isolate 1369) (EIAV),212,1431,1.44,0.36,189,3.44,2.63,3.44,2.06,2.22,54303.65,6.37,78,84,6949.28,Enzyme
1duv_1,G,3,C3,P04391,1.7,333,Escherichia coli (strain K12),974,1001,3.13,0.48,732,4.35,3.69,4.35,3.35,0.96,154398.80,5.56,483,310,24349.29,Enzyme
1e3p_1,A,3,C3,A0A1S9NJJ0,2.5,757,Streptomyces antibioticus,934,531,3.41,0.64,1263,3.85,3.04,3.85,2.55,1.11,268465.21,6.59,915,744,59397.44,Other
1ek9_1,A,3,C3,P02930,2.1,428,Escherichia coli (strain K12),928,3500,2.04,0.51,1041,3.95,3.50,3.95,3.19,1.33,205735.90,15.95,420,467,34530.05,Transport
1ekq_2,B,3,C3,P39593,1.5,272,Bacillus subtilis (strain 168),790,780,3.50,0.52,594,4.12,3.44,4.12,3.02,1.64,105303.90,5.72,369,240,18882.12,Enzyme
1ekx_1,A,3,C3,P0A786,1.95,311,Escherichia coli (strain K12),991,1384,3.17,0.48,634,4.17,3.51,4.17,3.01,1.09,147168.88,5.22,467,282,23995.05,Enzyme
1euw_1,A,3,C3,P06968,1.05,152,Escherichia coli (strain K12),551,1713,1.10,0.24,225,3.77,2.87,3.77,2.96,1.92,84689.99,6.33,93,99,7381.15,Enzyme
1f3g_1,A,3,C3,P69783,2.1,161,Escherichia coli (strain K12),497,1488,3.06,0.56,282,3.84,2.76,3.84,2.21,2.05,62646.32,3.66,192,156,11778.25,Enzyme
1f44_1,M,3,C3,P06956,2.05,324,Escherichia phage P1 (Bacteriophage P1),492,523,2.03,4.03,687,3.63,3.16,3.63,2.77,1.02,182995.36,5.13,372,295,25850.94,Enzyme
1f7d_1,A,3,C3,P16088,1.4,136,Feline immunodeficiency virus (isolate Petaluma) (FIV),191,1659,1.50,0.30,165,3.71,2.79,3.71,2.19,2.39,51831.91,6.65,78,69,5493.74,Enzyme
1f7l_1,A,3,C3,P96618,1.5,121,Bacillus subtilis (strain 168),823,1917,2.23,0.62,261,3.71,3.03,3.71,2.53,1.38,53859.58,4.58,120,126,12104.62,Enzyme
1fth_1,A,3,C3,P0A2W6,1.9,122,Streptococcus pneumoniae serotype 4 (strain ATCC BAA-334 / TIGR4),805,1348,2.03,0.67,214,3.77,2.98,3.77,2.50,1.36,54592.95,4.93,111,136,12404.67,Enzyme
1fxj_1,A,3,C3,P0ACC7,2.25,331,Escherichia coli (strain K12),366,1708,3.18,0.62,651,3.83,3.04,3.83,2.55,1.32,142507.40,6.11,453,372,30671.89,Enzyme
1g2o_1,A,3,C3,P0A538,1.75,268,Mycobacterium tuberculosis,1103,901,3.51,0.46,528,4.06,3.32,4.06,2.83,1.39,114105.90,4.70,400,230,17517.43,Other
1g2x_1,A,3,C3,Q9DF52,2.5,118,Bungarus caeruleus (Indian krait),157,801,2.26,0.67,234,3.75,3.27,3.75,2.86,0.72,53958.61,3.57,122,152,12070.32,Enzyme
1ge8_1,A,3,C3,O73947,2,249,Pyrococcus furiosus (strain ATCC 43587 / DSM 3638 / JCM 8422 / Vc1),808,749,3.10,0.66,493,3.76,2.82,3.76,2.31,1.84,105343.47,5.14,327,276,23304.53,Enzyme
1gnk_1,A,3,C3,P0AC55,2,112,Escherichia coli (strain K12),503,773,1.35,0.40,189,3.63,2.94,3.63,2.51,2.22,42293.59,4.98,57,79,5967.07,Enzyme
1gnk_2,B,3,C3,P0AC55,2,112,Escherichia coli (strain K12),503,773,1.13,0.38,189,3.62,2.93,3.62,2.39,2.04,47008.27,6.01,53,75,6229.45,Enzyme
1gu9_3,G,3,C3,Not Found,1.9,177,Mycobacterium tuberculosis H37Rv,137,77,2.16,0.40,393,4.44,3.99,4.44,3.64,1.18,73922.29,5.91,160,121,9635.93,Other
1gx1_1,A,3,C3,P62617,1.8,160,Escherichia coli BL21,474,1070,2.21,0.46,307,4.11,3.23,4.11,2.89,1.88,71576.91,5.01,158,129,10918.54,Other
1h9m_1,A,3,C3,Q44529,1.65,145,Azotobacter vinelandii,264,544,1.84,0.35,252,3.85,2.73,3.85,2.16,2.06,55403.56,5.14,102,99,6589.91,Other
1hfo_2,D,3,C3,Q9Y063,1.65,113,Trichinella spiralis,659,628,1.39,0.35,212,4.05,3.45,4.05,3.03,1.39,55437.05,4.79,77,87,6431.45,Other
1hl7_2,B,3,C3,Q8GJP7,1.73,279,uncultured Microbacterium sp,963,6873,3.41,0.44,600,4.22,3.58,4.22,3.15,1.08,127404.20,4.25,434,252,20361,Enzyme
1hm9_2,B,3,C3,Q97R46,1.75,468,Streptococcus pneumoniae serotype 4 (strain ATCC BAA-334 / TIGR4),1159,1119,3.04,0.45,975,4.06,3.27,4.06,2.78,1.41,199604.90,9.42,606,408,32230.58,Enzyme
1hnu_2,A,3,C3,Q05871,2.15,280,Saccharomyces cerevisiae (strain ATCC 204508 / S288c) (Baker's yeast),919,630,2.66,0.52,549,4.12,3.58,4.12,3.15,1.12,114029.15,6.34,303,231,20841.64,Enzyme
1htn_1,A,3,C3,P05452,2.8,182,Homo sapiens (Human),228,1337,2.95,0.66,309,3.66,3.02,3.66,2.58,0.35,68144.23,6.59,201,177,15401.06,Binding
1hup_1,A,3,C3,P11226,2.5,141,Homo sapiens (Human),145,2395,2.48,0.67,291,3.72,3.11,3.72,2.67,0.87,61685.11,4.63,153,174,14163.15,Enzyme
1hv9_1,A,3,C3,P0ACC7,2.1,456,Escherichia coli (strain K12),1163,1135,3.00,0.51,921,3.90,2.97,3.90,2.46,1.43,191126.34,9.55,573,432,33378.67,Enzyme
1hwu_1,A,3,C3,P94852,2.1,112,Herbaspirillum seropedicae,499,794,1.27,0.49,175,3.89,3.16,3.89,2.68,1.91,42444.99,5.21,54,76,6955.2,Regulatory
1hwu_2,D,3,C3,P94852,2.1,112,Herbaspirillum seropedicae,499,794,1.36,0.48,163,3.79,3.09,3.79,2.61,1.69,39617.35,5.33,54,77,6961.24,Regulatory
1i8d_1,A,3,NPS,P29015,2,213,Escherichia coli,996,1444,2.71,0.60,391,4.23,3.50,4.23,3.09,1.27,88689.06,6.30,240,224,18569.65,Other
1idp_1,A,3,C3,P56221,1.45,172,Pyricularia oryzae (strain 70-15 / ATCC MYA-4617 / FGSC 8958) (Rice blast fungus) (Magnaporthe oryzae),435,88,2.02,0.60,319,3.90,3.31,3.90,2.88,0.91,68373.92,4.74,138,165,13740.36,Enzyme
1iv3_2,D,3,C3,Q8RQP5,1.52,152,Thermus thermophilus (strain ATCC 27634 / DSM 579 / HB8),477,1041,2.22,0.55,309,4.08,3.34,4.08,2.87,1.93,68145.50,4.60,151,141,12477.54,Enzyme
1j2z_1,A,3,C3,O25927,2.1,270,Helicobacter pylori (strain ATCC 700392 / 26695) (Campylobacter pylori),985,1033,2.92,0.64,523,3.96,3.09,3.96,2.60,1.41,114921.61,5.27,336,303,25935.07,Enzyme
1j3l_1,A,3,C3,P83846,2.3,164,Thermus thermophilus,379,589,2.95,0.59,303,4.24,3.52,4.24,3.06,1.63,72148.12,4.87,213,169,14334.86,Other
1j5s_1,A,3,C3,Q9WXR9,2.85,463,Thermotoga maritima (strain ATCC 43589 / DSM 3109 / JCM 10099 / NBRC 100826 / MSB8),941,179,3.03,0.50,971,4.23,3.64,4.23,3.23,0.87,208168.80,6.13,630,406,34704.48,Enzyme
1jd1_1,A,3,C3,P40037,1.7,129,Saccharomyces cerevisiae (strain ATCC 204508 / S288c) (Baker's yeast),870,3448,2.01,0.39,236,4.06,3.35,4.06,2.91,1.33,56752.09,4.33,114,97,7423.08,Other
1jlj_1,A,3,C3,Q9NQX3,1.6,189,Homo sapiens (Human),478,1004,2.64,0.52,371,4.04,3.42,4.04,3.02,0.86,83322.76,4.57,220,163,14449.06,Enzyme
1js1_1,X,3,C3,Q8A1E9,2,324,Bacteroides thetaiotaomicron (strain ATCC 29148 / DSM 2079 / JCM 5827 / CCUG 10774 / NCTC 10582 / VPI-5482 / E50),991,630,3.18,0.44,631,4.24,3.65,4.24,3.24,0.71,150914.45,7.66,480,272,22520.84,Enzyme
1kr4_1,A,3,C3,Q9X0E6,1.4,125,Thermotoga maritima (strain ATCC 43589 / DSM 3109 / JCM 10099 / NBRC 100826 / MSB8),975,944,1.22,0.43,195,4.01,3.25,4.01,2.82,1.73,54170.88,5.18,66,93,8342.23,Binding
1krr_1,A,3,C3,P07464,2.5,203,Escherichia coli (strain K12),967,1177,1.95,0.43,394,4.01,3.35,4.01,2.88,1.81,92332.31,6.55,180,159,13226.25,Enzyme
1kwg_1,A,3,C3,O69315,1.6,645,Thermus thermophilus,1104,406,3.47,0.38,1272,4.28,3.48,4.28,2.94,0.86,299947.47,6.61,1041,513,40840.29,Enzyme
1l1s_1,A,3,C3,O27535,2.3,113,Methanothermobacter thermautotrophicus (strain ATCC 29096 / DSM 1053 / JCM 10044 / NBRC 100330 / Delta H) (Methanobacterium thermoautotrophicum),462,791,2.05,0.66,240,3.86,3.14,3.86,2.77,2.29,48232.28,3.99,99,126,10809.09,Other
1ml4_3,A,3,C3,P77918,1.8,308,Pyrococcus abyssi (strain GE5 / Orsay),1008,1510,3.32,0.53,640,4.15,3.45,4.15,2.96,1.40,138342.44,5.07,459,279,25166.29,Enzyme
1mvl_1,A,3,C3,Q9SWE5,2,209,Arabidopsis thaliana (Mouse-ear cress),353,1349,2.71,0.53,381,3.91,3.24,3.91,2.79,1.62,79729.63,5.28,216,171,15102.5,Enzyme
1mww_1,A,3,C3,O86237,2.08,128,Haemophilus influenzae (strain ATCC 51907 / DSM 11121 / KW20 / Rd),712,96,1.60,0.38,235,4.21,3.64,4.21,3.18,1.81,60119.72,5.43,96,84,7522.96,Other
1mxs_1,A,3,C3,P00885,2.2,225,Pseudomonas putida (Arthrobacter siderocapsulatus),1030,956,3.25,0.60,468,3.88,3.19,3.88,2.77,1.68,90706.81,3.94,295,239,18609.3,Enzyme
1mzy_1,A,3,C3,Q53239,1.46,333,Cereibacter sphaeroides (strain ATCC 17025 / ATH 2.4.3) (Rhodobacter sphaeroides),442,243,2.81,0.38,624,4.14,3.24,4.14,2.75,0.83,147076.90,8.34,414,249,19664.02,Enzyme
1n2m_1,A,3,C3,Q57764,1.9,165,Methanocaldococcus jannaschii (strain ATCC 43067 / DSM 2661 / JAL-1 / JCM 10045 / NBRC 100440) (Methanococcus jannaschii),307,97,2.35,0.52,327,4.32,3.56,4.32,3.17,1.78,71992.98,5.86,169,135,12375.4,Enzyme
1nkv_1,A,3,C3,P39367,2.8,256,Escherichia coli (strain K12),416,166,2.61,0.64,435,4.21,3.59,4.21,3.25,1.01,106992.27,6.14,279,276,22936.82,Enzyme
1nog_1,A,3,C3,Q9HIA7,1.55,177,Thermoplasma acidophilum (strain ATCC 25905 / DSM 1728 / JCM 9062 / NBRC 15155 / AMRC-C165),530,1345,2.45,0.50,423,3.98,3.60,3.98,3.29,1.71,68656.58,5.21,168,147,12378.42,Enzyme
1nq3_1,A,3,C3,P80601,2.2,136,Capra hircus (Goat),884,2913,2.10,0.44,228,3.90,3.10,3.90,2.67,1.54,56274.86,4.97,118,111,8196.78,Enzyme
1nxj_1,A,3,C3,P0A666,1.9,183,Mycobacterium tuberculosis,353,365,3.01,0.51,294,4.00,3.18,4.00,2.69,1.48,64819.39,5.10,195,162,11644.34,Other
1nza_1,A,3,C3,Q7SIA8,1.7,103,Thermus thermophilus (strain ATCC 27634 / DSM 579 / HB8),818,2476,1.40,0.37,204,3.94,3.14,3.94,2.58,2.44,47252.99,5.43,66,70,6323.25,Binding
1nzy_2,A,3,C3,A42560,1.8,269,Pseudomonas sp. CBS3,1088,4558,2.13,0.41,624,4.33,3.70,4.33,3.32,1.45,129062.62,7.79,275,203,17931.3,Other
1nzy_2,A,3,C3,A42560,1.8,269,Pseudomonas sp. CBS3,1088,4558,2.13,0.41,624,4.33,3.70,4.33,3.32,1.45,129062.62,7.79,275,203,17931.3,Other
1o5j_1,A,3,C3,Q9X0E6,1.95,113,Thermotoga maritima (strain ATCC 43589 / DSM 3109 / JCM 10099 / NBRC 100826 / MSB8),1036,2241,1.35,0.46,186,3.95,3.13,3.95,2.81,1.51,51112.35,5.08,69,84,8149.08,Binding
1oe1_1,A,3,C3,O68601,1.04,336,Alcaligenes xylosoxydans xylosoxydans (Achromobacter xylosoxidans),488,276,2.69,0.35,612,4.13,3.21,4.13,2.68,0.83,149313.66,8.69,402,243,19327.35,Enzyme
1oni_3,G,3,C3,P52758,1.9,138,Homo sapiens (Human),884,2782,2.09,0.45,243,3.99,3.21,3.99,2.73,1.29,57951.37,4.91,121,111,8619.35,Enzyme
1otg_1,A,3,C3,Q05354,2.1,125,Escherichia coli,486,220,1.31,0.41,218,4.02,3.48,4.02,3.05,2.26,59416.47,5.79,78,97,8154.06,Enzyme
1oth_1,A,3,C3,P00480,1.85,321,Homo sapiens (Human),987,1190,3.49,0.50,678,4.16,3.49,4.16,2.97,0.83,145225.97,5.59,507,281,25238.37,Enzyme
1p1l_2,A,3,C3,O28301,2,102,Archaeoglobus fulgidus (strain ATCC 49558 / DSM 4304 / JCM 9628 / NBRC 100126 / VC-16),1055,2299,1.40,0.35,201,3.89,3.16,3.89,2.66,1.60,47830.42,5.13,67,67,5807.79,Binding
1p9h_1,A,3,C3,P31489,1.55,226,Yersinia enterocolitica,6,643,1.81,0.27,405,4.16,3.22,4.16,2.77,0.46,69510.03,9.18,126,90,6649.62,Transport
1pf5_1,A,3,C3,P39332,2.5,131,Escherichia coli (strain K12),918,1773,1.81,0.44,231,3.68,3.00,3.68,2.52,1.59,57565.12,4.91,104,115,8772.76,Other
1pg6_2,A,3,C3,Q8P2Q3,1.7,243,Streptococcus pyogenes MGAS8232,653,499,2.05,0.65,366,3.69,2.76,3.69,2.15,1.27,94929.73,6.00,195,240,21659.19,Other
1pkk_2,A,3,C3,Q57872,1.77,204,Methanocaldococcus jannaschii (strain ATCC 43067 / DSM 2661 / JAL-1 / JCM 10045 / NBRC 100440) (Methanococcus jannaschii),508,555,1.67,0.50,321,3.74,2.92,3.74,2.31,2.21,85284.57,6.47,142,153,15180.3,Enzyme
1plq_1,A,3,C3,P15873,2.3,258,Saccharomyces cerevisiae (strain ATCC 204508 / S288c) (Baker's yeast),863,663,3.05,0.66,492,3.76,2.93,3.76,2.42,1.47,115250.28,5.10,352,308,25976.29,Enzyme
1pwb_1,A,3,C3,P35247,1.4,177,Homo sapiens (Human),180,1054,2.05,0.55,323,3.74,3.18,3.74,2.85,0.29,72511.66,7.18,149,180,13373.53,Binding
1q23_3,G,3,C3,P62577,2.18,219,Escherichia coli,641,435,2.60,0.55,412,4.09,3.44,4.09,3.11,1.09,104451.59,5.87,272,215,19016.72,Enzyme
1q5x_1,A,3,C3,P0A8R0,2,161,Escherichia coli (strain K12),374,439,3.12,0.60,327,4.09,3.35,4.09,2.96,1.51,69927.47,3.94,218,167,14269.32,Regulatory
1qah_3,A,3,C3,P52759,1.8,136,Rattus norvegicus (Rat),887,2893,2.05,0.41,240,3.77,3.02,3.77,2.63,1.57,57202.29,5.11,117,114,8702.97,Enzyme
1qe5_1,A,3,C3,P81989,2.2,266,Cellulomonas sp,907,833,3.34,0.61,528,3.91,3.25,3.91,2.80,1.29,112060.70,4.53,374,295,22573.67,Enzyme
1qre_1,A,3,C3,P40881,1.46,247,Methanosarcina thermophila (strain ATCC 43570 / DSM 1825 / OCM 12 / VKM B-1830 / TM-1),158,50,2.63,0.47,444,3.98,3.19,3.98,2.70,1.55,88964.96,5.59,234,186,14445.5,Enzyme
1qu9_1,A,3,C3,P39330,1.2,128,Escherichia coli,812,3678,2.06,0.49,255,3.87,3.18,3.87,2.66,1.77,59772.56,4.60,123,123,9686.57,Other
1qwg_1,A,3,C3,Q57703,1.6,251,Methanocaldococcus jannaschii (strain ATCC 43067 / DSM 2661 / JAL-1 / JCM 10045 / NBRC 100440) (Methanococcus jannaschii),351,281,2.66,0.46,549,4.20,3.57,4.20,3.02,1.41,114474.78,6.22,304,237,18889.14,Enzyme
1qzu_4,D,3,C3,Q96CD2,2.9,206,Homo sapiens (Human),105,1567,2.68,0.58,300,3.45,2.72,3.45,2.37,1.93,61627.34,5.11,165,156,12025.69,Enzyme
1rh7_2,D,3,C3,Q99P86,3.1,81,Mus musculus (Mouse),15,84,1.01,0.72,116,3.41,2.83,3.41,2.46,1.38,31566.14,9.53,32,95,7559.12,Other
1rhy_2,B,3,C3,P40919,2.3,202,Cryptococcus neoformans,729,526,2.98,0.57,390,3.84,3.08,3.84,2.69,1.88,80213.70,4.59,239,193,16620.89,Other
1rlh_2,A,3,C3,Q9HII6,1.75,173,Thermoplasma acidophilum (strain ATCC 25905 / DSM 1728 / JCM 9062 / NBRC 15155 / AMRC-C165),144,40,1.72,0.35,273,3.77,2.85,3.77,2.40,1.73,68198.79,5.84,117,96,8754.94,Enzyme
1rtm_1,1,3,C3,P19999,1.8,149,Rattus norvegicus (Rat),161,1311,1.82,0.61,317,3.74,3.21,3.74,2.87,0.76,72914.27,6.85,133,191,15386.71,Enzyme
1rty_1,A,3,C3,O34899,2.4,193,Bacillus subtilis (strain 168),722,1351,2.16,0.53,386,4.33,3.85,4.33,3.54,1.33,72665.17,5.41,157,153,12785.18,Enzyme
1rwz_1,A,3,C3,O29912,1.8,245,Archaeoglobus fulgidus (strain ATCC 49558 / DSM 4304 / JCM 9628 / NBRC 100126 / VC-16),812,613,3.32,0.57,519,3.84,3.01,3.84,2.40,1.64,111307.85,5.12,369,267,22903.44,Enzyme
1sed_1,A,3,C3,O07517,2.1,117,Bacillus subtilis (strain 168),88,76,1.73,0.63,275,3.70,3.29,3.70,3.13,2.15,58304.63,3.92,101,134,12263.35,Other
1sg4_1,A,3,C3,P42126,1.3,260,Homo sapiens (Human),562,3289,2.97,0.57,604,4.29,3.78,4.29,3.39,1.32,119784.74,5.60,356,267,21975.51,Enzyme
1sgj_1,A,3,C3,Q9RUZ0,1.84,284,Deinococcus radiodurans (strain ATCC 13939 / DSM 20539 / JCM 16871 / CCUG 27074 / LMG 4051 / NBRC 15346 / NCIMB 9279 / VKM B-1422 / R1),281,1804,3.11,0.60,477,4.01,3.42,4.01,3.06,1.57,104645.04,4.04,325,261,21026.09,Enzyme
1sot_1,A,3,C3,P31137,2.3,320,Escherichia coli,155,8004,2.97,0.73,429,4.07,3.26,4.07,2.71,1.36,121673.12,4.71,361,363,29615.73,Other
1soz_1,A,3,NPS,P31137,2.4,314,Error,152,8156,2.59,0.68,417,4.03,3.25,4.03,2.79,1.34,115411.06,7.40,299,315,26569.12,Other
1t0a_1,A,3,C3,Q8EBR3,1.6,159,Shewanella oneidensis (strain ATCC 700550 / JCM 31522 / CIP 106686 / LMG 19005 / NCIMB 14063 / MR-1),487,1079,2.24,0.46,321,4.11,3.30,4.11,2.89,1.56,75296.44,4.90,169,132,11638.13,Enzyme
1tcv_1,A,3,C3,Q9BMI9,1.75,287,Schistosoma mansoni (Blood fluke),977,1104,2.94,0.52,541,4.23,3.63,4.23,3.14,1.60,128595.66,5.47,378,266,22064.84,Enzyme
1te0_1,A,3,C3,P31137,2.2,318,Escherichia coli,319,8075,3.06,0.75,483,3.50,2.61,3.50,2.06,1.32,131068.61,6.91,401,379,33509.87,Other
1u7b_1,A,3,C3,P12004,1.88,261,Homo sapiens (Human),821,767,2.78,0.53,522,3.93,3.08,3.93,2.58,1.66,115671.80,5.50,322,229,20000.78,Enzyme
1u7g_1,A,3,C3,P69681,1.35,385,Escherichia coli (strain K12),688,1509,3.39,0.44,903,4.49,3.90,4.49,3.52,1.02,164727.79,6.12,558,312,26121.49,Transport
1u83_2,A,3,C3,O06739,2.2,276,Bacillus subtilis (strain 168),236,218,2.82,0.47,432,3.96,3.32,3.96,2.84,1.06,104318.02,7.05,294,204,17338.94,Enzyme
1u9d_2,A,3,C3,Q9KU16,1.7,122,Vibrio cholerae serotype O1 (strain ATCC 39315 / El Tor Inaba N16961),254,87,1.56,0.48,201,3.57,3.00,3.57,2.51,2.06,55937.09,5.56,87,114,9359.13,Other
1ufy_1,A,3,C3,Q84FH6,0.95,122,Thermus thermophilus,423,236,1.95,0.42,246,3.88,3.05,3.88,2.59,1.66,55488.94,4.27,108,96,8551.11,Enzyme
1uij_1,A,3,C3,P25974,2.5,416,Glycine max (Soybean) (Glycine hispida),321,227,2.58,0.38,688,4.48,3.70,4.48,3.17,0.87,168002.97,8.74,433,258,21997.05,Other
1uik_1,A,3,C3,Q7XXT2,2.3,418,Glycine max,309,238,2.50,0.42,684,4.15,3.31,4.15,2.72,1.08,171462.58,8.67,428,269,23854.09,Other
1uiz_2,D,3,C3,38603569,2.5,115,Xenopus laevis,696,687,1.71,0.39,225,3.94,3.13,3.94,2.59,1.53,49109.40,5.04,84,84,6416.12,Other
1uku_1,A,3,C3,O58720,1.45,102,Pyrococcus horikoshii (strain ATCC 700860 / DSM 12428 / JCM 9974 / NBRC 100139 / OT-3),1050,2414,1.38,0.39,195,3.96,3.35,3.96,2.75,1.87,49958.60,5.09,69,75,6704.6,Binding
1ul3_1,A,3,C3,Q55247,2,112,Synechocystis sp. (strain ATCC 27184 / PCC 6803 / Kazusa),516,776,1.16,0.46,188,3.83,3.27,3.83,2.89,1.59,42379.87,5.46,49,75,6510.36,Enzyme
1ul3_2,D,3,C3,Q55247,2,112,Synechocystis sp. (strain ATCC 27184 / PCC 6803 / Kazusa),516,776,1.16,0.45,186,3.64,2.93,3.64,2.53,1.91,41254.29,5.24,48,75,6545.73,Enzyme
1ur3_1,M,3,C3,P76187,2.57,319,Escherichia coli K-12,983,1495,3.13,0.60,573,3.97,3.28,3.97,2.81,1.30,133282.71,5.63,417,321,27029.15,Other
1uuy_1,A,3,C3,Q39054,1.45,167,Arabidopsis thaliana (Mouse-ear cress),450,1163,2.71,0.53,345,3.91,3.29,3.91,2.80,1.47,69796.66,4.56,189,171,13510.94,Enzyme
1v3w_1,A,3,C3,O59257,1.5,173,Pyrococcus horikoshii (strain ATCC 700860 / DSM 12428 / JCM 9974 / NBRC 100139 / OT-3),1065,1691,2.68,0.42,402,4.21,3.33,4.21,2.79,1.53,77559.83,5.05,208,146,11874.78,Binding
1v4n_1,A,3,C3,15920700,2.45,281,Sulfurisphaera tokodaii,1012,865,3.09,0.50,479,4.04,3.47,4.04,2.94,1.25,121101.84,5.48,374,234,19891.08,Other
1v9o_1,A,3,C3,P83820,2,116,Thermus thermophilus,460,703,1.11,0.38,160,3.75,3.18,3.75,2.75,1.82,44067.45,5.23,49,61,5701.54,Regulatory
1ve0_1,A,3,C3,Q96YV5,2,134,Sulfurisphaera tokodaii (strain DSM 16993 / JCM 10545 / NBRC 100140 / 7) (Sulfolobus tokodaii),848,888,1.92,0.41,270,4.14,3.25,4.14,2.63,1.80,59410.86,5.79,114,96,8248.53,Binding
1vhc_1,A,3,C3,P44480,1.88,224,Haemophilus influenzae (strain ATCC 51907 / DSM 11121 / KW20 / Rd),1023,1145,3.23,0.60,428,4.04,3.43,4.04,2.99,2.05,93641.19,4.02,302,223,18869.25,Enzyme
1vkm_1,A,3,C3,Q9X1H5,1.9,297,Thermotoga maritima (strain ATCC 43589 / DSM 3109 / JCM 10099 / NBRC 100826 / MSB8),650,581,3.03,0.50,573,4.27,3.65,4.27,3.15,1.47,136029.28,5.21,412,259,23232.72,Enzyme
1vl0_1,A,3,C3,Q97GQ1,2.05,292,Clostridium acetobutylicum (strain ATCC 824 / DSM 792 / JCM 1419 / IAM 19013 / LMG 5710 / NBRC 13948 / NRRL B-527 / VKM B-1787 / 2291 / W),1164,3337,3.11,0.57,571,4.00,3.42,4.00,2.95,0.96,132130.24,4.84,411,302,25339.54,Enzyme
1vmf_1,A,3,C3,Q9K772,1.46,145,Halalkalibacterium halodurans (strain ATCC BAA-125 / DSM 18197 / FERM 7344 / JCM 9153 / C-125) (Bacillus halodurans),895,726,1.69,0.39,285,4.13,3.39,4.13,2.88,1.05,66720.78,6.15,113,103,8707.99,Other
1vmh_1,A,3,C3,Q97KL0,1.31,144,Clostridium acetobutylicum (strain ATCC 824 / DSM 792 / JCM 1419 / IAM 19013 / LMG 5710 / NBRC 13948 / NRRL B-527 / VKM B-1787 / 2291 / W),848,685,1.97,0.38,267,3.93,3.18,3.93,2.63,0.92,57901.66,5.28,114,99,8011.42,Other
1vmj_1,A,3,C3,Q9WZI2,1.52,151,Thermotoga maritima (strain ATCC 43589 / DSM 3109 / JCM 10099 / NBRC 100826 / MSB8),886,710,1.88,0.42,282,4.13,3.24,4.13,2.75,0.45,67118.88,5.71,126,119,10475.39,Other
1vmk_1,A,3,C3,Q9X1T2,2,277,Thermotoga maritima (strain ATCC 43589 / DSM 3109 / JCM 10099 / NBRC 100826 / MSB8),1016,1002,3.18,0.54,503,4.00,3.35,4.00,2.97,1.57,110253.47,4.44,351,246,19749.88,Enzyme
1vph_1,A,3,C3,Q97VS8,1.764,149,Saccharolobus solfataricus (strain ATCC 35092 / DSM 1617 / JCM 11322 / P2) (Sulfolobus solfataricus),879,718,1.84,0.42,301,4.09,3.32,4.09,2.88,1.74,64678.59,6.00,119,98,9062.26,Other
1w99_1,A,3,C3,P05519,1.75,558,Bacillus thuringiensis subsp. israelensis,60,154,3.41,0.55,1182,3.87,3.16,3.87,2.65,0.29,257891.81,8.02,879,639,51135.18,Enzyme
1wa3_2,D,3,C3,Q9WXS1,1.9,205,Thermotoga maritima (strain ATCC 43589 / DSM 3109 / JCM 10099 / NBRC 100826 / MSB8),1110,1635,3.13,0.63,453,4.26,3.69,4.26,3.31,2.09,88422.97,3.77,277,226,18806.35,Other
1wbh_1,A,3,C3,P0A955,1.55,214,Escherichia coli,1008,1307,3.06,0.60,429,4.11,3.51,4.11,3.08,1.91,98676.58,3.51,302,228,19782.14,Other
1woz_1,A,3,C3,Q970Z7,1.94,177,Sulfurisphaera tokodaii (strain DSM 16993 / JCM 10545 / NBRC 100140 / 7) (Sulfolobus tokodaii),792,1364,2.33,0.50,372,4.18,3.63,4.18,3.27,1.29,74278.98,5.28,173,141,12927.93,Enzyme
1wru_1,A,3,C3,P08558,2.08,379,Escherichia phage Mu (Bacteriophage Mu),541,307,3.13,0.57,594,3.82,3.02,3.82,2.51,0.97,142838.46,5.84,447,345,28034.69,Other
1wvt_1,A,3,C3,Q96YJ2,2.3,172,Sulfurisphaera tokodaii (strain DSM 16993 / JCM 10545 / NBRC 100140 / 7) (Sulfolobus tokodaii),488,1362,2.36,0.64,378,4.18,3.76,4.18,3.46,2.14,66953.94,5.07,158,152,14182.35,Enzyme
1wy1_1,A,3,C3,O58404,1.8,172,Pyrococcus horikoshii (strain ATCC 700860 / DSM 12428 / JCM 9974 / NBRC 100139 / OT-3),175,1372,2.51,0.54,345,4.14,3.79,4.14,3.45,2.01,66866.40,4.36,168,143,12285.28,Enzyme
1x25_3,B,3,C3,Q973T6,2,128,Sulfurisphaera tokodaii (strain DSM 16993 / JCM 10545 / NBRC 100140 / 7) (Sulfolobus tokodaii),845,3903,1.99,0.45,255,3.96,3.24,3.96,2.79,1.54,57388.95,4.78,114,105,9209.96,Other
1xat_1,A,3,C3,P26841,3.2,212,Pseudomonas aeruginosa (strain ATCC 15692 / DSM 22644 / CIP 104116 / JCM 14847 / LMG 12228 / 1C / PRS 101 / PAO1),490,349,2.04,0.48,384,3.75,3.00,3.75,2.50,0.71,88174.56,7.97,180,193,14156.09,Enzyme
1xhd_2,A,3,C3,Q816R4,1.9,173,Bacillus cereus (strain ATCC 14579 / DSM 31 / CCUG 7414 / JCM 2152 / NBRC 15305 / NCIMB 9373 / NCTC 2599 / NRRL B-3711),991,1793,2.62,0.51,396,4.09,3.31,4.09,2.81,1.49,76613.38,4.87,201,170,13661.45,Enzyme
1xrg_1,A,3,C3,48859893,2.1,156,Acetivibrio thermocellus,848,402,2.04,0.50,230,3.97,3.27,3.97,2.81,1.57,57254.88,4.47,117,105,9030.72,Other
1xx4_1,A,3,C3,P23965,2.2,261,Rattus norvegicus (Rat),613,3619,3.04,0.56,618,4.12,3.52,4.12,3.06,1.19,114445.14,5.64,348,277,22272,Enzyme
1yc9_1,A,3,C3,Q9KS51,1.8,442,Vibrio cholerae serotype O1 (strain ATCC 39315 / El Tor Inaba N16961),883,4255,2.30,0.50,996,3.93,3.48,3.93,3.14,1.24,179045.88,16.35,411,399,31602.12,Transport
1yox_1,A,3,C3,Q9HXU4,2.3,250,Pseudomonas aeruginosa (strain ATCC 15692 / DSM 22644 / CIP 104116 / JCM 14847 / LMG 12228 / 1C / PRS 101 / PAO1),331,557,2.55,0.56,354,4.25,3.43,4.25,2.87,1.40,83601.54,6.88,213,179,15395.07,Other
1yqq_2,A,3,C3,P45563,2.6,277,Escherichia coli (strain K12),1115,954,3.40,0.53,523,3.99,3.18,3.99,2.71,1.34,119285.41,4.65,405,263,20896.98,Enzyme
1yvs_1,A,3,C3,P00648,2.2,110,Bacillus amyloliquefaciens (Bacillus velezensis),55,352,0.66,0.44,171,3.42,2.73,3.42,2.26,-0.06,49827.15,7.74,33,93,7852.71,Enzyme
1zoi_1,A,3,C3,Q3HWU8,1.6,276,Pseudomonas putida (Arthrobacter siderocapsulatus),961,6367,3.43,0.49,565,4.27,3.67,4.27,3.27,0.56,123495.40,5.17,424,267,20227.84,Other
1zpe_4,A,3,C3,P07824,1.7,314,Rattus norvegicus (Rat),954,1731,3.52,0.51,677,4.19,3.50,4.19,3.07,1.10,140787.34,8.30,496,283,23899.34,Enzyme
2a7k_3,G,3,C3,Q9XB60,2.1,250,Pectobacterium carotovorum subsp. carotovorum (Erwinia carotovora subsp. carotovora),953,6207,2.94,0.51,519,4.25,3.68,4.25,3.30,1.23,101353.01,5.63,298,222,17122.57,Enzyme
2aal_1,A,3,C3,10637971,1.6,131,Pseudomonas pavonaceae,733,288,1.45,0.32,278,3.95,3.36,3.95,2.97,1.69,62231.18,5.35,90,92,6580.35,Other
2aeb_2,B,3,C3,P05089,1.29,322,Homo sapiens (Human),886,1730,2.75,0.38,636,4.17,3.45,4.17,3.56,1.07,185531.21,6.23,510,303,24484.51,Enzyme
2ah6_1,A,3,C3,Q9KCH6,1.6,208,Halalkalibacterium halodurans (strain ATCC BAA-125 / DSM 18197 / FERM 7344 / JCM 9153 / C-125) (Bacillus halodurans),572,1054,2.24,0.56,364,4.21,3.72,4.21,3.39,1.33,78012.14,5.10,175,160,13860.04,Enzyme
2ai2_2,A,3,C3,P55859,1.7,289,Bos taurus (Bovine),966,1073,3.38,0.64,543,3.75,3.07,3.75,2.55,1.20,122807.14,4.07,415,356,28300.51,Enzyme
2b2h_1,A,3,C3,O29285,1.54,399,Archaeoglobus fulgidus (strain ATCC 49558 / DSM 4304 / JCM 9628 / NBRC 100126 / VC-16),701,1493,3.75,0.34,1007,4.59,3.95,4.59,3.49,1.07,165732.81,6.65,621,249,19537.5,Transport
2b33_3,B,3,C3,Q9WY58,2.12,140,Thermotoga maritima (strain ATCC 43589 / DSM 3109 / JCM 10099 / NBRC 100826 / MSB8),853,2745,2.17,0.42,228,3.83,3.08,3.83,2.63,1.36,55198.01,4.64,120,90,8011.43,Binding
2bi0_1,A,3,C3,P96398,1.9,337,Mycobacterium tuberculosis (strain CDC 1551 / Oshkosh),538,37,3.27,0.49,600,3.79,3.02,3.79,2.53,0.86,143280.75,6.28,468,304,24879.07,Other
2bt9_1,A,3,C3,Q8XXK6,0.94,90,Ralstonia nicotianae (strain ATCC BAA-1114 / GMI1000) (Ralstonia solanacearum),8,25,1.34,0.38,144,3.67,2.88,3.67,2.29,0.45,47067.60,4.42,63,69,5904.78,Binding
2c5q_2,D,3,C3,P40011,1.7,240,Saccharomyces cerevisiae (strain ATCC 204508 / S288c) (Baker's yeast),950,269,2.54,0.43,455,4.20,3.48,4.20,3.04,1.28,112433.10,7.17,286,192,16250.33,Enzyme
2cu5_1,A,3,C3,Q5SHL7,1.84,129,Thermus thermophilus (strain ATCC 27634 / DSM 579 / HB8),824,678,1.78,0.43,239,4.01,3.35,4.01,2.89,1.22,59450.14,5.58,106,95,8663.96,Other
2cv6_1,A,3,C3,Q198W5,2.61,424,Vigna radiata (Mung bean),260,228,2.53,0.43,711,4.00,3.06,4.00,2.47,0.80,166180.85,9.01,420,261,24023.91,Other
2cvl_1,A,3,C3,Q5SM06,1.65,124,Thermus thermophilus (strain ATCC 27634 / DSM 579 / HB8),755,4291,2.08,0.52,219,4.06,3.37,4.06,2.86,1.43,56781.36,4.13,118,111,9628.26,Other
2cwj_2,A,3,C3,5105186,3.6,123,Aeropyrum pernix K1,680,4030,1.93,0.56,162,3.54,2.68,3.54,2.28,1.66,49619.78,4.04,96,118,9220.18,Other
2d39_1,A,3,C3,O00602,1.9,237,Homo sapiens (Human),220,2907,2.88,0.57,416,3.97,3.29,3.97,2.87,0.07,95956.69,4.77,276,245,18624.33,Enzyme
2dg1_7,A,3,C3,Q9S0S3,1.72,333,Staphylococcus aureus,846,86,3.22,0.41,650,4.29,3.31,4.29,2.76,0.72,156998.52,4.93,506,264,21480.65,Enzyme
2dhh_1,A,3,C3,P31224,2.8,1053,Escherichia coli (strain K12),858,4214,3.58,0.52,1770,4.82,4.06,4.82,3.64,1.24,436689.96,14.60,1563,979,76389.5,Transport
2dj6_1,A,3,C3,3257041,2.1,115,Pyrococcus horikoshii OT3,240,552,1.84,0.62,213,4.11,3.27,4.11,2.83,2.14,53674.65,4.75,99,115,10553.67,Other
2dt4_1,A,3,C3,O58532,1.6,143,Pyrococcus horikoshii (strain ATCC 700860 / DSM 12428 / JCM 9974 / NBRC 100139 / OT-3),858,719,0.99,0.38,282,3.81,2.92,3.81,2.43,2.49,66527.07,4.92,66,102,8989.46,Other
2dyy_4,J,3,C3,O58584,2.6,126,Pyrococcus horikoshii (strain ATCC 700860 / DSM 12428 / JCM 9974 / NBRC 100139 / OT-3),842,5338,1.97,0.51,205,4.20,3.55,4.20,3.06,1.54,53373.18,4.57,105,110,9284.12,Other
2e2a_1,A,3,C3,P23532,2.1,105,Lactococcus lactis subsp. lactis (Streptococcus lactis),654,548,1.41,0.47,278,4.13,3.86,4.13,3.70,2.36,46050.30,6.45,65,101,7397.37,Enzyme
2ef0_2,A,3,C3,Q5SJ15,2,301,Thermus thermophilus (strain ATCC 27634 / DSM 579 / HB8),900,1336,3.39,0.54,654,4.02,3.29,4.02,2.90,1.13,127455.50,6.18,432,273,23893.48,Enzyme
2eg2_1,A,3,C3,O66513,1.72,112,Aquifex aeolicus (strain VF5),576,809,1.25,0.34,174,3.84,3.08,3.84,2.59,1.67,43264.07,5.11,54,57,5295.17,Enzyme
2ej5_1,A,3,C3,Q5KYB3,2,257,Geobacillus kaustophilus (strain HTA426),1102,11676,2.40,0.51,555,4.16,3.50,4.16,3.05,1.27,111010.36,7.02,266,226,20104.47,Other
2f4n_1,A,3,C3,Q59045,2.36,273,Methanocaldococcus jannaschii (strain ATCC 43067 / DSM 2661 / JAL-1 / JCM 10045 / NBRC 100440) (Methanococcus jannaschii),621,1156,2.93,0.62,429,3.98,3.29,3.98,2.82,1.38,104030.69,5.12,305,233,21276.86,Enzyme
2fb6_2,A,3,C3,29338729,1.46,117,Bacteroides thetaiotaomicron VPI-5482,303,80,2.15,0.51,252,4.04,3.43,4.04,3.03,1.55,52946.13,4.37,114,111,9748.24,Other
2fgq_1,X,3,C3,P24305,1.45,332,Delftia acidovorans (Pseudomonas acidovorans) (Comamonas acidovorans),400,1841,2.88,0.52,750,3.93,2.96,3.93,2.39,-0.27,142512.16,6.91,411,372,26738.17,Transport
2fvh_1,A,3,C3,P0A676,1.75,120,Mycobacterium tuberculosis,151,170,1.92,0.71,218,3.95,3.52,3.95,3.16,2.35,44874.63,4.25,86,129,10753.44,Other
2fw2_2,D,3,C3,Q9Y6F7,2.2,260,Homo sapiens (Human),781,5812,2.86,0.57,554,4.37,3.79,4.37,3.40,1.39,115539.65,6.04,330,249,22038.93,Enzyme
2gdg_1,A,3,C3,P34884,1.45,114,Mus musculus (Mouse),684,636,1.23,0.37,218,4.11,3.32,4.11,2.89,1.60,55416.29,4.57,68,92,6822.98,Enzyme
2ggo_2,A,3,C3,15621447,1.8,401,Sulfurisphaera tokodaii,987,2154,3.48,0.57,770,4.04,3.20,4.04,2.52,1.41,178581.04,5.46,621,423,35250.23,Other
2gtr_1,A,3,C3,Q9Y232,1.9,261,Homo sapiens (Human),772,5996,2.78,0.52,557,4.42,3.73,4.42,3.33,1.22,118657.02,5.85,330,241,21249.57,Enzyme
2gvh_1,A,3,C3,15159470,2.5,288,Agrobacterium fabrum str. C58,388,467,2.73,0.58,436,3.91,3.01,3.91,2.49,1.05,101615.64,5.48,277,246,19488.56,Other
2gw8_1,A,3,C3,Q8KUI8,1.85,114,Neisseria meningitidis,455,800,1.49,0.48,174,3.53,2.72,3.53,2.23,2.04,44284.80,5.38,66,78,7701.92,Regulatory
2h2j_4,A,3,C3,Q43088,2.4,440,Pisum sativum (Garden pea) (Lathyrus oleraceus),547,341,2.68,0.69,874,4.01,3.41,4.01,3.02,1.04,203761.92,10.44,546,532,45787.66,Enzyme
2h6l_1,A,3,C3,O30132,2,146,Archaeoglobus fulgidus (strain ATCC 49558 / DSM 4304 / JCM 9628 / NBRC 100126 / VC-16),896,698,1.15,0.41,265,3.88,2.98,3.88,2.54,1.89,65887.04,4.85,76,100,9061.29,Binding
2hx0_1,A,3,C3,Q57K43,1.55,154,Salmonella choleraesuis (strain SC-B67),406,243,1.39,0.39,285,3.87,2.96,3.87,2.35,2.07,60342.29,5.10,84,111,8365.02,Regulatory
2ig8_1,A,3,C3,Q9HYB0,1.9,144,Pseudomonas aeruginosa (strain ATCC 15692 / DSM 22644 / CIP 104116 / JCM 14847 / LMG 12228 / 1C / PRS 101 / PAO1),797,531,2.08,0.43,262,4.01,3.36,4.01,2.91,1.59,66299.06,5.15,138,116,9376.72,Other
2iu8_1,A,3,C3,P0CD76,2.2,374,Chlamydia trachomatis,1007,1429,2.26,0.49,714,4.12,3.50,4.12,3.05,1.71,156969.26,11.02,355,290,25970.41,Other
2j1g_1,A,3,C3,Q15485,1.95,218,Homo sapiens,160,4009,2.97,0.58,409,4.32,3.60,4.32,3.09,0.04,102360.87,4.78,304,234,17889.46,Other
2j5z_1,A,3,C3,O75636,1.7,221,Homo sapiens (Human),253,3817,3.04,0.53,469,4.17,3.46,4.17,2.94,0.27,101049.23,3.87,307,242,18396.36,Enzyme
2j9c_1,A,3,C3,Q60381,1.2,119,Methanocaldococcus jannaschii,817,754,1.08,0.35,191,3.93,3.24,3.93,2.78,0.96,60193.77,5.99,65,79,7127.54,Other
2jaf_1,A,3,C3,B0R2U4,1.6,274,Halobacterium salinarum (strain ATCC 29341 / DSM 671 / R1),367,82,3.19,0.47,617,4.17,3.67,4.17,3.24,0.97,105207.21,5.38,336,226,17149.93,Transport
2mpr_1,A,3,C3,P26466,2.4,427,Salmonella typhimurium (strain LT2 / SGSC1412 / ATCC 700720),109,269,2.65,0.51,897,3.98,3.10,3.98,2.53,-0.53,197005.36,7.98,523,442,33191.53,Transport
2nuh_2,A,3,C3,Q9PFN8,1.39,118,Xylella fastidiosa (strain 9a5c),823,2029,1.27,0.40,216,3.96,3.27,3.96,2.81,1.58,47158.75,5.03,60,81,6761.39,Binding
2o4v_1,A,3,C3,P05695,1.94,411,Pseudomonas aeruginosa (strain ATCC 15692 / DSM 22644 / CIP 104116 / JCM 14847 / LMG 12228 / 1C / PRS 101 / PAO1),337,718,2.82,0.48,881,4.12,3.18,4.12,2.65,-0.38,189470.00,8.04,535,404,30847.74,Transport
2ol1_1,A,3,C3,29692147,1.8,147,Orthopoxvirus vaccinia,323,1745,1.55,0.35,171,3.90,3.26,3.90,2.74,1.86,59316.74,6.77,92,83,6794.18,Other
2os5_2,B,3,C3,A4GRE3,1.6,119,Ancylostoma ceylanicum,665,428,1.54,0.42,217,4.04,3.31,4.04,2.84,1.48,54025.29,5.13,83,90,7583.56,Signalling
2otm_1,A,3,C3,Q8EFL1,1.85,154,Shewanella oneidensis (strain ATCC 700550 / JCM 31522 / CIP 106686 / LMG 19005 / NCIMB 14063 / MR-1),1017,655,2.22,0.44,301,4.17,3.34,4.17,2.99,1.48,71246.03,4.40,158,139,10464.39,Enzyme
2p2o_1,A,3,C3,Q75TD0,1.74,185,Geobacillus kaustophilus,914,1814,2.14,0.47,390,4.14,3.46,4.14,3.01,1.53,89080.11,5.97,191,174,14085.25,Enzyme
2p4s_1,A,3,C3,A4Q998,2.2,373,Anopheles gambiae (African malaria mosquito),994,19,3.17,0.51,554,4.18,3.58,4.18,3.07,1.29,128986.43,5.34,409,252,21953.07,Enzyme
2p6c_3,B,3,C3,O67812,2,137,Aquifex aeolicus (strain VF5),905,917,1.80,0.42,297,4.08,3.26,4.08,2.75,0.78,65176.67,6.21,117,102,9632.47,Other
2p6h_3,B,3,C3,Q9YBS9,1.95,134,Aeropyrum pernix (strain ATCC 700893 / DSM 11879 / JCM 9820 / NBRC 100138 / K1),864,775,2.00,0.39,288,3.87,3.04,3.87,2.53,1.38,59939.24,5.78,120,102,8265.49,Other
2p6y_1,A,3,C3,Q9KM02,1.63,142,Vibrio cholerae serotype O1 (strain ATCC 39315 / El Tor Inaba N16961),501,440,1.44,0.44,249,3.84,2.79,3.84,2.34,1.96,59044.86,4.65,85,110,9245.05,Binding
2p90_1,A,3,C3,Q8NP93,2.35,319,Corynebacterium glutamicum (strain ATCC 13032 / DSM 20300 / JCM 1318 / BCRC 11384 / CCUG 27702 / LMG 3730 / NBRC 12168 / NCIMB 10025 / NRRL B-2784 / 534),768,418,2.81,0.66,528,4.01,3.38,4.01,3.03,1.35,121173.64,7.41,340,303,26907.56,Other
2pbq_1,A,3,C3,O66472,1.7,178,Aquifex aeolicus (strain VF5),492,1060,2.87,0.52,351,4.01,3.35,4.01,3.02,1.39,81124.68,4.60,233,159,14479.59,Enzyme
2pcn_1,A,3,C3,Q5KYY8,1.9,161,Geobacillus kaustophilus (strain HTA426),371,537,3.19,0.59,300,3.87,3.02,3.87,2.53,1.89,70568.90,4.41,225,183,15451.15,Enzyme
2pd2_2,B,3,C3,Q976P3,2.06,108,Sulfurisphaera tokodaii (strain DSM 16993 / JCM 10545 / NBRC 100140 / 7) (Sulfolobus tokodaii),390,434,2.23,0.62,252,3.90,3.19,3.90,2.73,2.46,48352.24,3.90,108,114,10398.83,Other
2pii_1,A,3,C3,P0A9Z1,1.9,112,Escherichia coli (strain K12),830,791,0.84,0.44,189,3.52,2.70,3.52,2.22,1.40,53352.30,5.64,45,102,9204.06,Enzyme
2pmp_1,A,3,C3,Q9CAK8,2.3,160,Arabidopsis thaliana (Mouse-ear cress),485,1069,2.51,0.49,312,3.87,3.05,3.87,2.58,1.86,69668.04,5.12,175,132,11789.39,Enzyme
2por_1,A,3,C3,P31243,1.8,301,Rhodobacter capsulatus (Rhodopseudomonas capsulata),115,114,2.39,0.55,678,3.67,2.72,3.67,2.28,0.12,129215.04,7.00,309,360,25936.05,Transport
2q01_1,A,3,C3,Q9A874,2.34,497,Caulobacter vibrioides (strain ATCC 19089 / CIP 103742 / CB 15) (Caulobacter crescentus),830,159,3.27,0.45,884,4.32,3.70,4.32,3.21,0.59,221853.59,6.19,726,416,33099.86,Enzyme
2q0t_1,A,3,C3,Q13LR5,1.7,263,Paraburkholderia xenovorans (strain LB400),212,150,1.96,0.36,616,4.36,3.85,4.36,3.54,0.16,124038.55,7.97,243,196,15237.24,Enzyme
2q35_1,A,3,C3,Q6DNE7,1.65,243,Lyngbya majuscula,866,5522,2.88,0.53,555,4.13,3.45,4.13,3.05,1.56,110541.35,6.22,318,249,21319.93,Enzyme
2qee_4,J,3,C3,Q9KFI6,1.65,437,Halalkalibacterium halodurans (strain ATCC BAA-125 / DSM 18197 / FERM 7344 / JCM 9153 / C-125) (Bacillus halodurans),352,72,2.90,0.43,944,4.37,3.79,4.37,3.39,0.95,206808.26,6.86,600,355,29351.6,Binding
2qg8_1,A,3,C3,Q7RB63,2,163,Plasmodium yoelii yoelii,937,384,2.26,0.62,309,3.78,3.15,3.78,2.67,1.81,62259.81,5.35,141,144,13508.41,Enzyme
2qpx_1,A,3,C3,Q03BX7,1.4,376,Lacticaseibacillus paracasei (strain ATCC 334 / BCRC 17002 / CCUG 31169 / CIP 107868 / KCTC 3260 / NRRL B-441) (Lactobacillus paracasei),647,157,3.01,0.46,777,4.28,3.67,4.28,3.17,1.03,176629.02,5.47,532,359,29512.63,Enzyme
2qs7_2,D,3,C3,Q97Z17,2.09,144,Saccharolobus solfataricus (strain ATCC 35092 / DSM 1617 / JCM 11322 / P2) (Sulfolobus solfataricus),616,332,1.83,0.57,279,3.88,3.28,3.88,2.83,1.88,60556.03,5.31,111,132,11678.08,Other
2rfr_1,A,3,C3,A4XF70,1.16,155,Novosphingobium aromaticivorans (strain ATCC 700278 / DSM 12444 / CCUG 56034 / CIP 105152 / NBRC 16084 / F199),724,284,2.02,0.46,432,3.81,3.21,3.81,2.82,0.70,68334.35,6.98,138,144,11577.18,Other
2rgq_1,A,3,C3,Not Found,1.8,144,Nostoc punctiforme PCC 73102,560,193,1.86,0.48,266,3.95,3.38,3.95,2.95,1.49,65764.06,5.00,122,133,10517.23,Other
2uuh_1,A,3,C3,Q16873,1.51,156,Homo sapiens,405,85,1.61,0.57,381,3.92,3.42,3.92,3.15,1.51,70899.77,6.40,114,162,14976.14,Other
2uyn_1,A,3,C3,P0AGL2,1.6,129,Escherichia coli (strain K12),818,3882,2.00,0.47,242,4.01,3.34,4.01,3.00,1.86,60113.84,4.45,120,113,9344.7,Enzyme
2uyn_1,A,3,C3,P0AGL2,1.6,129,Escherichia coli (strain K12),818,3882,2.00,0.47,242,4.01,3.34,4.01,3.00,1.86,60113.84,4.45,120,113,9344.7,Enzyme
2uzh_1,A,3,C3,A0R559,2.2,165,Mycolicibacterium smegmatis,491,1008,2.31,0.56,310,3.92,3.35,3.92,2.98,2.18,67036.20,4.83,155,148,12285.74,Other
2v0h_1,A,3,C3,P43889,1.8,456,Haemophilus influenzae (strain ATCC 51907 / DSM 11121 / KW20 / Rd),1161,1251,2.82,0.50,896,3.89,3.10,3.89,2.56,1.62,198465.76,9.62,559,441,35754.39,Enzyme
2v82_1,A,3,C3,Q6BF16,2.1,212,Escherichia coli (strain K12),1044,1088,3.55,0.66,444,3.96,3.30,3.96,2.84,1.55,85368.80,3.39,303,216,19166.69,Enzyme
2vnl_1,A,3,C3,P12528,1.8,151,Salmonella phage P22 (Bacteriophage P22),10,134,0.81,0.45,285,3.43,2.76,3.43,2.39,0.19,66909.03,11.84,54,123,10798.94,Enzyme
2vx2_3,G,3,C3,Q96DC8,2.3,287,Homo sapiens (Human),1026,7288,2.46,0.47,546,4.25,3.60,4.25,3.15,1.20,102062.21,7.63,251,200,15698.5,Other
2wam_2,A,3,C3,Not Found,2.6,351,Mycobacterium tuberculosis H37Rv,817,272,2.69,0.65,568,3.89,3.24,3.89,2.84,1.52,126035.36,7.37,339,344,28419.11,Other
2was_1,A,3,C3,P19097,1.9,122,Saccharomyces cerevisiae (strain ATCC 204508 / S288c) (Baker's yeast),775,1503,2.38,0.69,250,3.71,3.09,3.71,2.73,1.00,48659.00,4.16,116,136,10984.3,Enzyme
2was_1,A,3,C3,P19097,1.9,122,Saccharomyces cerevisiae (strain ATCC 204508 / S288c) (Baker's yeast),775,1503,2.38,0.69,250,3.71,3.09,3.71,2.73,1.00,48659.00,4.16,116,136,10984.3,Enzyme
2wds_1,A,3,C3,O86785,1.35,143,Streptomyces coelicolor,908,1269,2.02,0.55,261,3.66,2.94,3.66,2.56,1.48,53564.77,4.36,108,150,11452.74,Other
2wkb_1,D,3,C3,Q4YQW0,1.78,125,Plasmodium berghei ANKA,538,351,1.36,0.39,213,3.94,3.43,3.94,3.14,2.14,53539.08,5.28,73,85,6822.69,Other
2wlg_1,A,3,C3,Q93S40,1.9,215,Neisseria meningitidis,368,591,2.31,0.56,423,4.00,3.17,4.00,2.78,1.87,97688.63,6.69,226,235,18798.46,Enzyme
2wr8_1,A,3,C3,O58212,1.77,259,Pyrococcus horikoshii OT3,1145,1366,3.00,0.51,481,4.16,3.31,4.16,2.70,1.52,115905.96,5.91,348,207,20340.74,Other
2wsw_1,A,3,C3,C2LLR0,2.3,509,Proteus mirabilis,953,722,3.67,0.61,1170,4.12,3.59,4.12,3.19,1.30,228211.61,4.94,837,579,47329.88,Other
2xcz_1,A,3,C3,Q7V867,1.63,115,Prochlorococcus marinus (strain MIT 9313),618,644,1.39,0.33,216,4.04,3.24,4.04,2.86,2.65,49750.16,5.07,69,84,5932.35,Enzyme
2xgf_1,A,3,C3,P03744,2.2,242,Enterobacteria phage T4 (Bacteriophage T4),14,360,0.25,0.13,106,3.25,2.69,3.25,2.19,2.79,95884.03,30.06,24,54,4073.08,Signalling
2y2w_2,B,3,C3,Q841V6,2.5,574,Bifidobacterium longum,804,197,3.80,0.53,952,4.35,3.71,4.35,3.26,0.66,225456.73,5.55,856,487,39261.97,Enzyme
2yfk_2,B,3,C3,C7YCV8,2.55,418,Enterococcus faecalis,919,179,3.48,0.54,837,4.08,3.38,4.08,2.88,0.73,168189.83,6.46,585,366,30514.58,Other
2yo0_1,A,3,C3,P03069,2.8,322,Saccharomyces cerevisiae (strain ATCC 204508 / S288c) (Baker's yeast),9,1373,0.63,0.35,486,3.61,2.91,3.61,2.45,0.93,109793.94,20.89,69,153,12908.39,Enzyme
2yw3_1,A,3,C3,Q53W90,1.67,207,Thermus thermophilus (strain ATCC 27634 / DSM 579 / HB8),982,892,3.07,0.62,411,4.09,3.44,4.09,3.08,2.02,87751.75,3.72,269,214,17934.52,Enzyme
2yzj_1,A,3,C3,Q970G0,1.6,169,Sulfurisphaera tokodaii,458,149,1.77,0.28,265,4.17,3.28,4.17,2.68,1.18,75873.01,5.50,134,95,7090.26,Other
2z9i_1,A,3,C3,O53896,1.85,324,Mycobacterium tuberculosis (strain ATCC 25618 / H37Rv),116,6984,2.80,0.55,470,4.32,3.43,4.32,2.89,1.64,108190.46,6.22,303,263,20610.72,Enzyme
2zbv_1,A,3,C3,Q9WZC8,2.05,263,Thermotoga maritima (strain ATCC 43589 / DSM 3109 / JCM 10099 / NBRC 100826 / MSB8),1104,1367,2.85,0.52,510,4.11,3.36,4.11,2.82,1.69,118666.69,6.50,338,225,20818.77,Other
2zhy_1,A,3,C3,Q2SZ09,1.8,183,Burkholderia thailandensis (strain ATCC 700388 / DSM 13276 / CCUG 48851 / CIP 106301 / E264),438,1353,2.29,0.53,371,4.10,3.61,4.10,3.25,1.80,69800.24,4.25,160,152,11197.69,Enzyme
2zom_1,A,3,C3,Q109R6,3.02,113,Oryza sativa subsp. japonica (Rice),850,2292,1.51,0.51,196,4.07,3.55,4.07,3.12,0.96,47836.19,4.97,72,93,8089.94,Binding
2zvv_1,A,3,C3,Q9M7Q7,2,276,Arabidopsis thaliana (Mouse-ear cress),793,717,2.75,0.54,532,3.80,2.94,3.80,2.42,1.71,116563.16,4.78,321,249,20570,Enzyme
2zyl_1,A,3,C3,P71875,2.3,386,Mycobacterium tuberculosis (strain ATCC 25618 / H37Rv),943,474,2.86,0.64,627,3.78,3.00,3.78,2.46,0.47,165697.42,7.68,474,429,36434.44,Enzyme
3a76_1,A,3,C3,P51697,2.25,176,Sphingobium indicum (strain DSM 16413 / CCM 7287 / MTCC 6362 / UT26 / NBRC 101211 / UT26S) (Sphingobium japonicum),711,42,2.03,0.52,317,4.01,3.30,4.01,2.95,0.97,68986.50,6.70,140,147,11730.52,Enzyme
3ahp_2,D,3,C3,Not Found,2.7,108,Shewanella sp. SIB1,906,2179,1.48,0.46,182,4.01,3.30,4.01,2.83,1.58,47224.36,5.19,70,80,7176.68,Other
3ara_1,A,3,C3,P33316,1.7,164,Homo sapiens (Human),297,1293,1.35,0.29,182,3.95,3.09,3.95,2.54,1.99,62111.30,6.59,84,79,5960.08,Enzyme
3b64_1,A,3,C3,Q4Q413,1.03,112,Leishmania major,597,196,1.49,0.33,210,3.96,3.20,3.96,2.77,1.67,50439.38,4.95,75,78,5938.77,Enzyme
3b6n_1,A,3,C3,A5KBP6,2.26,187,Plasmodium vivax (strain Salvador I),456,799,2.40,0.59,312,3.90,3.11,3.90,2.73,2.26,63714.72,4.72,153,141,12713.65,Enzyme
3b8l_1,A,3,C3,A4XEN7,1.75,163,Novosphingobium aromaticivorans (strain ATCC 700278 / DSM 12444 / CCUG 56034 / CIP 105152 / NBRC 16084 / F199),486,153,2.00,0.56,328,3.85,3.22,3.85,2.81,1.59,69839.31,4.71,140,180,13182.99,Other
3b9w_1,A,3,C3,Q82X47,1.3,407,Nitrosomonas europaea (strain ATCC 19718 / CIP 103999 / KCTC 2705 / NBRC 14298),518,201,3.32,0.38,876,4.50,3.86,4.50,3.43,0.98,156198.66,6.20,519,273,21123.21,Transport
3bfp_1,A,3,C3,Q0P9D1,1.75,194,Campylobacter jejuni subsp. jejuni serotype O:2 (strain ATCC 700819 / NCTC 11168),899,1942,2.60,0.49,363,3.98,3.20,3.98,2.64,1.73,79550.04,6.10,207,165,13529.69,Enzyme
3bzq_1,A,3,C3,P64249,1.4,114,Mycobacterium tuberculosis H37Rv,377,773,1.38,0.38,177,3.62,2.91,3.62,2.51,1.72,43385.47,5.10,60,72,6024.53,Other
3bzw_3,D,3,C3,Q8A3J3,1.87,274,Bacteroides thetaiotaomicron (strain ATCC 29148 / DSM 2079 / JCM 5827 / CCUG 10774 / NCTC 10582 / VPI-5482 / E50),133,177,2.37,0.33,475,4.32,3.63,4.32,3.14,0.61,116646.30,7.80,276,173,13007.85,Other
3c19_1,A,3,C3,Q8TYK3,2.5,186,Methanopyrus kandleri (strain AV19 / DSM 6324 / JCM 9639 / NBRC 100938),43,230,1.60,0.63,300,3.72,3.02,3.72,2.53,2.02,77006.24,6.16,123,183,16196.88,Other
3c3i_2,B,3,C3,Q5I3E5,2.4,141,Paramecium bursaria Chlorella virus IL3A (PBCV-IL3A),442,1921,1.60,0.29,178,3.85,3.16,3.85,2.71,1.80,57013.43,5.89,91,66,5875.84,Enzyme
3c6v_1,A,3,C3,Q4WF74,1.85,161,Aspergillus fumigatus (strain ATCC MYA-4609 / CBS 101355 / FGSC A1100 / Af293) (Neosartorya fumigata),461,132,1.16,0.48,257,4.29,3.63,4.29,3.22,0.83,74422.17,4.98,86,135,11974.25,Other
3cdd_2,D,3,C3,Q8EDP4,2.1,361,Shewanella oneidensis (strain ATCC 700550 / JCM 31522 / CIP 106686 / LMG 19005 / NCIMB 14063 / MR-1),594,332,2.50,0.66,597,3.95,3.23,3.95,2.76,1.37,146598.31,6.88,366,396,32426.24,Other
3ci3_1,A,3,C3,Q50EJ2,1.11,194,Limosilactobacillus reuteri (Lactobacillus reuteri),976,1332,2.09,0.40,408,4.00,3.44,4.00,3.08,0.95,87549.87,6.57,183,147,12831.16,Enzyme
3cj8_1,A,3,C3,Q836H8,1.95,236,Enterococcus faecalis (strain ATCC 700802 / V583),130,176,2.14,0.61,406,3.87,3.13,3.87,2.61,2.29,97857.43,7.49,209,234,20037.12,Enzyme
3cqo_1,A,3,C3,Q2LK81,2.32,293,Morone saxatilis (Striped bass) (Perca saxatilis),299,2202,2.81,0.45,513,4.18,3.35,4.18,2.84,0.85,133891.40,8.90,376,273,19999,Binding
3csu_1,A,3,C3,P0A786,1.88,310,Escherichia coli (strain K12),883,1388,3.22,0.53,630,4.29,3.67,4.29,3.25,1.12,138414.36,5.38,446,290,23842.67,Enzyme
3d01_4,B,3,C3,A9CJ63,1.7,165,Agrobacterium fabrum (strain C58 / ATCC 33970) (Agrobacterium tumefaciens (strain C58)),1027,779,2.28,0.52,327,4.13,3.44,4.13,3.08,2.26,69595.04,4.73,159,140,12120.22,Enzyme
3d5k_1,A,3,C3,Q51487,2.4,474,Pseudomonas aeruginosa (strain ATCC 15692 / DSM 22644 / CIP 104116 / JCM 14847 / LMG 12228 / 1C / PRS 101 / PAO1),959,5368,2.42,0.49,974,4.05,3.60,4.05,3.25,0.75,202142.92,15.27,490,442,33243.42,Transport
3dc7_1,A,3,C3,Q88SR8,2.12,232,Lactiplantibacillus plantarum,257,268,3.21,0.44,412,4.33,3.81,4.33,3.34,0.70,92979.37,4.76,298,176,14054.16,Other
3dfe_2,A,3,C3,Q3M8P8,2.35,111,Trichormus variabilis (strain ATCC 29413 / PCC 7937) (Anabaena variabilis),7,72,1.65,0.55,161,3.73,3.05,3.73,2.57,2.25,34007.17,4.38,56,71,6318.41,Regulatory
3dho_1,A,3,C3,P50870,1.8,209,Enterococcus faecium (Streptococcus faecium),459,465,1.88,0.51,376,4.00,3.34,4.00,2.93,1.01,102672.86,7.50,193,202,17442.78,Enzyme
3dli_1,A,3,C3,O30190,2.46,240,Archaeoglobus fulgidus (strain ATCC 49558 / DSM 4304 / JCM 9628 / NBRC 100126 / VC-16),404,667,2.59,0.54,473,4.10,3.54,4.10,3.17,1.02,105050.33,7.52,272,219,18815.93,Enzyme
3dzv_1,A,3,C3,Q830K4,2.57,273,Enterococcus faecalis (strain ATCC 700802 / V583),919,679,3.35,0.55,564,4.06,3.42,4.06,3.00,1.19,114044.48,6.18,382,243,21349.2,Enzyme
3ef8_1,A,3,C3,Q2G8B5,1.5,150,Novosphingobium aromaticivorans (strain ATCC 700278 / DSM 12444 / CCUG 56034 / CIP 105152 / NBRC 16084 / F199),653,220,1.70,0.49,297,3.72,3.04,3.72,2.57,0.59,68850.67,5.23,117,153,12190.14,Other
3eg4_1,A,3,C3,Q8FV25,1.87,304,Brucella suis biovar 1 (strain 1330),302,72,2.75,0.45,558,3.91,3.20,3.91,2.64,1.35,121172.44,7.50,333,222,19200.05,Enzyme
3ejv_1,A,3,C3,Q2G4M1,1.4,179,Novosphingobium aromaticivorans (strain ATCC 700278 / DSM 12444 / CCUG 56034 / CIP 105152 / NBRC 16084 / F199),196,30,1.55,0.55,312,3.67,2.96,3.67,2.45,1.72,70507.49,6.44,109,171,14178.75,Other
3emo_1,C,3,C3,Q48152,3,162,Haemophilus influenzae,76,799,0.50,0.29,252,3.67,3.15,3.67,2.87,-0.37,48141.66,12.84,24,64,4690.06,Other
3f0d_2,D,3,C3,Q63T71,1.2,183,Burkholderia pseudomallei (strain K96243),465,961,2.34,0.42,300,4.06,3.31,4.06,2.99,2.05,66208.14,5.30,155,116,9833.63,Enzyme
3fdu_2,D,3,C3,A3M7S1,2,266,Acinetobacter baumannii ATCC 17978,789,9078,2.99,0.52,506,4.24,3.52,4.24,3.15,1.46,99106.28,5.24,296,203,17430.4,Other
3fob_1,A,3,C3,Q81NM3,1.74,281,Bacillus anthracis str. Ames,991,11891,3.29,0.46,576,4.40,3.70,4.40,3.23,0.87,132210.51,4.77,435,246,20360.88,Other
3fpi_1,A,3,C3,Q8ZBP7,2.8,165,Yersinia pestis,485,1062,2.34,0.50,318,3.94,3.16,3.94,2.75,1.70,68891.89,5.02,161,153,12264.21,Enzyme
3fro_1,A,3,C3,Q9V2J8,2.5,439,Pyrococcus abyssi (strain GE5 / Orsay),950,3204,3.67,0.62,894,4.25,3.61,4.25,3.22,1.33,197613.31,5.42,725,486,40739.08,Enzyme
3fs8_2,B,3,C3,Q6TFC6,1.7,273,Thermoanaerobacterium thermosaccharolyticum (Clostridium thermosaccharolyticum),314,464,2.22,0.41,522,4.06,3.21,4.06,2.70,1.58,118917.28,6.51,264,231,17622.11,Other
3fsy_2,D,3,C3,O05302,1.97,332,Mycobacterium tuberculosis H37Rv,185,39,2.73,0.49,594,3.95,3.10,3.95,2.51,1.39,126785.18,8.57,346,287,21718.31,Other
3fuc_1,A,3,C3,P55859,1.45,284,Bos taurus (Bovine),970,1084,2.96,0.48,634,4.10,3.46,4.10,3.01,1.23,128166.80,5.12,380,244,20547.2,Enzyme
3fwt_1,A,3,C3,Q4Q412,1.9,133,Leishmania major,639,256,1.56,0.45,219,3.86,3.16,3.86,2.72,1.57,51949.06,4.92,81,99,8202.19,Enzyme
3g5w_2,D,3,C3,Q82VX3,1.9,318,Nitrosomonas europaea (strain ATCC 19718 / CIP 103999 / KCTC 2705 / NBRC 14298),274,729,2.90,0.39,623,4.26,3.49,4.26,2.91,0.37,151966.78,6.82,441,235,19922.08,Enzyme
3gcf_4,J,3,C3,Q2HWI0,2.3,394,Nocardioides aromaticivorans,503,92,2.87,0.50,700,4.12,3.36,4.12,2.78,0.69,175059.29,7.10,502,378,29207.41,Enzyme
3gdc_1,A,3,C3,A0AW19,1.8,288,Arthrobacter sp. FB24,324,534,2.88,0.45,521,4.17,3.43,4.17,2.91,0.70,133597.17,5.95,385,265,20417.58,Other
3gdv_1,A,3,C3,P0AEE3,2.489,340,Escherichia coli (strain K12),330,6192,2.67,0.64,508,4.03,3.19,4.03,2.71,1.39,123448.56,7.86,329,304,26124.85,Enzyme
3gkb_1,A,3,C3,Q82QL3,1.8,287,Streptomyces avermitilis (strain ATCC 31267 / DSM 46492 / JCM 5070 / NBRC 14893 / NCIMB 12804 / NRRL 8165 / MA-4680),998,1233,2.82,0.56,598,4.10,3.58,4.10,3.11,1.25,124166.71,5.86,350,273,23170.98,Other
3gke_1,A,3,C3,Q5S3I3,1.75,349,Stenotrophomonas maltophilia (Pseudomonas maltophilia) (Xanthomonas maltophilia),835,524,2.80,0.54,671,4.11,3.37,4.11,2.99,0.78,156057.23,6.67,437,369,29530.45,Enzyme
3gkq_1,A,3,C3,Q2PFA6,2.1,389,Novosphingobium sp. (strain KA1) (Sphingomonas sp. (strain KA1)),532,108,2.70,0.50,716,4.15,3.35,4.15,2.85,0.62,182674.05,7.14,494,385,30147.3,Binding
3gll_1,A,3,C3,A7ZS61,2.7,549,Escherichia coli O139:H28 (strain E24377A / ETEC),581,684,3.33,0.65,843,3.74,2.93,3.74,2.44,1.28,203586.83,6.13,678,546,44602.51,Enzyme
3gme_1,A,3,C3,A7ZS61,2.4,549,Escherichia coli O139:H28 (strain E24377A / ETEC),553,684,3.08,0.59,837,4.01,3.25,4.01,2.72,1.30,208482.99,6.48,642,480,40649.09,Enzyme
3gos_1,A,3,C3,Q8ZH69,1.8,276,Yersinia pestis,329,78,2.58,0.50,560,4.19,3.58,4.19,3.19,1.67,121150.59,7.05,312,249,19783.86,Enzyme
3gqh_1,A,3,C3,B3VMP8,1.8,163,Salasvirus phi29,20,121,1.46,0.74,272,3.66,3.01,3.66,2.51,1.13,73524.15,5.66,107,209,18039.69,Other
3grf_1,A,3,C3,O76458,2,328,Giardia intestinalis (Giardia lamblia),1021,1203,3.35,0.54,636,4.11,3.48,4.11,3.04,1.04,136212.96,5.78,456,309,25915.19,Enzyme
3gs9_1,A,3,C3,Q8Y4Z4,1.7,342,Listeria monocytogenes serovar 1/2a (strain ATCC BAA-679 / EGD-e),38,150,2.29,0.63,553,3.69,2.93,3.69,2.48,1.04,145383.99,4.69,333,411,34421.03,Other
3gsd_1,A,3,C3,Q74XD3,2.05,122,Yersinia pestis,889,1532,1.17,0.41,230,3.91,3.35,3.91,2.84,1.66,52011.74,4.96,61,78,7250.37,Binding
3gtz_1,A,3,C3,Q8ZP08,2.5,124,Salmonella typhimurium (strain LT2 / SGSC1412 / ATCC 700720),741,740,1.80,0.45,216,4.10,3.49,4.10,3.01,1.31,49576.99,4.70,89,101,7559.95,Other
3gwm_1,A,3,C3,A0R1H6,1.7,129,Mycolicibacterium smegmatis (strain ATCC 700084 / mc(2)155) (Mycobacterium smegmatis),572,1419,1.56,0.43,240,3.60,2.98,3.60,3.04,1.47,79074.00,5.20,123,141,12105.74,Enzyme
3h6x_1,A,3,C3,Q8DVY3,1.7,148,Streptococcus mutans serotype c (strain ATCC 700610 / UA159),349,902,1.65,0.47,188,3.92,2.94,3.92,2.33,1.11,66198.87,5.08,109,122,10238.56,Enzyme
3hd5_1,A,3,NPS,Q7W2Q0,2.35,195,Bordetella parapertussis (strain 12822 / ATCC BAA-587 / NCTC 13253),510,1014,1.90,0.65,368,4.23,3.65,4.23,3.24,1.48,81147.99,6.93,154,209,17543.64,Enzyme
3hd6_1,A,3,C3,Q9UBD6,2.1,490,Homo sapiens (Human),811,204,3.04,0.37,960,4.64,3.98,4.64,3.50,0.80,180368.11,6.71,549,255,22759.52,Transport
3hfx_1,A,3,C3,P31553,3.15,504,Escherichia coli (strain K12),930,728,3.52,0.64,1077,3.96,3.43,3.96,3.04,1.32,221889.13,4.97,780,582,47621.14,Enzyme
3hi8_2,D,3,C3,Not Found,3.2,247,Haloferax volcanii,757,590,3.09,0.74,255,3.34,2.61,3.34,2.12,1.48,104391.62,5.47,323,322,25886,Other
3hp0_7,C,3,C3,P40805,2.32,267,Bacillus subtilis (strain 168),1029,1095,2.66,0.56,494,4.34,3.69,4.34,3.29,1.39,110389.13,6.17,294,257,21277.84,Enzyme
3hpd_1,A,3,C3,O58877,1.85,265,Pyrococcus horikoshii (strain ATCC 700860 / DSM 12428 / JCM 9974 / NBRC 100139 / OT-3),930,775,3.47,0.46,582,4.24,3.58,4.24,3.18,1.56,111853.55,5.91,388,215,18065.35,Enzyme
3hrx_2,D,3,C3,Q5SLK3,1.85,254,Thermus thermophilus (strain ATCC 27634 / DSM 579 / HB8),1079,11833,2.32,0.46,561,4.32,3.66,4.32,3.28,1.64,115100.26,7.52,267,219,17751.93,Other
3htn_1,A,3,C3,Q8A8Q1,1.5,149,Bacteroides thetaiotaomicron (strain ATCC 29148 / DSM 2079 / JCM 5827 / CCUG 10774 / NCTC 10582 / VPI-5482 / E50),856,587,1.42,0.41,339,3.99,3.03,3.99,2.55,1.68,71994.35,4.88,102,113,10035.57,Binding
3hyk_1,A,3,C3,Q81JG3,2.31,122,Bacillus anthracis,775,1876,1.76,0.59,257,3.76,3.07,3.76,2.68,1.26,56835.19,5.01,100,122,11412.38,Enzyme
3hza_1,A,3,C3,P0A552,1.2,174,Mycobacterium tuberculosis,764,971,0.97,0.26,258,3.62,2.75,3.62,2.15,1.92,68364.34,5.65,66,75,6572.65,Other
3i3a_2,B,3,C3,Q8EZA6,2.1,259,Leptospira interrogans serogroup Icterohaemorrhagiae serovar Lai (strain 56601),977,916,2.88,0.60,567,4.05,3.24,4.05,2.74,1.28,113599.68,5.79,327,294,23729.6,Enzyme
3i3f_1,A,3,C3,A8BD71,1.35,141,Giardia lamblia ATCC 50803,760,136,1.88,0.40,247,3.97,3.24,3.97,2.79,1.96,62228.33,5.19,117,110,8453.32,Other
3i7t_1,A,3,C3,O07205,1.93,149,Mycobacterium tuberculosis (strain CDC 1551 / Oshkosh),768,264,1.69,0.41,228,3.97,3.10,3.97,2.63,2.01,49710.82,4.74,84,88,7065.73,Other
3ia2_1,A,3,C3,P22862,1.65,271,Pseudomonas fluorescens,1011,11267,3.35,0.48,586,4.22,3.51,4.22,3.06,1.02,130935.61,4.61,438,249,20781.59,Enzyme
3iac_1,A,3,C3,Q8ZM23,2.22,473,Salmonella typhimurium (strain LT2 / SGSC1412 / ATCC 700720),682,168,2.95,0.42,946,4.31,3.72,4.31,3.29,0.59,227271.91,6.62,671,394,32126.86,Enzyme
3ivl_3,B,3,C3,Q7W521,2.1,208,Bordetella parapertussis (strain 12822 / ATCC BAA-587 / NCTC 13253),74,764,2.46,0.73,333,3.62,2.90,3.62,2.46,1.11,75747.41,6.44,186,222,18726.92,Enzyme
3ixc_1,A,3,C3,Q2GIS1,1.61,191,Anaplasma phagocytophilum (strain HZ),889,986,3.08,0.52,375,4.12,3.20,4.12,2.73,1.28,71487.66,4.42,220,165,13466.62,Enzyme
3jqy_1,B,3,C3,Q58WP5,1.699,252,Escherichia coli,384,91,2.40,0.51,457,7.39,6.10,7.39,5.43,1.41,110193.37,6.91,265,236,18290.08,Other
3jv1_1,A,3,C3,Q584R4,2,182,Trypanosoma brucei brucei (strain 927/4 GUTat10.1),37,143,1.92,0.64,378,3.68,3.01,3.68,2.60,0.92,81241.56,7.54,156,198,17683.86,Other
3k07_1,A,3,C3,P38054,3.52,1055,Escherichia coli (strain K12),857,4406,3.57,0.56,1966,3.94,3.20,3.94,2.72,1.24,442335.35,14.84,1581,1059,82860.33,Transport
3k0t_1,A,3,C3,Q88BE5,2.1,143,Pseudomonas syringae pv. tomato (strain ATCC BAA-871 / DC3000),813,1880,1.91,0.47,212,3.91,3.31,3.91,2.84,1.68,55635.55,3.99,106,111,8895.2,Other
3k12_2,B,3,C3,Q9I3E9,1.49,122,Pseudomonas aeruginosa (strain ATCC 15692 / DSM 22644 / CIP 104116 / JCM 14847 / LMG 12228 / 1C / PRS 101 / PAO1),680,871,1.74,0.47,202,4.11,3.25,4.11,2.87,1.08,55168.67,4.80,96,90,8675.56,Other
3k1s_3,G,3,C3,Q81X08,2.3,109,Bacillus anthracis,662,606,1.28,0.69,267,3.90,3.58,3.90,3.38,1.63,48516.12,6.86,62,131,11366.63,Other
3k3f_1,A,3,C3,Q72CX3,2.3,340,Nitratidesulfovibrio vulgaris (strain ATCC 29579 / DSM 644 / CCUG 34227 / NCIMB 8303 / VKM B-1760 / Hildenborough) (Desulfovibrio vulgaris),650,586,3.32,0.49,759,4.36,3.77,4.36,3.35,0.87,141110.51,5.59,468,273,23261.74,Transport
3k4i_1,A,3,C3,Q880F6,1.69,244,Pseudomonas syringae pv. tomato (strain ATCC BAA-871 / DC3000),844,720,2.68,0.54,405,4.00,3.43,4.00,3.06,1.52,90703.79,6.86,243,193,16258.02,Enzyme
3k6a_2,B,3,C3,Q8EKM7,1.89,180,Shewanella oneidensis (strain ATCC 700550 / JCM 31522 / CIP 106686 / LMG 19005 / NCIMB 14063 / MR-1),497,988,2.62,0.59,334,4.05,3.45,4.05,3.06,1.44,78739.54,4.85,206,186,15678.96,Enzyme
3kan_3,C,3,C3,Q53Y51,1.13,117,Homo sapiens (Human),586,366,1.67,0.36,216,4.02,3.24,4.02,2.75,1.63,52015.90,5.11,87,87,6819.27,Enzyme
3ke4_1,A,3,C3,Q813T7,1.9,213,Bacillus cereus (strain ATCC 14579 / DSM 31 / CCUG 7414 / JCM 2152 / NBRC 15305 / NCIMB 9373 / NCTC 2599 / NRRL B-3711),865,573,2.15,0.50,388,4.16,3.76,4.16,3.42,2.00,80990.39,5.90,174,158,13669.93,Enzyme
3ker_1,A,3,C3,O35215,2.78,117,Mus musculus (Mouse),582,328,1.78,0.39,237,3.97,3.22,3.97,2.82,1.49,51623.71,5.23,92,81,6764.89,Enzyme
3khs_2,D,3,C3,Q5YBA4,2.38,285,Grouper iridovirus,909,1112,3.47,0.59,559,3.99,3.19,3.99,2.71,1.25,109084.60,4.76,378,258,21559.23,Enzyme
3kjj_4,J,3,C3,Q9JZJ4,1.9,128,Neisseria meningitidis serogroup B (strain ATCC BAA-335 / MC58),800,1167,1.53,0.38,216,3.95,3.21,3.95,2.78,1.45,53040.79,5.14,81,96,7144.74,Other
3kwd_1,A,3,C3,Q8DKB5,1.1,213,Thermosynechococcus vestitus (strain NIES-2133 / IAM M-273 / BP-1),76,158,2.80,0.51,363,4.01,3.14,4.01,2.69,1.55,73885.01,4.40,207,162,13589.9,Enzyme
3kxr_1,A,3,C3,Q8EGN5,2.4,205,Shewanella oneidensis (strain ATCC 700550 / JCM 31522 / CIP 106686 / LMG 19005 / NCIMB 14063 / MR-1),8,415,2.16,0.67,366,3.73,3.10,3.73,2.67,0.90,76524.83,6.25,165,210,17246.42,Transport
3kzn_1,A,3,C3,Q8P8J2,1.8,359,Xanthomonas campestris pv. campestris (strain ATCC 33913 / DSM 3586 / NCPPB 528 / LMG 568 / P 25),953,971,3.30,0.41,708,4.14,3.49,4.14,3.07,0.69,149744.17,6.41,494,264,21528.65,Enzyme
3l3s_4,J,3,C3,Q5LQZ3,2.32,263,Ruegeria pomeroyi (strain ATCC 700808 / DSM 15171 / DSS-3) (Silicibacter pomeroyi),848,3287,2.27,0.52,381,4.29,3.68,4.29,3.24,1.59,95787.99,6.63,217,210,16566.54,Enzyme
3l7q_1,A,3,C3,Q8DTM5,2.5,125,Streptococcus mutans serotype c (strain ATCC 700610 / UA159),823,3746,2.11,0.49,249,4.07,3.40,4.07,2.98,1.60,54390.79,4.51,115,104,8878.07,Regulatory
3l8r_4,H,3,C3,Q8DT03,2.5,120,Streptococcus mutans serotype c (strain ATCC 700610 / UA159),623,333,1.76,0.58,299,3.84,3.49,3.84,3.27,1.62,46098.38,5.94,81,105,9010.95,Enzyme
3lao_1,A,3,C3,Q9I498,2.4,258,Pseudomonas aeruginosa (strain ATCC 15692 / DSM 22644 / CIP 104116 / JCM 14847 / LMG 12228 / 1C / PRS 101 / PAO1),579,5666,2.59,0.50,419,4.47,3.73,4.47,3.28,0.92,100155.21,5.26,259,210,16871.55,Other
3lgi_1,A,3,C3,P0AEE3,1.65,237,Escherichia coli (strain K12),64,4502,1.88,0.42,389,4.19,3.27,4.19,3.46,1.27,138998.54,5.97,261,220,19464.76,Enzyme
3lhl_2,A,3,C3,Q18A84,2.3,287,Clostridioides difficile (strain 630) (Peptoclostridium difficile),905,1723,3.33,0.53,570,4.06,3.39,4.06,2.91,1.23,126092.32,6.02,420,267,23356.63,Enzyme
3lke_1,A,3,C3,Q9KBS5,1.7,263,Halalkalibacterium halodurans (strain ATCC BAA-125 / DSM 18197 / FERM 7344 / JCM 9153 / C-125) (Bacillus halodurans),720,6294,2.81,0.56,583,4.22,3.70,4.22,3.32,1.42,115114.84,6.11,323,250,21468.64,Other
3lme_3,G,3,C3,Q6N6Z0,2.75,138,Rhodopseudomonas palustris (strain ATCC BAA-98 / CGA009),885,907,2.11,0.53,238,4.05,3.20,4.05,2.84,1.75,54460.45,4.50,115,121,9664.9,Other
3lqw_1,A,3,C3,C4M4M6,1.3,163,Entamoeba histolytica (strain ATCC 30459 / HM-1:IMSS / ABRM),333,1212,1.51,0.28,195,3.79,2.92,3.79,2.24,1.40,57743.02,6.63,87,75,5820.59,Enzyme
3lx1_1,A,3,C3,Q5JF32,2,255,Thermococcus kodakarensis (strain ATCC BAA-918 / JCM 12380 / KOD1) (Pyrococcus kodakaraensis (strain KOD1)),791,735,3.03,0.67,555,3.91,3.00,3.91,2.41,1.81,110883.02,5.24,336,291,25392.12,Enzyme
3lx2_1,A,3,C3,Q5JFD3,2.4,259,Thermococcus kodakarensis (strain ATCC BAA-918 / JCM 12380 / KOD1) (Pyrococcus kodakaraensis (strain KOD1)),823,622,3.08,0.66,494,4.15,3.37,4.15,2.92,1.97,110923.47,4.99,342,285,24564.86,Enzyme
3lxm_1,A,3,C3,Q8ZB39,2,335,Yersinia pestis,801,1284,3.30,0.52,589,4.34,3.68,4.34,3.30,1.25,130617.36,5.58,431,282,23867.36,Enzyme
3lyb_2,C,3,C3,C4X9E0,2.65,165,Klebsiella pneumoniae subsp. pneumoniae NTUH-K2044,559,473,2.31,0.63,269,4.03,3.43,4.03,3.12,1.48,59843.89,4.41,138,141,12431.76,Other
3m1x_1,A,3,C3,C4LXT9,1.2,148,Entamoeba histolytica (strain ATCC 30459 / HM-1:IMSS / ABRM),873,1307,1.95,0.44,240,3.90,3.25,3.90,2.74,1.38,53816.48,4.21,105,111,8711.69,Other
3m6n_1,A,3,C3,Q7CLS3,1.8,305,Xanthomonas campestris pv. campestris (strain ATCC 33913 / DSM 3586 / NCPPB 528 / LMG 568 / P 25),1000,146,3.15,0.50,635,4.22,3.69,4.22,3.37,1.30,125509.13,6.46,395,252,21026.61,Other
3m73_1,A,3,C3,P44741,1.15,314,Haemophilus influenzae (strain ATCC 51907 / DSM 11121 / KW20 / Rd),783,262,2.94,0.50,846,4.25,3.65,4.25,3.31,1.22,145890.86,5.00,429,306,26099.19,Transport
3mae_1,A,3,C3,Q71ZU8,2.5,256,Listeria monocytogenes serotype 4b str. F2365,227,4023,2.57,0.48,437,3.99,3.44,3.99,2.95,1.50,104519.03,7.68,269,200,16611.52,Other
3mch_1,A,3,C3,Q5SLF2,1.64,164,Thermus thermophilus (strain ATCC 27634 / DSM 579 / HB8),492,1227,2.75,0.53,331,4.11,3.52,4.11,3.13,1.04,76811.87,4.92,211,156,13817.84,Other
3mdx_1,A,3,C3,Q2YRG4,1.45,178,Brucella abortus (strain 2308),731,418,1.49,0.30,180,3.77,2.95,3.77,2.37,2.37,60553.89,5.99,90,78,6559.08,Enzyme
3mf7_1,A,3,C3,Q6VPE5,1.62,149,coryneform bacterium,636,94,1.52,0.37,201,3.80,3.24,3.80,2.75,1.48,52725.98,4.75,80,90,6910.88,Other
3mog_1,A,3,C3,P76083,2.2,483,Escherichia coli (strain K12),670,690,3.54,0.61,977,4.16,3.61,4.16,3.22,1.24,206164.88,7.26,729,496,41710.09,Enzyme
3moy_1,A,3,C3,A0R747,1.5,263,Mycolicibacterium smegmatis (strain ATCC 700084 / mc(2)155) (Mycobacterium smegmatis),964,10228,2.32,0.46,603,4.24,3.56,4.24,3.12,1.22,111350.27,7.21,258,204,18125.44,Enzyme
3mqh_2,D,3,C3,A9IH93,1.43,192,Bordetella petrii (strain ATCC BAA-461 / DSM 12804 / CCUG 43448 / CIP 107267 / Se-1111R),482,902,1.97,0.50,375,3.96,3.14,3.96,2.72,1.98,98827.23,5.56,195,192,16653.37,Enzyme
3myb_1,A,3,C3,A0QST4,1.55,286,Mycolicibacterium smegmatis (strain ATCC 700084 / mc(2)155) (Mycobacterium smegmatis),1057,7709,2.03,0.46,567,4.31,3.67,4.31,3.23,1.77,120908.91,7.78,245,231,18491.97,Other
3n0q_1,A,3,C3,Q1GMC3,1.8,409,Ruegeria sp. TM1040,1001,694,3.10,0.52,771,4.08,3.26,4.08,2.69,0.69,186704.75,7.08,579,420,34758.5,Other
3n4g_1,A,3,C3,Q8NU77,2.43,148,Corynebacterium glutamicum (strain ATCC 13032 / DSM 20300 / JCM 1318 / BCRC 11384 / CCUG 27702 / LMG 3730 / NBRC 12168 / NCIMB 10025 / NRRL B-2784 / 534),905,109,1.69,0.43,273,4.29,3.79,4.29,3.29,1.25,68041.20,5.28,115,117,9892.33,Other
3n4h_1,A,3,C3,Q8NU77,2.02,148,Corynebacterium glutamicum (strain ATCC 13032 / DSM 20300 / JCM 1318 / BCRC 11384 / CCUG 27702 / LMG 3730 / NBRC 12168 / NCIMB 10025 / NRRL B-2784 / 534),777,102,1.67,0.41,223,3.99,3.25,3.99,2.83,1.72,53758.89,4.99,90,93,7861.34,Other
3nbt_1,A,3,C3,P00004,2.1,104,Equus caballus (Horse),226,2521,1.00,0.38,176,3.66,3.21,3.66,2.81,-0.52,52248.06,6.05,52,79,6562.29,Enzyme
3ne3_2,B,3,C3,P0A4W8,1.9,130,Mycobacterium tuberculosis,650,1290,2.24,0.72,255,3.43,2.80,3.43,2.43,1.41,54869.31,4.52,123,156,13254.36,Other
3nfd_1,A,3,C3,O31302,1.89,153,Corynebacterium ammoniagenes (Brevibacterium ammoniagenes),870,642,2.01,0.60,271,3.96,3.35,3.96,2.88,1.51,63335.37,5.02,127,146,12597.05,Enzyme
3nhv_2,D,3,C3,Q9KB42,2.43,144,Halalkalibacterium halodurans (strain ATCC BAA-125 / DSM 18197 / FERM 7344 / JCM 9153 / C-125) (Bacillus halodurans),402,126,1.96,0.54,264,3.69,3.15,3.69,2.62,1.46,59815.28,5.49,117,117,11062.33,Other
3noj_2,A,3,C3,A5W059,1.82,238,Pseudomonas putida (strain ATCC 700007 / DSM 6899 / JCM 31910 / BCRC 17059 / LMG 24140 / F1),980,446,2.66,0.44,471,4.11,3.27,4.11,2.83,1.54,100419.11,9.11,267,180,15433.89,Enzyme
3o3w_1,A,3,C3,Q9KB42,2.9,126,Halalkalibacterium halodurans (strain ATCC BAA-125 / DSM 18197 / FERM 7344 / JCM 9153 / C-125) (Bacillus halodurans),346,329,2.23,0.63,233,3.73,3.21,3.73,2.88,1.54,52429.66,4.79,117,110,11112.47,Other
3oc7_1,A,3,C3,A0QBQ2,1.5,267,Mycobacterium avium 104,1061,8653,2.84,0.60,555,3.96,3.19,3.96,2.65,1.68,105477.17,7.03,300,264,22562.48,Other
3odg_1,A,3,C3,Q66D48,1.64,287,Yersinia pseudotuberculosis serotype I (strain IP32953),943,991,3.19,0.54,549,3.92,3.21,3.92,2.74,1.47,119496.29,4.66,381,279,22722.53,Enzyme
3opk_1,A,3,C3,Q7CPA2,1.9,118,Salmonella typhimurium (strain LT2 / SGSC1412 / ATCC 700720),836,2067,1.32,0.52,205,4.08,3.47,4.08,2.97,1.56,50060.17,5.11,66,90,8032.52,Binding
3ot6_2,A,3,C3,Q884M3,2.5,232,Pseudomonas syringae pv. tomato (strain ATCC BAA-871 / DC3000),849,1966,3.03,0.54,490,4.20,3.60,4.20,3.12,1.76,97327.33,5.47,295,226,18214.76,Enzyme
3p48_1,A,3,C3,P33317,1.67,147,Saccharomyces cerevisiae (strain ATCC 204508 / S288c) (Baker's yeast),310,1740,1.45,0.30,181,3.84,3.12,3.84,2.53,1.63,60102.21,6.48,87,80,6140.97,Enzyme
3p91_1,A,3,C3,C4M9R9,2.4,265,Entamoeba histolytica (strain ATCC 30459 / HM-1:IMSS / ABRM),808,605,3.32,0.71,477,3.56,2.69,3.56,2.20,1.66,99468.36,4.76,330,303,24232.01,Enzyme
3pea_1,A,3,C3,Q81L70,1.817,261,Bacillus anthracis str. 'Ames Ancestor,1046,10732,2.49,0.55,566,4.41,3.72,4.41,3.32,1.40,116836.88,6.43,291,253,21236.9,Other
3pmo_1,A,3,C3,Q9HXY6,1.3,372,Pseudomonas aeruginosa (strain ATCC 15692 / DSM 22644 / CIP 104116 / JCM 14847 / LMG 12228 / 1C / PRS 101 / PAO1),1078,1408,2.10,0.44,732,3.89,3.06,3.89,2.60,2.07,150289.75,8.48,315,300,23878.83,Enzyme
3pnx_1,A,3,C3,Q0AU90,1.92,160,Syntrophomonas wolfei subsp. wolfei (strain DSM 2245B / Goettingen),687,239,1.96,0.55,326,4.07,3.50,4.07,3.11,1.03,71007.67,5.89,139,158,13333.02,Enzyme
3pqi_1,A,3,C3,I7HXF9,2.64,247,Bacteriophage sp.,5,41,0.94,0.35,330,3.58,2.76,3.58,2.18,1.63,83068.59,12.24,78,117,9828.83,Other
3pr7_1,A,3,C3,Q9XD56,2.93,311,Moraxella catarrhalis (Branhamella catarrhalis),58,217,1.74,0.37,571,4.27,3.42,4.27,2.80,0.19,113130.73,13.21,197,185,13791.67,Other
3pv4_1,A,3,C3,G1K3R2,3.1,354,Legionella fallonii,149,2604,3.17,0.79,483,3.54,2.67,3.54,2.18,1.75,116257.51,4.72,369,363,30739.91,Other
3pzy_1,A,3,C3,Q742N2,1.8,164,Mycolicibacterium paratuberculosis (strain ATCC BAA-968 / K-10) (Mycobacterium paratuberculosis),452,1012,3.30,0.60,324,3.78,3.07,3.78,2.66,1.39,58220.00,4.54,192,159,12193.73,Other
3q1x_1,A,3,C3,Q9U8X2,1.59,313,Entamoeba histolytica,638,67,2.84,0.37,593,4.16,3.51,4.16,3.10,1.63,120594.63,6.03,342,189,15274.62,Enzyme
3q98_1,A,3,C3,Q1R7G1,2,399,Escherichia coli (strain UTI89 / UPEC),756,413,3.16,0.53,759,4.11,3.50,4.11,3.02,0.78,169736.69,6.71,537,354,30941.16,Enzyme
3qll_1,A,3,C3,Q9ZC38,2.45,316,Yersinia pestis,108,1590,3.26,0.78,416,3.90,3.36,3.90,2.91,1.18,88611.94,2.79,289,269,23077.78,Binding
3qmj_1,A,3,C3,B2HD64,2.2,256,Mycobacterium marinum (strain ATCC BAA-535 / M),611,6458,2.76,0.55,465,4.03,3.34,4.03,2.87,1.36,87953.87,4.91,243,218,16814.68,Enzyme
3qmn_3,G,3,C3,Q9KPB6,1.85,129,Vibrio cholerae serotype O1 (strain ATCC 39315 / El Tor Inaba N16961),996,2090,1.97,0.59,299,3.89,3.33,3.89,2.93,1.76,60986.89,5.00,120,140,11986.07,Enzyme
3qqw_2,D,3,C3,Q46TN2,2.44,332,Cupriavidus pinatubonensis (strain JMP 134 / LMG 1197) (Cupriavidus necator (strain JMP 134)),688,157,3.34,0.68,542,4.04,3.51,4.04,3.07,1.09,121616.17,4.45,406,328,26669.2,Binding
3qr8_1,A,3,C3,P31340,2.03,211,Escherichia phage P2 (Bacteriophage P2),279,278,0.61,0.25,180,3.48,2.80,3.48,2.32,1.79,68964.27,8.34,42,78,6358.59,Transport
3qre_1,A,3,C3,B2HQD1,2.4,298,Mycobacterium marinum (strain ATCC BAA-535 / M),167,7380,3.17,0.52,411,4.09,3.39,4.09,2.86,1.50,81944.11,5.24,260,187,14629.15,Other
3quw_1,A,3,C3,P40185,1.74,153,Saccharomyces cerevisiae (strain ATCC 204508 / S288c) (Baker's yeast),832,497,2.03,0.50,231,3.91,3.19,3.91,2.68,1.38,54631.97,4.28,111,108,9396.22,Other
3qxi_1,A,3,C3,B2HMZ1,2.2,265,Mycobacterium marinum (strain ATCC BAA-535 / M),1030,9053,2.60,0.55,538,4.26,3.64,4.26,3.15,1.24,105037.89,6.92,273,236,18671.72,Other
3qxz_1,A,3,C3,B1MEE0,1.35,265,Mycobacteroides abscessus (strain ATCC 19977 / DSM 44196 / CCUG 20993 / CIP 104536 / JCM 13569 / NCTC 13031 / TMC 1543 / L948) (Mycobacterium abscessus),1010,8310,2.36,0.46,538,4.27,3.54,4.27,3.10,1.25,117044.07,7.35,276,211,18457.34,Enzyme
3r0o_1,A,3,C3,A0QFV0,2.1,273,Mycobacterium avium 104,1027,8070,2.64,0.58,552,4.17,3.47,4.17,3.03,1.03,115252.63,6.82,304,265,21881.8,Other
3r0p_1,A,3,C3,D8VN48,1.9,127,uncultured organism,869,3263,2.06,0.45,240,4.04,3.35,4.04,2.89,1.41,55911.32,4.24,115,106,8493.36,Other
3r0s_1,A,3,C3,Q9PIM1,2.22,266,Campylobacter jejuni subsp. jejuni serotype O:2 (strain ATCC 700819 / NCTC 11168),920,1081,3.06,0.64,539,4.00,3.21,4.00,2.75,1.57,107931.02,5.36,330,264,23173.13,Enzyme
3r1w_1,A,3,C3,Not Found,1.73,189,unidentified,935,1128,2.55,0.43,417,4.25,3.49,4.25,3.02,1.66,82607.80,5.85,211,164,11653.75,Other
3r3r_2,A,3,C3,Q8ZLN3,1.2,187,Salmonella typhimurium (strain LT2 / SGSC1412 / ATCC 700720),961,1104,2.49,0.46,417,4.13,3.29,4.13,2.80,1.24,83171.38,4.65,207,186,14326.31,Binding
3r4i_1,A,3,C3,Q13S43,2.24,339,Paraburkholderia xenovorans (strain LB400),887,91,2.91,0.48,630,4.06,3.38,4.06,2.88,0.85,137148.23,7.80,399,285,22385.25,Enzyme
3r5d_1,A,3,C3,Q9Z9H2,1.8,347,Pseudomonas aeruginosa,184,25,2.94,0.52,625,4.09,3.42,4.09,2.93,1.44,136867.70,9.75,403,303,23873.82,Other
3r6h_1,A,3,C3,B2HSG1,1.75,233,Mycobacterium marinum (strain ATCC BAA-535 / M),892,1299,3.30,0.52,501,4.10,3.45,4.10,3.04,1.44,95530.81,5.41,315,225,18047.84,Other
3r7f_1,A,3,C3,P05654,2.1,304,Bacillus subtilis (strain 168),943,1444,3.14,0.52,595,4.32,3.67,4.32,3.27,0.93,138870.17,5.07,436,283,24312.17,Enzyme
3r8y_1,A,3,C3,Q81MQ2,1.7,240,Bacillus anthracis,110,196,1.97,0.53,402,3.94,3.14,3.94,2.61,2.36,97453.77,7.02,192,203,16933.22,Enzyme
3r9q_1,A,3,C3,B1MGI6,2.1,262,Mycobacteroides abscessus (strain ATCC 19977 / DSM 44196 / CCUG 20993 / CIP 104536 / JCM 13569 / NCTC 13031 / TMC 1543 / L948) (Mycobacterium abscessus),712,3378,2.50,0.48,493,4.14,3.52,4.14,3.07,1.10,108088.11,6.00,270,211,16753.61,Enzyme
3r9t_1,A,3,C3,Q73WL5,1.75,267,Mycolicibacterium paratuberculosis (strain ATCC BAA-968 / K-10) (Mycobacterium paratuberculosis),1073,8188,2.84,0.52,549,4.23,3.52,4.23,3.13,0.84,112520.89,6.55,320,244,19687.56,Enzyme
3rqc_3,G,3,C3,Q9HIA5,4.01,224,Thermoplasma acidophilum (strain ATCC 25905 / DSM 1728 / JCM 9062 / NBRC 15155 / AMRC-C165),124,4094,2.54,0.58,384,3.75,2.94,3.75,2.47,1.52,96989.08,6.52,246,204,18648.09,Enzyme
3rsi_1,A,3,NPS,B1MIA8,2,265,Mycobacteroides abscessus (strain ATCC 19977 / DSM 44196 / CCUG 20993 / CIP 104536 / JCM 13569 / NCTC 13031 / TMC 1543 / L948) (Mycobacterium abscessus),1032,9748,1.58,0.42,507,4.36,3.69,4.36,3.25,0.91,107678.42,6.26,170,177,15173.02,Enzyme
3s6l_1,A,3,C3,Q3JFX2,2.3,178,Burkholderia pseudomallei (strain 1710b),10,2870,1.97,0.30,318,4.29,3.37,4.29,2.79,0.63,56743.99,8.00,112,95,5888.21,Binding
3s6l_3,E,3,C3,Q3JFX2,2.3,178,Burkholderia pseudomallei (strain 1710b),10,2870,2.01,0.29,318,4.16,3.24,4.16,2.67,0.62,55337.42,8.16,111,93,5752.27,Binding
3s7i_2,B,3,C3,P43238,2.35,418,Arachis hypogaea (Peanut),242,221,2.93,0.42,715,3.91,2.90,3.91,2.35,0.80,150690.32,8.34,441,255,21130.07,Binding
3sds_1,A,3,C3,P0CL21,2.8,353,Coccidioides immitis (strain RS) (Valley fever fungus),992,1039,3.59,0.60,633,3.76,2.96,3.76,2.48,1.24,130262.86,5.78,468,324,26180.09,Enzyme
3sl1_1,A,3,C3,Q8I384,1.9,413,Plasmodium falciparum (isolate 3D7),870,10,3.66,0.48,672,4.26,3.48,4.26,3.00,1.06,138517.79,4.86,507,258,23077.27,Enzyme
3sm4_1,A,3,C3,P03697,1.88,229,Escherichia phage lambda (Bacteriophage lambda),319,276,2.49,0.57,448,3.97,3.46,3.97,3.16,0.85,120660.42,6.23,300,246,20516.6,Enzyme
3so2_1,A,3,C3,E1ZRW6,1.6,146,Chlorella variabilis (Green alga),439,1815,0.93,0.18,186,3.67,2.75,3.67,2.82,2.76,80736.61,6.04,75,66,5025.61,Enzyme
3srt_2,B,3,C3,Q18A66,2.5,188,Clostridioides difficile (strain 630) (Peptoclostridium difficile),923,1856,2.27,0.50,390,4.05,3.27,4.05,2.71,1.68,83368.95,6.21,189,177,14370.23,Enzyme
3sti_1,A,3,C3,P39099,2.6,245,Escherichia coli (strain K12),20,4506,3.18,0.64,338,4.14,3.27,4.14,2.77,1.60,74618.89,4.80,237,175,15892.53,Enzyme
3stj_3,G,3,C3,P39099,2.6,345,Escherichia coli (strain K12),112,5008,3.24,0.58,588,3.94,3.15,3.94,2.65,1.35,122699.32,7.57,397,291,23551.86,Enzyme
3swx_1,A,3,C3,B1MM02,2.1,265,Mycobacteroides abscessus (strain ATCC 19977 / DSM 44196 / CCUG 20993 / CIP 104536 / JCM 13569 / NCTC 13031 / TMC 1543 / L948) (Mycobacterium abscessus),1088,7739,2.57,0.46,546,4.28,3.56,4.28,3.08,1.06,111829.68,6.76,287,211,17180.12,Enzyme
3syy_1,A,3,C3,C1D7P6,1.9,216,Laribacter hongkongensis (strain HLHK9),369,663,2.60,0.71,420,3.76,3.26,3.76,2.92,0.49,87614.22,5.42,228,270,22072.3,Binding
3t1p_1,A,3,C3,P01009,3.9,371,Homo sapiens (Human),884,4969,2.55,0.52,654,3.66,2.85,3.66,2.43,0.96,153727.99,8.94,392,354,26512.27,Enzyme
3t57_1,A,3,C3,Q9SU91,2.1,305,Arabidopsis thaliana (Mouse-ear cress),687,966,3.12,0.61,628,3.98,3.24,3.98,2.73,1.23,124084.26,6.26,387,309,26224.73,Enzyme
3t5s_1,A,3,C3,A8BFP4,2.3,135,Giardia intestinalis (strain ATCC 50803 / WB clone C6) (Giardia lamblia),398,296,1.71,0.62,192,3.65,3.00,3.65,2.52,2.26,38653.87,4.48,66,105,8058.89,Enzyme
3t64_1,A,3,NPS,Q8II92,1.65,181,Plasmodium falciparum (isolate 3D7),235,509,1.88,0.51,254,3.90,3.12,3.90,2.59,2.06,72202.04,6.04,136,140,12781.78,Enzyme
3t9w_1,A,3,C3,J9PBQ8,1.5,299,Amycolatopsis sp. ATCC 39116,129,352,2.55,0.37,535,4.10,3.21,4.10,2.62,0.27,124579.98,5.36,318,216,17241.31,Other
3t9z_1,A,3,C3,O28524,1.82,118,Archaeoglobus fulgidus (strain ATCC 49558 / DSM 4304 / JCM 9628 / NBRC 100126 / VC-16),493,728,1.16,0.38,170,3.70,3.03,3.70,2.61,1.42,43075.62,4.97,50,58,5404.69,Transport
3t9z_2,D,3,C3,O28524,1.82,118,Archaeoglobus fulgidus (strain ATCC 49558 / DSM 4304 / JCM 9628 / NBRC 100126 / VC-16),493,728,1.20,0.38,170,3.78,3.08,3.78,2.61,1.43,42425.11,5.05,51,58,5395.58,Transport
3ta2_2,B,3,C3,O28524,1.9,118,Archaeoglobus fulgidus (strain ATCC 49558 / DSM 4304 / JCM 9628 / NBRC 100126 / VC-16),823,728,1.15,0.45,186,3.56,2.87,3.56,2.45,1.46,49646.57,5.33,57,84,8159.46,Transport
3tcr_2,B,3,C3,B1MK77,2.28,199,Mycobacteroides abscessus (strain ATCC 19977 / DSM 44196 / CCUG 20993 / CIP 104536 / JCM 13569 / NCTC 13031 / TMC 1543 / L948) (Mycobacterium abscessus),726,64,3.14,0.63,375,3.89,3.17,3.89,2.71,1.83,62478.08,4.66,196,179,13529.47,Other
3tio_2,D,3,C3,P0A9W9,1.41,183,Escherichia coli (strain K12),902,1188,2.61,0.51,395,4.27,3.48,4.27,2.98,1.43,85458.00,5.75,223,177,14610.07,Binding
3tk8_1,A,3,C3,Q3JR17,1.8,316,Burkholderia pseudomallei (strain 1710b),318,57,2.53,0.48,521,3.93,3.28,3.93,2.75,1.53,118045.94,7.76,299,249,19558.8,Enzyme
3tpf_2,D,3,C3,Q9PNU6,2.7,307,Campylobacter jejuni subsp. jejuni serotype O:2 (strain ATCC 700819 / NCTC 11168),941,1454,3.33,0.59,602,4.14,3.38,4.14,2.92,1.19,129551.58,6.37,431,297,25678.17,Enzyme
3tq5_1,A,3,C3,O92810,1.4,152,Mason-Pfizer monkey virus,94,350,1.69,0.44,186,3.63,2.65,3.63,2.07,2.08,47856.12,5.49,81,91,7703.85,Other
3tqf_1,A,3,C3,Q820W5,2.8,181,Coxiella burnetii (strain RSA 493 / Nine Mile phase I),388,521,2.04,0.75,294,3.62,2.85,3.62,2.32,1.92,73039.93,5.24,149,200,18463.57,Enzyme
3tqz_1,A,3,C3,Q45920,1.7,155,Coxiella burnetii (strain RSA 493 / Nine Mile phase I),594,1647,1.48,0.34,222,3.77,2.87,3.77,2.27,1.91,60954.87,6.48,90,90,7437.2,Enzyme
3trr_2,D,3,C3,B1ML12,2.09,256,Mycobacteroides abscessus (strain ATCC 19977 / DSM 44196 / CCUG 20993 / CIP 104536 / JCM 13569 / NCTC 13031 / TMC 1543 / L948) (Mycobacterium abscessus),1079,9880,2.84,0.55,579,4.22,3.53,4.22,3.14,1.11,102699.64,6.60,292,235,18616.44,Enzyme
3tty_1,A,3,C3,Not Found,2.25,675,Niallia circulans subsp. alkalophilus,1137,557,3.45,0.40,1347,4.34,3.63,4.34,3.22,0.55,324967.30,6.81,1120,540,43288.28,Other
3ty1_1,A,3,C3,A6THE6,1.9,384,Klebsiella pneumoniae subsp. pneumoniae (strain ATCC 700721 / MGH 78578),687,283,3.14,0.44,757,4.25,3.35,4.25,2.77,0.65,179766.06,5.88,564,344,27062.38,Binding
3u1k_1,A,3,C3,Q8TCS8,2.13,630,Homo sapiens (Human),721,631,3.36,0.53,1326,3.98,3.24,3.98,2.74,1.18,269985.95,7.51,906,594,49375.45,Enzyme
3v4d_2,B,3,C3,P0AFQ6,1.95,134,Escherichia coli O6:H1 (strain CFT073 / ATCC 700928 / UPEC),854,2231,1.90,0.52,222,3.84,3.26,3.84,2.82,2.09,55744.99,4.22,106,117,9618.39,Enzyme
3vbj_1,A,3,C3,D7WGJ0,1.8,205,Bacillus cereus SJ1,583,520,1.74,0.45,382,4.13,3.35,4.13,2.88,2.01,91476.67,6.85,159,168,13837.94,Other
3vca_1,A,3,C3,Q92ZP9,1.59,412,Rhizobium meliloti (strain 1021) (Ensifer meliloti) (Sinorhizobium meliloti),978,729,3.19,0.50,789,4.08,3.26,4.08,2.71,0.66,186047.39,6.38,594,411,34480.31,Enzyme
3vcr_2,B,3,C3,D2YW47,1.85,217,Oleispira antarctica,979,1342,3.35,0.57,432,3.94,3.35,3.94,2.90,1.67,93045.97,4.07,312,222,18916.5,Enzyme
3vcz_1,A,3,C3,Q8DCF8,1.8,153,Vibrio vulnificus CMCP6,825,1556,2.11,0.48,299,3.87,3.28,3.87,2.83,1.71,58224.42,4.44,123,122,9305.08,Other
3vnp_1,A,3,C3,Q5KW03,2.4,183,Geobacillus kaustophilus (strain HTA426),991,1289,2.84,0.53,384,4.23,3.52,4.23,2.98,1.58,74636.10,4.77,212,161,13161.44,Enzyme
3w9i_2,D,3,C3,P52002,2.7,1046,Pseudomonas aeruginosa (strain ATCC 15692 / DSM 22644 / CIP 104116 / JCM 14847 / LMG 12228 / 1C / PRS 101 / PAO1),718,4275,3.69,0.48,2078,4.75,4.08,4.75,3.70,1.20,442460.46,15.04,1633,912,70814.58,Transport
3wpa_1,A,3,C3,K7ZP88,1.79,427,Acinetobacter sp. (strain Tol 5),6,633,0.15,0.27,621,3.31,2.81,3.31,2.40,1.06,141152.87,39.97,21,156,13492.01,Transport
3wpp_1,A,3,C3,K7ZP88,1.95,207,Acinetobacter sp. (strain Tol 5),11,381,0.00,0.34,225,3.11,2.82,3.11,2.63,0.00,45127.05,15.35,0,60,5485.68,Transport
3wpr_1,A,3,C3,K7ZP88,1.899,229,Acinetobacter sp. (strain Tol 5),5,157,0.28,0.42,455,3.27,2.91,3.27,2.60,-0.15,88897.71,28.07,25,144,13067.71,Transport
3wqj_1,A,3,C3,P29563,1.8,259,Halobacterium sp. (strain aus-2),369,198,3.10,0.48,594,4.12,3.66,4.12,3.31,1.12,106420.57,4.51,330,234,18251.98,Transport
3x30_1,A,3,C3,Q9X0P5,1.92,227,Thermotoga maritima (strain ATCC 43589 / DSM 3109 / JCM 10099 / NBRC 100826 / MSB8),898,2732,3.13,0.48,420,4.08,3.24,4.08,2.64,1.61,99795.49,4.74,312,201,16846.65,Enzyme
3zjb_1,A,3,C3,Q9BUZ4,1.85,197,Homo sapiens (Human),48,870,2.14,0.65,310,3.66,3.00,3.66,2.61,0.88,88285.85,6.82,189,211,18804.25,Enzyme
3zsc_1,A,3,C3,Q9WYR4,1.95,340,Thermotoga maritima (strain ATCC 43589 / DSM 3109 / JCM 10099 / NBRC 100826 / MSB8),298,324,3.69,0.51,675,4.11,3.39,4.11,2.88,0.60,147133.03,5.57,543,312,25946.83,Enzyme
3zw2_1,A,3,C3,Q0B4G1,1.6,87,Burkholderia ambifaria (strain ATCC BAA-244 / DSM 16087 / CCUG 44356 / LMG 19182 / AMMD) (Burkholderia cepacia (strain AMMD)),7,37,1.30,0.42,147,3.64,2.86,3.64,2.38,0.77,44467.66,4.17,58,73,5765.32,Binding
4ac3_1,A,3,C3,Q8DQ18,2.1,459,Streptococcus pneumoniae (strain ATCC BAA-255 / R6),1153,1172,2.92,0.50,978,4.06,3.26,4.06,2.77,1.49,198214.32,9.48,579,441,34993.44,Enzyme
4ae2_1,A,3,C3,P02461,1.7,256,Homo sapiens (Human),158,663,2.86,0.61,384,3.88,3.25,3.88,2.74,0.80,99212.59,4.62,284,251,20281.9,Enzyme
4aff_1,A,3,C3,P0A3F5,1.05,116,Synechococcus sp. (strain ATCC 27144 / PCC 6301 / SAUG 1402/1) (Anacystis nidulans),695,784,0.90,0.32,204,3.59,2.83,3.59,2.38,1.87,49739.26,6.04,45,66,5891.91,Enzyme
4aid_3,C,3,C3,Q9AC32,2.6,726,Caulobacter vibrioides (strain ATCC 19089 / CIP 103742 / CB 15) (Caulobacter crescentus),590,557,3.37,0.54,1074,3.74,2.99,3.74,2.48,0.96,217205.43,7.10,732,523,38837.57,Enzyme
4aim_1,A,3,C3,Q9AC32,3.3,726,Caulobacter vibrioides (strain ATCC 19089 / CIP 103742 / CB 15) (Caulobacter crescentus),885,557,3.29,0.64,1294,3.60,2.82,3.60,2.37,0.96,276375.44,8.28,909,783,58268.01,Enzyme
4al0_1,A,3,C3,O14684,1.16,152,Homo sapiens (Human),648,217,1.76,0.42,447,4.06,3.55,4.06,3.31,0.63,68051.40,7.51,120,126,10187.09,Enzyme
4am3_1,A,3,C3,Q9AC32,3,717,Caulobacter vibrioides (strain ATCC 19089 / CIP 103742 / CB 15) (Caulobacter crescentus),740,563,3.36,0.57,1262,4.08,3.32,4.08,2.83,1.15,260430.12,8.53,876,638,49634.3,Enzyme
4am8_2,D,3,C3,Q837U7,1.99,355,Enterococcus faecalis (strain ATCC 700802 / V583),989,901,2.93,0.45,745,4.11,3.43,4.11,3.01,0.67,151562.48,7.54,444,313,23924.13,Enzyme
4b0h_1,A,3,C3,O31801,1.18,144,Bacillus subtilis (strain 168),531,981,1.10,0.23,201,4.08,3.17,4.08,2.63,1.88,77074.35,6.90,85,67,5822.41,Enzyme
4c3k_2,A,3,C3,P0A3F4,3.1,115,Synechococcus elongatus (strain ATCC 33912 / PCC 7942 / FACHB-805) (Anacystis nidulans R2),575,782,1.08,0.47,194,3.79,3.15,3.79,2.70,1.97,40718.82,4.97,44,74,6397.63,Enzyme
4c3l_1,A,3,C3,P0A3F4,1.6,112,Synechococcus elongatus (strain ATCC 33912 / PCC 7942 / FACHB-805) (Anacystis nidulans R2),11,792,1.34,0.46,156,3.45,2.39,3.45,2.06,1.96,38113.01,5.02,51,69,6221.59,Enzyme
4c7r_1,A,3,C3,P54582,2.65,566,Corynebacterium glutamicum (strain ATCC 13032 / DSM 20300 / JCM 1318 / BCRC 11384 / CCUG 27702 / LMG 3730 / NBRC 12168 / NCIMB 10025 / NRRL B-2784 / 534),970,624,3.83,0.52,1211,4.32,3.82,4.32,3.51,1.23,228950.21,11.24,877,511,41885.73,Transport
4c81_1,A,3,C3,P62368,1.6,184,Plasmodium falciparum (isolate 3D7),483,929,2.15,0.57,339,3.87,3.11,3.87,2.66,2.15,69624.46,5.15,150,144,13900.66,Enzyme
4c8e_1,A,3,C3,B4EC22,1.9,182,Burkholderia cenocepacia (strain ATCC BAA-245 / DSM 16553 / LMG 16656 / NCTC 13227 / J2315 / CF5610) (Burkholderia cepacia (strain J2315)),487,975,2.19,0.44,315,4.00,3.24,4.00,2.87,1.94,74828.69,5.25,164,139,11132.73,Enzyme
4cny_1,A,3,C3,P70731,1.1,112,Azospirillum brasilense,358,784,1.24,0.39,174,3.57,2.93,3.57,2.41,1.81,42602.52,5.18,53,69,6323.27,Regulatory
4cqj_1,A,3,C3,Q70GK9,2.44,299,Streptantibioticus cattleyicolor (Streptomyces cattleya),1155,889,2.78,0.46,523,4.02,3.19,4.02,2.65,1.42,126257.48,6.16,351,239,19604.4,Enzyme
4d7y_1,A,3,C3,O88992,1.44,146,Mus musculus (Mouse),107,2214,2.03,0.38,270,3.98,3.11,3.98,2.50,0.75,57579.06,5.64,117,117,7733.92,Signalling
4d8m_1,A,3,C3,Q45712,2.3,587,Bacillus thuringiensis,20,36,3.29,0.53,1144,3.92,3.23,3.92,2.70,0.41,264643.04,10.16,870,603,49043.55,Binding
4dgq_1,A,3,C3,B4EA96,1.85,280,Burkholderia cenocepacia (strain ATCC BAA-245 / DSM 16553 / LMG 16656 / NCTC 13227 / J2315 / CF5610) (Burkholderia cepacia (strain J2315)),956,5141,3.25,0.44,584,4.28,3.64,4.28,3.16,0.54,131857.30,5.05,428,255,19696.02,Enzyme
4dh4_1,A,3,C3,A1XDS9,1.82,114,Toxoplasma gondii,695,330,1.42,0.32,300,4.03,3.22,4.03,2.85,2.57,48528.39,5.12,69,81,5466.54,Enzyme
4di1_1,A,3,C3,B2HHI0,2.25,277,Mycobacterium marinum (strain ATCC BAA-535 / M),1049,2730,2.65,0.52,536,4.18,3.53,4.18,3.20,1.72,101445.26,6.87,269,226,17918.77,Enzyme
4e3e_2,B,3,C3,A9WC34,1.9,352,Chloroflexus aurantiacus (strain ATCC 29366 / DSM 635 / J-10-fl),962,107,3.22,0.44,648,4.04,3.17,4.04,2.60,0.72,155804.93,6.78,501,285,23655.56,Enzyme
4e6t_1,A,3,C3,F0QHB3,1.8,294,Acinetobacter baumannii,935,712,2.81,0.62,611,4.04,3.29,4.04,2.88,1.49,117211.86,5.68,329,310,24604.51,Other
4e6u_1,A,3,C3,F0QHB3,1.41,265,Acinetobacter baumannii,972,1069,2.90,0.57,600,4.05,3.17,4.05,2.72,1.54,112892.94,5.45,327,303,23323.33,Other
4e9x_1,A,3,C3,C0STU6,1.14,339,uncultured bacterium,278,358,2.82,0.38,618,4.28,3.41,4.28,2.88,0.64,152852.16,6.84,431,243,19157.77,Other
4ea9_1,A,3,C3,O85353,0.9,220,Caulobacter vibrioides (Caulobacter crescentus),1122,2524,3.13,0.52,429,3.97,3.07,3.97,2.58,2.11,86915.34,4.58,272,215,17467.61,Enzyme
4eaa_1,A,3,C3,O85353,1.45,220,Caulobacter vibrioides (Caulobacter crescentus),1105,2508,3.21,0.56,441,3.92,3.05,3.92,2.60,2.16,86069.09,4.66,276,222,17767.01,Enzyme
4ear_1,A,3,C3,P00491,1.7,324,Homo sapiens (Human),990,618,2.90,0.49,551,4.16,3.42,4.16,2.95,1.18,134434.39,5.40,390,256,21891.42,Enzyme
4ekn_1,B,3,C3,Q58976,2.4996,306,Methanocaldococcus jannaschii (strain ATCC 43067 / DSM 2661 / JAL-1 / JCM 10045 / NBRC 100440) (Methanococcus jannaschii),934,1305,3.27,0.54,621,4.07,3.35,4.07,2.86,1.23,140248.09,5.91,459,297,25984.98,Enzyme
4eqy_2,E,3,C3,Q2SWY6,1.8,283,Burkholderia thailandensis (strain ATCC 700388 / DSM 13276 / CCUG 48851 / CIP 106301 / E264),995,881,2.85,0.56,594,4.08,3.22,4.08,2.85,1.45,115955.22,5.34,331,289,22194.75,Enzyme
4ex8_1,A,3,C3,B6SEG5,2.1,316,Streptomyces sp. CM020,647,557,3.33,0.64,639,3.97,3.25,3.97,2.76,1.65,123208.41,5.37,410,324,27193.56,Enzyme
4ezc_1,A,3,C3,Q5QF96,2.35,384,Bos taurus (Bovine),677,313,3.28,0.49,799,4.32,3.84,4.32,3.45,0.98,158425.35,5.83,519,321,25865.83,Transport
4f2g_3,A,3,C3,Q2T0L1,2.1,309,Burkholderia thailandensis (strain ATCC 700388 / DSM 13276 / CCUG 48851 / CIP 106301 / E264),874,1417,3.30,0.48,624,4.08,3.44,4.08,2.97,0.86,131768.36,5.58,435,271,22094.87,Enzyme
4f3j_1,A,3,C3,Q9BXJ0,1.337,148,Homo sapiens (Human),109,1150,1.93,0.47,234,3.75,2.84,3.75,2.36,0.98,63873.20,5.98,123,120,10429.47,Binding
4f47_1,A,3,C3,B2HI06,1.75,278,Mycobacterium marinum (strain ATCC BAA-535 / M),1004,8702,2.40,0.47,510,4.17,3.47,4.17,3.01,1.07,102583.12,6.71,246,207,17158.71,Other
4fbz_1,A,3,C3,I4DST7,2.7,241,Natrinema thermotolerans,399,231,3.33,0.54,570,4.12,3.54,4.12,3.24,1.05,106223.50,4.34,354,258,20455.79,Other
4fn7_1,A,3,C3,P96907,1.25,231,Mycobacterium tuberculosis,981,2046,2.80,0.51,515,4.23,3.61,4.23,3.30,1.54,108998.22,5.39,305,244,18540.13,Enzyme
4fur_2,D,3,C3,Q2YQE0,2.1,104,Brucella abortus (strain 2308),151,193,1.95,0.70,213,3.81,3.29,3.81,2.94,1.96,45053.01,4.52,88,123,10499.51,Enzyme
4fyu_4,A,3,C3,Q8ISA0,1.94,145,Wuchereria bancrofti,171,2879,2.18,0.61,304,3.93,3.33,3.93,2.94,1.11,68783.03,5.23,150,168,14287.43,Other
4g3q_1,A,3,C3,P96382,1.9,501,Mycobacterium tuberculosis,1177,936,3.15,0.48,1023,3.95,3.21,3.95,2.76,1.35,202136.37,9.71,636,438,35212.31,Other
4g9q_1,A,3,C3,Q930A6,1.77,269,Rhizobium meliloti (strain 1021) (Ensifer meliloti) (Sinorhizobium meliloti),627,268,2.17,0.46,528,4.24,3.65,4.24,3.27,0.25,105078.55,6.00,228,198,16864.17,Enzyme
4gb5_1,A,3,C3,D2PTS5,1.55,159,Kribbella flavida (strain DSM 17836 / JCM 10339 / NBRC 14399),590,330,2.07,0.57,362,3.77,3.07,3.77,2.56,1.37,66686.10,4.72,138,168,13670.63,Other
4ghu_1,A,3,C3,Q60803,2.19,198,Mus musculus (Mouse),92,663,1.81,0.42,375,3.79,3.04,3.79,2.59,0.83,93061.32,8.25,168,150,12937.82,Enzyme
4gim_1,A,3,C3,P33025,1.8,335,Escherichia coli (strain K12),649,569,3.53,0.46,690,4.22,3.60,4.22,3.16,1.34,132999.55,5.40,470,280,21133.09,Enzyme
4gjh_1,A,3,C3,P70191,2.8,178,Mus musculus (Mouse),80,1026,2.53,0.68,318,3.54,2.81,3.54,2.36,0.95,79294.60,5.59,201,221,17995.17,Enzyme
4gk6_1,A,3,C3,B1MCW0,1.65,138,Mycobacteroides abscessus (strain ATCC 19977 / DSM 44196 / CCUG 20993 / CIP 104536 / JCM 13569 / NCTC 13031 / TMC 1543 / L948) (Mycobacterium abscessus),465,1451,1.35,0.38,192,3.57,2.59,3.57,2.10,2.08,57575.97,6.73,78,90,7831.24,Enzyme
4glj_1,A,3,C3,C6KFA4,1.9,297,uncultured bacterium,1003,438,3.24,0.50,546,4.01,3.29,4.01,2.80,1.30,125751.85,5.37,408,267,22275.93,Other
4gv8_1,A,3,C3,Q8SDV3,2.1,169,Staphylococcus phage phi11 (Bacteriophage phi-11),321,1452,1.75,0.39,228,3.74,2.88,3.74,2.42,1.16,68503.55,6.76,120,125,8867.24,Enzyme
4gy7_1,A,3,C3,P07374,1.49,840,Canavalia ensiformis (Jack bean) (Dolichos ensiformis),1024,59,3.25,0.34,1681,4.44,3.58,4.44,2.99,0.73,366392.41,11.41,1191,528,44941.26,Enzyme
4gyb_1,A,3,C3,D6EFA0,2.4,343,Streptomyces lividans TK24,138,120,2.50,0.38,531,4.06,3.16,4.06,2.49,0.42,123393.95,6.39,308,205,16516.49,Other
4h31_1,A,3,C3,Q8DCF5,1.7,358,Vibrio vulnificus (strain CMCP6),974,824,3.15,0.48,740,4.31,3.67,4.31,3.30,0.92,154718.62,5.46,488,298,24912.78,Enzyme
4hk1_1,A,3,C3,P17917,2,263,Drosophila melanogaster (Fruit fly),822,734,2.81,0.70,483,3.61,2.75,3.61,2.31,2.02,104577.65,4.94,294,315,25118.59,Enzyme
4hur_1,A,3,C3,P26839,2.02,220,Staphylococcus aureus,550,279,1.71,0.52,417,3.93,3.27,3.93,2.76,1.20,108867.91,7.56,186,227,19133.77,Enzyme
4hz5_10,A,3,C3,H7C794,2.7,216,Enterococcus faecalis (strain ATCC 700802 / V583),69,1451,2.91,0.60,341,4.04,3.36,4.04,2.97,1.24,84576.11,4.11,246,195,17028.47,Enzyme
4hze_1,A,3,C3,P78540,1.6,306,Homo sapiens (Human),917,1873,3.41,0.51,683,4.26,3.58,4.26,3.13,1.22,147886.92,4.83,505,301,25559.4,Enzyme
4ic5_1,A,3,C3,Q9SEL7,2.6,291,Arabidopsis thaliana (Mouse-ear cress),65,1549,3.21,0.60,377,3.87,3.02,3.87,2.46,1.00,89970.09,5.55,289,213,18035.85,Enzyme
4iyq_1,A,3,C3,Q2GG79,2.55,127,Ehrlichia chaffeensis (strain ATCC CRL-10679 / Arkansas),922,741,1.67,0.47,207,3.95,3.25,3.95,2.78,1.64,47229.86,4.80,79,83,7314.51,Binding
4j4e_1,A,3,NPS,P81180,2.4,101,Nostoc ellipsosporum,8,322,0.28,0.37,146,3.86,3.14,3.86,2.56,-0.65,42733.41,8.58,12,61,5242.65,Binding
4jcu_1,A,3,C3,Q9RYT1,2.4,150,Deinococcus radiodurans (strain ATCC 13939 / DSM 20539 / JCM 16871 / CCUG 27074 / LMG 4051 / NBRC 15346 / NCIMB 9279 / VKM B-1422 / R1),380,129,1.57,0.42,230,4.07,3.41,4.07,3.07,1.43,59378.89,5.70,93,96,8483.13,Enzyme
4jfc_1,A,3,C3,Q129C0,2.25,281,Polaromonas sp. JS666,1124,8390,2.26,0.49,549,4.14,3.41,4.14,2.94,1.39,106128.84,7.76,240,213,17666.76,Other
4jot_1,A,3,C3,Q9RY37,1.94,279,Deinococcus radiodurans (strain ATCC 13939 / DSM 20539 / JCM 16871 / CCUG 27074 / LMG 4051 / NBRC 15346 / NCIMB 9279 / VKM B-1422 / R1),985,1116,2.39,0.56,519,4.03,3.36,4.03,2.89,1.52,105656.11,7.01,253,246,20235.88,Enzyme
4jvt_1,A,3,C3,Q47NQ8,1.65,297,Thermobifida fusca (strain YX),1058,2251,2.24,0.47,555,4.11,3.39,4.11,2.94,1.40,110480.62,6.39,248,252,19257.18,Enzyme
4k0j_2,D,3,C3,Q1LCD8,3,1045,Cupriavidus metallidurans (strain ATCC 43123 / DSM 2839 / NBRC 102507 / CH34) (Ralstonia metallidurans),1100,4908,3.69,0.58,1865,4.31,3.70,4.31,3.28,1.24,410962.93,12.54,1518,968,79370.39,Transport
4k2n_1,A,3,C3,Q2W7Q6,2,281,Paramagnetospirillum magneticum (strain ATCC 700264 / AMB-1) (Magnetospirillum magneticum),1085,7876,2.44,0.54,555,4.13,3.39,4.13,2.88,1.13,114301.89,7.27,279,240,20680.25,Other
4k3w_1,A,3,C3,A1U4G2,2.3,296,Marinobacter nauticus (strain ATCC 700491 / DSM 11845 / VT8) (Marinobacter aquaeolei),1036,7394,2.03,0.56,546,4.17,3.57,4.17,3.12,1.56,111193.53,7.42,226,246,20816.76,Enzyme
4k7r_1,A,3,C3,P77211,2.09,446,Escherichia coli (strain K12),953,4462,2.34,0.52,1002,3.88,3.37,3.88,3.04,0.82,190669.57,15.96,447,450,34343.51,Transport
4k8u_1,A,3,C3,Q9BUZ4,2.3,198,Homo sapiens (Human),44,776,2.48,0.71,260,3.91,3.21,3.91,2.86,0.87,80736.84,6.07,200,218,19341.52,Enzyme
4kd6_1,A,3,C3,B1GB42,2.25,275,Paraburkholderia graminis (strain ATCC 700544 / DSM 17151 / LMG 18924 / NCIMB 13744 / C4D1M),781,4002,2.54,0.58,441,4.13,3.44,4.13,2.92,1.17,94541.22,4.71,240,215,18559.88,Enzyme
4knu_1,A,3,C3,Q82VX5,1.8,285,Nitrosomonas europaea (strain ATCC 19718 / CIP 103999 / KCTC 2705 / NBRC 14298),226,444,2.80,0.42,546,4.18,3.33,4.18,2.87,0.52,137825.95,5.56,386,238,19221.88,Enzyme
4kpk_1,A,3,C3,A8H6D2,2.1,314,Shewanella pealeana (strain ATCC 700345 / ANG-SQ1),1121,2142,2.08,0.49,585,4.06,3.48,4.06,3.05,1.48,116983.78,8.03,243,213,19693.57,Enzyme
4l35_1,A,3,C3,P94854,2.1,250,Haloarcula vallismortis (Halobacterium vallismortis),348,247,3.02,0.52,600,4.05,3.50,4.05,3.20,0.99,106374.44,4.92,321,264,19053.39,Transport
4l8o_1,A,3,C3,B4YSU1,2.2,188,[Clostridium] hylemonae DSM 15053,643,57,1.69,0.54,372,3.60,3.00,3.60,2.55,0.45,76224.44,8.81,129,162,14118.22,Enzyme
4l8p_1,A,3,C3,Q9RB47,1.6,187,Peptacetobacter hiranonis (strain DSM 13275 / JCM 10541 / KCTC 15199 / TO-931) (Clostridium hiranonis),634,61,1.87,0.52,366,3.65,3.04,3.65,2.58,0.09,78760.02,8.98,147,171,14345.66,Enzyme
4leh_1,A,3,C3,B0NI18,2.9,185,[Clostridium] scindens ATCC 35704,624,56,1.83,0.58,342,3.67,2.95,3.67,2.44,0.45,77220.84,9.04,141,174,15082.9,Other
4lej_1,A,3,C3,V9VGU0,2.4,407,Pinus koraiensis,251,276,2.57,0.42,654,4.05,3.03,4.05,2.42,0.99,158555.23,9.35,408,247,22399.95,Other
4lgo_1,A,3,C3,Q64HT0,1.7,136,Bartonella quintana (Rochalimaea quintana),10,451,0.10,0.23,181,3.45,2.84,3.45,2.43,-0.64,52026.54,10.25,5,44,4094.57,Other
4lhp_3,G,3,C3,F2Z288,2,136,coryneform bacterium,768,321,1.53,0.38,244,3.92,3.32,3.92,2.97,1.76,58984.79,5.17,90,106,7536.18,Enzyme
4lhr_1,A,3,C3,Q2T0H6,1.5,156,Burkholderia thailandensis (strain ATCC 700388 / DSM 13276 / CCUG 48851 / CIP 106301 / E264),533,1578,1.53,0.36,207,3.81,2.78,3.81,2.27,2.33,59016.33,6.40,90,99,7740.91,Enzyme
4lk5_1,A,3,C3,Q73WM1,2.5,292,Mycolicibacterium paratuberculosis (strain ATCC BAA-968 / K-10) (Mycobacterium paratuberculosis),900,8141,2.59,0.60,509,4.18,3.46,4.18,3.11,1.66,99392.17,5.86,257,240,19529.45,Other
4lkb_2,F,3,C3,Q8YNJ7,2.16,151,Nostoc sp. PCC 7120 = FACHB-418,857,40,1.48,0.40,229,4.26,3.51,4.26,3.12,2.51,58926.81,5.45,87,96,7827.64,Other
4lna_1,A,3,C3,D2QIK7,2.1,293,Spirosoma linguale (strain ATCC 33905 / DSM 74 / LMG 10896 / Claus 1),971,925,2.76,0.56,468,4.00,3.25,4.00,2.68,1.62,118780.53,5.18,328,292,23222.72,Enzyme
4m1a_1,A,3,C3,D1AJN4,1.9,126,Sebaldella termitidis (strain ATCC 33386 / NCTC 11300),551,83,1.35,0.38,195,3.80,3.06,3.80,2.67,1.99,51189.50,5.37,69,66,6694.46,Other
4m98_1,A,3,C3,Q5FAE1,1.67,208,Neisseria gonorrhoeae (strain ATCC 700825 / FA 1090),1136,2763,3.18,0.55,444,3.91,3.07,3.91,2.67,1.87,81155.23,4.59,258,209,15339.14,Enzyme
4m9c_1,A,3,C3,B7H2H9,1.9,216,Acinetobacter baumannii,1094,1859,2.90,0.57,444,4.02,3.27,4.02,2.76,1.77,93653.18,5.42,272,220,17847.92,Other
4mfg_2,D,3,C3,Q183I2,2,168,Clostridioides difficile (strain 630) (Peptoclostridium difficile),856,1771,2.90,0.64,420,4.04,3.25,4.04,2.71,1.30,73343.09,3.98,213,186,16229.12,Enzyme
4mi2_1,A,3,C3,B1MJ43,2.3,267,Mycobacteroides abscessus (strain ATCC 19977 / DSM 44196 / CCUG 20993 / CIP 104536 / JCM 13569 / NCTC 13031 / TMC 1543 / L948) (Mycobacterium abscessus),1079,8888,2.44,0.49,584,4.26,3.52,4.26,3.15,1.33,106801.55,7.58,261,238,17438.47,Enzyme
4mob_1,A,3,C3,Q8WYK0,2.4,332,Homo sapiens (Human),678,409,2.97,0.59,675,3.86,3.09,3.86,2.64,0.84,142087.30,5.43,422,331,29230.61,Enzyme
4mou_1,A,3,C3,A1RAA6,2.2,294,Paenarthrobacter aurescens (strain TC1),1024,5555,2.13,0.56,525,4.04,3.29,4.04,2.86,1.44,115404.19,6.71,246,265,21726.99,Enzyme
4mt0_1,A,3,C3,Q51006,3.29,447,Neisseria gonorrhoeae,953,4491,2.56,0.57,877,3.76,3.25,3.76,2.80,0.74,189703.93,14.44,486,465,36321.8,Transport
4mt1_1,A,3,C3,D1E405,3.54,1056,Neisseria gonorrhoeae PID332,695,4531,3.48,0.53,1931,3.86,3.20,3.86,2.74,1.31,429660.96,13.87,1497,1017,75504.62,Other
4mt4_1,A,3,C3,Q8RTE3,2.37,479,Campylobacter jejuni,947,4398,2.25,0.44,1057,4.02,3.53,4.02,3.18,0.43,226662.31,14.97,511,433,33595.63,Transport
4myk_1,A,3,C3,Q4DSA0,1.52,316,Trypanosoma cruzi (strain CL Brener),917,1152,3.59,0.45,609,4.29,3.59,4.29,3.11,1.09,125306.41,6.38,450,252,19502.99,Binding
4n27_1,A,3,C3,Q2YQG1,2.7,195,Brucella abortus (strain 2308),1064,799,3.03,0.52,369,4.17,3.33,4.17,2.79,1.36,74188.57,5.42,225,158,13056.87,Enzyme
4n72_1,A,3,C3,Q8X966,2.25,249,Escherichia coli O157:H7,249,3455,2.10,0.49,449,3.92,3.38,3.92,2.95,1.90,111514.81,7.63,234,215,18370.32,Enzyme
4nbq_1,A,3,C3,Q83D87,2.9,715,Coxiella burnetii (strain RSA 493 / Nine Mile phase I),817,562,2.98,0.63,1168,4.18,3.52,4.18,3.08,1.17,277387.67,9.66,828,694,59782.56,Enzyme
4nf2_1,A,3,C3,Q81M99,1.74,340,Bacillus anthracis,951,1280,3.13,0.50,685,4.25,3.58,4.25,3.14,1.13,147735.89,5.30,462,279,24342.67,Enzyme
4nnq_1,A,3,C3,Q8GGP6,2.01,268,Streptomyces atroolivaceus,929,1779,2.59,0.57,497,4.27,3.58,4.27,3.18,1.76,99405.95,6.42,257,229,18787.58,Other
4nsn_1,A,3,C3,B2RKN6,1.6,295,Porphyromonas gingivalis (strain ATCC 33277 / DSM 20709 / CIP 103683 / JCM 12257 / NCTC 11834 / 2561),950,756,2.89,0.52,506,4.22,3.63,4.22,3.21,1.45,122003.98,5.28,352,266,21323.3,Enzyme
4ntf_1,A,3,C3,Q60860,1.994,156,Mus musculus (Mouse),449,84,1.53,0.64,371,3.95,3.52,3.95,3.21,1.51,66615.84,6.24,102,165,14849.27,Enzyme
4og1_1,A,3,C3,Q2GB23,2.05,290,Novosphingobium aromaticivorans (strain ATCC 700278 / DSM 12444 / CCUG 56034 / CIP 105152 / NBRC 16084 / F199),1004,6129,2.59,0.49,549,4.20,3.52,4.20,3.01,1.31,110898.13,6.79,287,222,19020.29,Enzyme
4ogg_1,A,3,C3,Q9M8R4,1.6,388,Arabidopsis thaliana (Mouse-ear cress),835,514,3.49,0.45,799,4.35,3.61,4.35,3.16,1.32,178385.81,6.34,622,343,26569.11,Enzyme
4oh7_2,B,3,C3,C0RH19,1.5,320,Brucella melitensis biotype 2 (strain ATCC 23457),956,1383,3.46,0.46,669,4.10,3.41,4.10,3.03,0.83,132549.02,5.73,459,288,22108.52,Enzyme
4oif_1,A,3,C3,F8TRX0,2.448,686,Geobacillus stearothermophilus (Bacillus stearothermophilus),1136,522,3.41,0.38,1411,4.41,3.70,4.41,3.22,0.51,340504.47,6.78,1161,512,42869.78,Enzyme
4oop_1,A,3,C3,Q9STG6,1.5,166,Arabidopsis thaliana (Mouse-ear cress),345,1184,1.19,0.29,187,3.77,3.05,3.77,2.50,1.99,65794.73,6.41,78,78,6290.49,Enzyme
4p7s_1,A,3,C3,Q6Q3H7,2.88,114,Plasmodium falciparum (malaria parasite P. falciparum),451,410,1.92,0.52,173,3.72,3.10,3.72,2.64,1.65,39637.08,4.95,76,93,7194.87,Enzyme
4pd6_1,A,3,C3,Q9KPL5,2.08,424,Vibrio cholerae serotype O1 (strain ATCC 39315 / El Tor Inaba N16961),538,709,3.61,0.57,965,4.13,3.62,4.13,3.24,1.24,162393.38,5.85,586,423,32011.15,Transport
4q1i_1,A,3,C3,P40802,2.1,268,Bacillus subtilis (strain 168),707,2329,2.99,0.57,477,4.57,3.89,4.57,3.41,1.49,102095.88,5.25,305,220,18456.19,Enzyme
4q1k_1,A,3,C3,P40802,1.75,268,Bacillus subtilis (strain 168),905,2265,2.77,0.51,539,4.48,3.81,4.48,3.33,1.45,115703.85,5.71,320,232,19116.92,Enzyme
4q40_3,C,3,C3,Q6WVP6,1.83,385,Schistosoma mansoni (Blood fluke),894,299,3.34,0.44,730,4.17,3.44,4.17,2.94,1.01,147753.26,11.38,494,274,22656.34,Enzyme
4qdc_1,A,3,C3,F1CMY8,1.9,390,Rhodococcus rhodochrous,703,471,2.87,0.54,732,3.92,3.09,3.92,2.55,0.84,171365.72,7.70,492,405,32460.93,Enzyme
4qdf_2,B,3,C3,F1CMY8,2.43,394,Rhodococcus rhodochrous,691,424,2.74,0.67,654,3.76,3.00,3.76,2.50,1.06,164993.43,7.56,452,447,37617.12,Enzyme
4qfe_4,G,3,C3,A0QS88,1.95,259,Mycolicibacterium smegmatis (strain ATCC 700084 / mc(2)155) (Mycobacterium smegmatis),658,3536,2.66,0.47,472,4.16,3.44,4.16,2.97,1.21,97753.41,5.69,260,195,15545.57,Other
4qi1_1,A,3,C3,Q18DH8,1.85,262,Haloquadratum walsbyi (strain DSM 16790 / HBSQ001),323,161,2.74,0.49,590,4.17,3.77,4.17,3.43,0.90,115392.84,4.90,316,260,19310.38,Transport
4qnl_1,A,3,C3,G0XNW5,2.4,859,Escherichia phage vB_EcoP_G7C,7,6,3.13,0.38,1608,4.06,3.21,4.06,2.62,0.38,369068.25,18.95,1155,666,48464.72,Binding
4qo5_1,A,3,C3,A8AB33,1.697,521,Ignicoccus hospitalis (strain KIN4/I / DSM 18386 / JCM 14125),301,63,2.63,0.39,1113,4.01,3.40,4.01,2.95,0.63,239923.35,8.43,630,450,34231.26,Binding
4qpy_1,A,3,C3,Q8CFR0,2,136,Mus musculus (Mouse),121,3096,2.13,0.46,247,4.21,3.31,4.21,2.69,0.77,59204.44,5.14,126,119,9048.23,Binding
4qqh_1,A,3,C3,Q9ESN4,1.2,137,Mus musculus (Mouse),109,3019,1.92,0.36,249,4.02,2.98,4.02,2.42,0.72,59299.48,5.53,114,114,7776.89,Signalling
4r25_1,A,3,C3,Q07428,2.519,114,Bacillus subtilis (strain 168),740,555,1.09,0.46,192,3.64,2.79,3.64,2.25,2.01,49394.17,6.48,54,78,7627.59,Regulatory
4r36_1,A,3,C3,Q5LH16,1.9,275,Bacteroides fragilis (strain ATCC 25285 / DSM 2151 / CCUG 4856 / JCM 11019 / LMG 10263 / NCTC 9343 / Onslow / VPI 2553 / EN-2),953,777,3.20,0.54,561,4.13,3.28,4.13,2.84,1.39,112495.06,5.89,360,255,21814.14,Enzyme
4rhj_6,F,3,C3,Q581Y0,1.8,351,Trypanosoma brucei brucei (strain 927/4 GUTat10.1),607,8,3.39,0.59,509,3.74,3.10,3.74,2.56,1.30,124651.65,5.85,423,285,24850.05,Enzyme
4rjw_1,A,3,C3,P32977,1.52,429,Pseudomonas aeruginosa (strain ATCC 15692 / DSM 22644 / CIP 104116 / JCM 14847 / LMG 12228 / 1C / PRS 101 / PAO1),240,687,2.79,0.42,906,3.94,3.02,3.94,2.51,-0.64,191074.59,9.00,534,402,29370.34,Transport
4rr1_1,A,3,C3,H9UXC8,2.3,320,Escherichia coli,159,8004,2.16,0.49,428,3.88,3.03,3.88,3.16,1.40,163632.07,4.45,354,339,27846.71,Other
4ru3_1,A,3,C3,B7VFI6,1.17,221,Pseudomonas phage SN,247,64,0.38,0.24,363,3.75,3.04,3.75,2.52,1.90,92535.71,12.19,35,93,8177.14,Binding
4twg_1,A,3,C3,A0PL01,1.85,161,Mycobacterium ulcerans (strain Agy99),469,997,2.88,0.60,334,4.09,3.43,4.09,3.00,1.68,63284.74,3.92,182,165,12622.17,Other
4u19_1,A,3,C3,O75521,1.88,276,Homo sapiens (Human),756,2880,2.66,0.57,554,4.25,3.68,4.25,3.28,1.06,111660.79,5.72,297,255,22034.09,Enzyme
4u5r_1,A,3,C3,Q0SDB1,1.55,152,Rhodococcus jostii (strain RHA1),464,157,1.61,0.51,286,3.97,3.41,3.97,3.02,0.96,76287.17,5.33,123,144,13007.81,Binding
4uc0_1,A,3,C3,B9JYS2,2.4,291,Allorhizobium ampelinum (strain ATCC BAA-846 / DSM 112012 / S4) (Agrobacterium vitis (strain S4)),1042,767,3.01,0.61,441,3.82,3.03,3.82,2.53,2.01,101689.53,4.47,306,267,20696.53,Enzyme
4uoz_1,A,3,C3,C6A6W5,2.3,695,Bifidobacterium animalis subsp. lactis Bl-04,1146,397,3.52,0.40,1354,4.35,3.62,4.35,3.18,0.83,314915.53,6.89,1107,526,41615.03,Other
4usi_1,A,3,C3,A8JI83,1.45,154,Chlamydomonas reinhardtii,580,42,0.90,0.32,199,3.93,3.24,3.93,2.83,1.26,53151.90,5.44,48,76,6007.62,Other
4usx_1,A,3,C3,Q63TA4,1.8,371,Burkholderia pseudomallei (strain K96243),23,1226,0.39,0.21,356,3.75,3.08,3.75,2.63,1.38,85585.82,15.79,33,81,5897.41,Binding
4uzs_1,A,3,C3,E3EPA1,1.7,689,Bifidobacterium bifidum S17,1136,468,3.21,0.35,1351,4.31,3.59,4.31,3.17,0.67,341209.81,6.82,1095,536,40868.74,Other
4w1t_1,A,3,C3,B5HSR1,1.55,293,Streptomyces sviceus (strain ATCC 29083 / DSM 924 / JCM 4929 / NBRC 13980 / NCIMB 11184 / NRRL 5439 / UC 5370),155,280,2.25,0.40,501,4.14,3.39,4.14,2.86,0.47,131703.92,6.30,296,216,17480.09,Enzyme
4wac_1,A,3,C3,Q2FI41,2.4,498,Staphylococcus aureus,728,343,3.29,0.67,988,3.86,3.18,3.86,2.73,0.86,229890.99,5.36,756,597,51775.69,Other
4wcz_2,D,3,C3,A4XEF6,1.82,272,Novosphingobium aromaticivorans (strain ATCC 700278 / DSM 12444 / CCUG 56034 / CIP 105152 / NBRC 16084 / F199),1070,7878,2.15,0.45,529,4.14,3.49,4.14,3.00,1.56,113404.07,7.53,244,216,17177.95,Enzyme
4wn0_1,A,3,C3,Q5PPM0,2.2,289,Xenopus laevis (African clawed frog),218,69,3.60,0.43,591,4.18,3.37,4.18,2.89,0.35,123296.74,4.49,444,249,18780.24,Binding
4xcw_2,D,3,C3,Q9ZL45,1.8,178,Helicobacter pylori (strain J99 / ATCC 700824) (Campylobacter pylori J99),512,1012,2.66,0.60,352,4.01,3.38,4.01,3.01,1.00,84510.35,4.95,225,179,17081.39,Enzyme
4xel_2,B,3,C3,Q9HWZ6,2,183,Pseudomonas aeruginosa (strain ATCC 15692 / DSM 22644 / CIP 104116 / JCM 14847 / LMG 12228 / 1C / PRS 101 / PAO1),683,524,2.53,0.53,315,3.69,2.93,3.69,2.37,1.24,73544.51,4.80,186,177,13491.27,Enzyme
4xjc_2,B,3,C3,Q9KFV3,2.35,177,Halalkalibacterium halodurans (strain ATCC BAA-125 / DSM 18197 / FERM 7344 / JCM 9153 / C-125) (Bacillus halodurans),423,902,1.79,0.33,295,4.10,3.17,4.10,2.49,1.47,81427.09,5.71,146,101,9181.03,Enzyme
4yli_1,A,3,C3,Q9BWP8,2.45,155,Homo sapiens (Human),194,2236,2.49,0.77,332,3.75,3.10,3.75,2.77,0.59,67945.77,6.63,169,195,17549.13,Regulatory
4yo1_1,A,3,C3,Q5ZVV9,2.8,351,Legionella pneumophila subsp. pneumophila (strain Philadelphia 1 / ATCC 33152 / DSM 7513),174,2982,3.43,0.82,495,3.57,2.68,3.57,2.20,1.67,113709.86,4.00,390,339,31174.21,Enzyme
4yse_1,A,3,C3,P38501,1.2,342,Alcaligenes faecalis,491,202,2.57,0.39,693,4.23,3.42,4.23,2.88,0.85,160589.79,8.48,413,262,20879.06,Enzyme
4z0m_1,A,3,C3,I6Y4E8,1.97,269,Mycobacterium tuberculosis (strain ATCC 25618 / H37Rv),759,3240,2.54,0.45,491,4.25,3.51,4.25,3.06,1.20,102562.85,7.00,261,207,15814.16,Other
4zu2_1,A,3,C3,Q9HZV7,2.13,272,Pseudomonas aeruginosa (strain ATCC 15692 / DSM 22644 / CIP 104116 / JCM 14847 / LMG 12228 / 1C / PRS 101 / PAO1),1122,7642,2.38,0.46,587,4.46,3.82,4.46,3.41,1.49,112175.40,7.20,267,215,17181.49,Other
5aex_3,H,3,C3,P41948,3.2,505,Saccharomyces cerevisiae (strain ATCC 204508 / S288c) (Baker's yeast),733,1179,3.58,0.39,873,4.67,4.04,4.67,3.61,0.71,186406.31,7.36,668,294,24426.53,Transport
5aez_1,A,3,C3,Q59UP8,1.47,486,Candida albicans (strain SC5314 / ATCC MYA-2876) (Yeast),780,1284,3.48,0.39,1044,4.43,3.81,4.43,3.30,0.58,201847.24,7.32,702,336,27675.74,Transport
5akr_1,A,3,C3,P25006,0.87,378,Achromobacter cycloclastes,487,109,2.15,0.32,630,4.06,3.18,4.06,3.09,0.94,190222.29,8.54,409,265,22018.78,Enzyme
5azp_1,A,3,C3,Q9I0Y7,1.69,455,Pseudomonas aeruginosa (strain ATCC 15692 / DSM 22644 / CIP 104116 / JCM 14847 / LMG 12228 / 1C / PRS 101 / PAO1),969,4385,2.24,0.42,1044,4.05,3.59,4.05,3.25,0.83,224897.72,15.22,503,399,31517.3,Transport
5azs_1,A,3,C3,Q51397,3.1,468,Pseudomonas aeruginosa (strain ATCC 15692 / DSM 22644 / CIP 104116 / JCM 14847 / LMG 12228 / 1C / PRS 101 / PAO1),943,4197,2.48,0.54,961,4.11,3.64,4.11,3.35,0.87,186998.96,15.04,464,412,33414.19,Transport
5b0w_1,A,3,C3,Q3ITX1,1.7,291,Natronomonas pharaonis DSM 2160,329,35,3.15,0.48,645,4.40,3.92,4.40,3.66,1.12,119056.09,4.83,375,259,19920.98,Other
5b2e_1,A,3,C3,O58235,1.8,272,Pyrococcus horikoshii (strain ATCC 700860 / DSM 12428 / JCM 9974 / NBRC 100139 / OT-3),976,1373,2.52,0.42,580,4.36,3.83,4.36,3.41,0.85,128099.55,7.81,323,200,18020.36,Enzyme
5b7o_1,A,3,C3,B5TV91,2.95,292,Leishmania donovani,795,610,3.21,0.67,486,3.87,2.99,3.87,2.47,1.63,107348.01,5.29,345,287,24138.17,Enzyme
5b8f_1,A,3,C3,P57708,1.45,164,Pseudomonas aeruginosa (strain ATCC 15692 / DSM 22644 / CIP 104116 / JCM 14847 / LMG 12228 / 1C / PRS 101 / PAO1),483,1067,2.39,0.45,330,3.99,3.24,3.99,2.84,1.80,76243.06,5.10,182,133,11369.64,Enzyme
5bka_2,D,3,C3,Q7AKI2,2.11,146,Streptomyces coelicolor (strain ATCC BAA-471 / A3(2) / M145),429,133,1.86,0.55,274,6.79,5.67,6.79,4.79,1.33,61187.14,5.05,114,133,11074.55,Enzyme
5bmo_1,A,3,C3,Q8GGM8,1.92,246,Streptomyces atroolivaceus,905,238,3.32,0.57,507,4.17,3.53,4.17,3.10,1.02,107764.55,6.24,358,244,20528.13,Enzyme
5bp7_4,A,3,C3,Q74AD5,2.1,271,Geobacter sulfurreducens (strain ATCC 51573 / DSM 12127 / PCA),428,145,2.93,0.56,486,4.09,3.45,4.09,3.01,0.85,113252.97,6.17,332,256,21135.28,Enzyme
5c9g_2,D,3,C3,Q0C365,2.1,282,Hyphomonas neptunium (strain ATCC 15444),1131,7801,2.16,0.52,582,4.05,3.45,4.05,3.00,1.48,118770.54,7.96,257,274,21466.47,Enzyme
5cco_1,A,3,C3,A4ZF98,2.33,170,Staphylococcus phage 80alpha,476,1524,1.43,0.34,222,3.60,2.66,3.60,2.13,1.56,73214.21,6.05,105,99,8591.15,Enzyme
5cfk_2,B,3,C3,B5TV91,3.2,259,Leishmania donovani,810,712,3.13,0.73,467,3.96,3.22,3.96,2.80,1.63,109295.48,5.09,342,307,26533.99,Enzyme
5cge_1,A,3,C3,Q6GEY3,1.62,277,Staphylococcus aureus (strain MRSA252),909,740,3.28,0.53,567,4.13,3.52,4.13,3.11,1.74,112864.65,5.71,370,234,19682.06,Enzyme
5cxd_1,A,3,C3,Q5HED0,1.75,122,Staphylococcus aureus (strain COL),643,1644,1.81,0.63,279,3.98,3.34,3.98,2.95,1.48,59169.96,5.65,107,131,12159.48,Enzyme
5d4l_1,A,3,C3,D5X329,2.3,116,Thiomonas intermedia (strain K12) (Thiobacillus intermedius),500,82,1.49,0.48,180,3.62,2.74,3.62,2.28,1.78,44154.16,5.51,66,84,7064.46,Regulatory
5d4n_1,A,3,C3,D5X329,1.6,108,Thiomonas intermedia (strain K12) (Thiobacillus intermedius),668,106,1.29,0.43,180,3.99,3.25,3.99,2.71,2.62,44026.32,5.33,57,84,7139.41,Regulatory
5dem_1,A,3,C3,A6V1E4,1.809,258,Pseudomonas paraeruginosa (strain DSM 24068 / PA7) (Pseudomonas aeruginosa (strain PA7)),989,1132,3.08,0.57,612,4.16,3.36,4.16,2.90,1.19,115097.91,5.36,354,261,22083.22,Enzyme
5duf_1,A,3,C3,P9WNP1,1.43,263,Mycobacterium tuberculosis (strain ATCC 25618 / H37Rv),963,7059,2.60,0.52,543,4.04,3.38,4.04,2.91,1.24,105094.84,6.51,273,234,19892.22,Enzyme
5e0n_1,X,3,C3,A0QX16,2.06,293,Mycolicibacterium smegmatis (strain ATCC 700084 / mc(2)155) (Mycobacterium smegmatis),469,6479,2.61,0.53,462,4.11,3.48,4.11,2.98,1.89,90679.02,5.26,237,198,16974.68,Enzyme
5e1r_1,A,3,C3,B3STU4,2.65,426,Carya illinoinensis (Pecan),276,225,2.71,0.38,656,4.27,3.50,4.27,2.91,0.79,158100.11,9.37,428,244,20257.94,Binding
5e3q_1,A,3,C3,Q8NRE3,1.8,302,Corynebacterium glutamicum (strain ATCC 13032 / DSM 20300 / JCM 1318 / BCRC 11384 / CCUG 27702 / LMG 3730 / NBRC 12168 / NCIMB 10025 / NRRL B-2784 / 534),113,47,2.69,0.47,550,3.94,3.09,3.94,2.53,1.61,118744.22,8.88,320,270,20100.6,Enzyme
5e9a_1,A,3,C3,A0A0B4U8I5,2.561,712,Rahnella sp. R3,1139,498,3.72,0.42,1361,4.30,3.55,4.30,3.10,0.56,306236.81,6.38,1140,531,42375.67,Enzyme
5f7j_1,A,3,C3,I0B503,1.66,320,Schistosoma mansoni (Blood fluke),945,422,2.85,0.51,558,4.14,3.59,4.14,3.12,1.20,137231.87,5.60,391,271,22822.44,Enzyme
5f9k_1,A,3,C3,Q54BW5,2.179,146,Dictyostelium discoideum (Social amoeba),332,1751,1.35,0.36,178,3.92,3.17,3.92,2.67,2.22,58387.02,6.82,79,89,6901.6,Enzyme
5ffs_1,A,3,C3,P08427,1.7,148,Rattus norvegicus (Rat),147,711,2.15,0.66,297,3.82,3.18,3.82,2.77,0.65,64067.11,4.35,138,180,15185.05,Binding
5fus_1,A,3,C3,B4EKM5,1.9,287,Burkholderia cenocepacia (strain ATCC BAA-245 / DSM 16553 / LMG 16656 / NCTC 13227 / J2315 / CF5610) (Burkholderia cepacia (strain J2315)),961,188,3.07,0.51,626,4.22,3.63,4.22,3.23,1.33,127273.45,6.83,391,279,21841.96,Other
5g1n_2,A,3,C3,P27708,2.1,314,Homo sapiens (Human),1003,1469,3.37,0.50,613,4.32,3.73,4.32,3.39,1.24,136371.31,4.80,459,269,22816.65,Enzyme
5h10_1,A,3,C3,Q13077,3.2,205,Homo sapiens (Human),115,717,1.96,0.61,370,3.98,3.40,3.98,3.02,1.12,89705.18,9.59,176,187,17531.12,Enzyme
5h36_1,E,3,C3,Q3HKN0,3.409,215,Cereibacter sphaeroides (strain ATCC 17023 / DSM 158 / JCM 6121 / CCUG 31486 / LMG 2827 / NBRC 12203 / NCIMB 8253 / ATH 2.4.1.) (Rhodobacter sphaeroides),829,686,3.16,0.56,464,4.05,3.47,4.05,3.07,0.99,79798.90,4.94,252,183,14944.9,Transport
5hba_1,A,3,C3,F1QFM5,2.05,134,Danio rerio (Zebrafish) (Brachydanio rerio),134,658,2.11,0.54,218,3.87,3.14,3.87,2.61,0.85,59377.43,5.13,125,124,10977.93,Other
5hj9_1,A,3,C3,Q6TUJ5,1.28,330,Leishmania mexicana,877,728,2.82,0.34,651,4.14,3.43,4.14,3.63,1.04,187120.35,6.06,528,273,22291.06,Enzyme
5hp7_1,A,3,C3,Q94JQ4,2,124,Arabidopsis thaliana (Mouse-ear cress),529,3797,2.13,0.58,219,3.74,3.15,3.74,2.70,1.54,46434.49,4.03,99,114,9524.55,Enzyme
5ifk_1,A,3,C3,Q6CSZ6,1.967,312,Kluyveromyces lactis (strain ATCC 8585 / CBS 2359 / DSM 70799 / NBRC 1267 / NRRL Y-1140 / WM37) (Yeast) (Candida sphaerica),961,742,2.85,0.48,548,4.14,3.47,4.14,3.05,1.30,136155.17,6.46,388,261,21921.16,Enzyme
5iwy_1,A,3,C3,Q06756,1.99,158,Bacillus subtilis (strain 168),485,1079,2.46,0.46,342,3.99,3.25,3.99,2.89,1.84,70735.80,4.87,174,126,10904.43,Enzyme
5j7o_2,D,3,C3,Not Found,2.37,645,Faustovirus,153,13,2.13,0.33,1086,4.20,3.45,4.20,2.87,0.57,284716.34,13.02,607,421,30163.92,Other
5jbx_1,A,3,C3,Q1D5Y4,1.1,261,Myxococcus xanthus (strain DK1622),1008,10190,1.58,0.33,561,4.38,3.75,4.38,3.87,1.53,169350.62,7.53,267,222,18725.7,Enzyme
5jd8_1,A,3,C3,A0A0B6NK33,1.85,334,Yersinia pestis CO92,148,7233,2.89,0.73,495,3.76,2.86,3.76,2.29,1.49,115142.14,4.66,333,339,29355.8,Other
5joq_1,A,3,C3,Q7AP55,1.99,290,Listeria monocytogenes serovar 1/2a (strain ATCC BAA-679 / EGD-e),775,1220,2.83,0.59,571,3.81,3.19,3.81,2.76,1.69,117592.09,5.69,333,285,25308.56,Binding
5jru_2,C,3,C3,Q8RBX6,2.3,188,Caldanaerobacter subterraneus subsp. tengcongensis (strain DSM 15242 / JCM 11007 / NBRC 100824 / MB4) (Thermoanaerobacter tengcongensis),554,275,2.53,0.57,406,4.00,3.49,4.00,3.13,1.21,91173.81,5.06,231,200,17092.93,Binding
5jxx_1,A,3,C3,D5VAW8,3,257,Moraxella catarrhalis BBH18,871,1275,2.99,0.66,552,4.12,3.29,4.12,2.79,1.28,110315.00,5.15,330,286,24385.71,Other
5k31_2,A,3,C3,P02452,2.2,255,Homo sapiens (Human),208,664,2.88,0.68,441,3.71,3.15,3.71,2.69,0.67,106423.88,6.98,306,300,24307.9,Enzyme
5kjp_1,A,3,C3,P96404,1.8,265,Mycobacterium tuberculosis (strain ATCC 25618 / H37Rv),1082,8819,2.59,0.58,558,4.12,3.42,4.12,2.92,1.39,106313.07,6.82,275,239,21699.24,Other
5ko5_1,A,3,C3,A0A0U3AGT1,1.36,287,Schistosoma mansoni (Blood fluke),998,1075,3.19,0.50,594,3.99,3.28,3.99,2.84,1.43,126481.51,5.25,403,269,22870.05,Enzyme
5kvb_1,A,3,C3,A0A0J7XEF9,1.45,156,Novosphingobium barchaimii LL02,702,77,1.97,0.48,339,3.86,3.10,3.86,2.58,1.06,66977.34,6.34,132,141,11265.34,Other
5l26_1,A,3,C3,G4CRQ5,3.4,431,Neisseria wadsworthii 9715,525,691,3.47,0.60,913,4.12,3.62,4.12,3.30,1.26,168422.21,6.09,584,439,34771.61,Transport
5l9n_1,A,3,C3,P0A9Z1,1.9,112,Escherichia coli (strain K12),595,791,1.16,0.41,171,3.72,2.93,3.72,2.49,1.71,40665.95,5.45,47,72,5870.07,Enzyme
5llu_1,A,3,C3,P43003,3.32,522,Homo sapiens (Human),219,1057,3.53,0.62,826,4.15,3.68,4.15,3.26,1.35,168964.19,6.36,597,402,35073.5,Transport
5m3n_1,A,3,C3,O43464,1.649,332,Homo sapiens (Human),116,6271,3.45,0.59,584,3.95,3.09,3.95,2.56,1.52,126827.28,5.01,438,294,25883.77,Enzyme
5nnq_1,A,3,C3,G0S583,1.797,315,Chaetomium thermophilum (strain DSM 1495 / CBS 144.50 / IMI 039719) (Thermochaetoides thermophila),976,1422,2.39,0.39,672,4.03,3.34,4.03,3.44,1.29,192951.05,5.72,462,303,25303.06,Enzyme
5nz2_1,A,3,C3,A4ZF98,2.85,170,Staphylococcus phage 80alpha,316,1526,1.59,0.46,195,3.46,2.56,3.46,2.06,1.85,67771.82,7.31,108,135,10616.93,Enzyme
5o34_1,A,3,C3,Q83XP9,2.45,294,Streptantibioticus cattleyicolor (Streptomyces cattleya),576,537,2.83,0.54,431,4.37,3.79,4.37,3.40,1.38,86658.65,5.45,245,194,16113.63,Other
5ojj_1,A,3,C3,Q9NPD8,1.85,154,Homo sapiens (Human),362,3469,1.45,0.49,268,3.92,3.28,3.92,2.89,1.01,74584.32,5.57,108,133,12202.92,Enzyme
5suv_1,A,3,C3,A1KVH5,1.75,126,Neisseria meningitidis serogroup C / serotype 2a (strain ATCC 700532 / DSM 15464 / FAM18),999,1590,1.61,0.43,268,4.02,3.49,4.02,3.49,1.51,83178.89,5.09,134,125,11184.91,Enzyme
5t0o_1,A,3,C3,Q8RTE4,3.15,1040,Campylobacter jejuni,668,4654,3.65,0.50,2146,4.35,3.74,4.35,3.36,1.28,446602.64,14.97,1630,967,74077.34,Transport
5tb7_1,A,3,C3,Q5F7A4,1.9,337,Neisseria gonorrhoeae (strain ATCC 700825 / FA 1090),433,282,2.00,0.28,552,4.20,3.34,4.20,3.37,0.67,190328.44,8.80,380,218,17922.27,Enzyme
5tc6_1,A,3,C3,Q13126,1.48,297,Homo sapiens (Human),989,623,3.26,0.47,540,4.03,3.38,4.03,2.86,1.03,121656.70,5.85,396,228,20273.15,Enzyme
5tip_1,A,3,C3,P30328,2,436,Paramecium bursaria Chlorella virus 1 (PBCV-1),231,246,2.73,0.34,738,4.03,3.18,4.03,2.58,0.56,199290.33,7.51,544,310,22928.24,Structural
5tup_1,A,3,C3,A0A0J5SJF1,2.6,259,Aspergillus fumigatus Z5,812,756,3.19,0.67,477,3.95,3.16,3.95,2.70,1.74,107216.32,4.60,342,304,23923.23,Other
5tz8_1,A,3,NPS,A0A181F8T0,4,572,Staphylococcus aureus,370,35,3.27,0.64,1001,4.08,3.45,4.08,3.04,1.05,253853.69,7.16,829,649,54413.87,Other
5uif_1,A,3,C3,K9NIA5,2.57,127,Pseudomonas sp. UW4,722,134,1.47,0.44,219,3.91,3.26,3.91,2.80,1.50,47662.55,5.00,70,99,7001.65,Other
5un0_1,1,3,C3,A0A0T9NZF3,3,251,Mycobacterium tuberculosis,405,610,2.87,0.64,441,3.84,3.12,3.84,2.64,1.82,102384.97,7.40,294,246,21706.31,Other
5unq_2,B,3,C3,F4GMX9,1.98,123,Pusillimonas sp. T7-7,852,111,1.38,0.44,231,4.10,3.39,4.10,2.98,2.01,55732.43,4.93,77,102,8214.97,Other
5unq_2,B,3,C3,F4GMX9,1.98,123,Pusillimonas sp. T7-7,852,111,1.38,0.44,231,4.10,3.39,4.10,2.98,2.01,55732.43,4.93,77,102,8214.97,Other
5v0z_1,A,3,C3,Q5HCZ5,1.26,202,Staphylococcus aureus (strain COL),920,1138,2.15,0.41,403,4.11,3.35,4.11,2.81,1.12,97765.51,6.78,210,166,13363.76,Enzyme
5v4d_1,A,3,C3,Q7CGF7,1.6,128,Yersinia pestis,844,3923,2.04,0.47,280,3.98,3.28,3.98,2.87,1.65,58424.99,4.38,119,103,9157.54,Other
5v4f_1,A,3,C3,Q7CGF8,3,137,Yersinia pestis,850,1718,1.85,0.34,249,3.82,3.14,3.82,2.65,1.57,56664.70,5.04,105,93,6714.19,Other
5ve2_4,H,3,C3,Q15VV3,2.3,275,Paraglaciecola sp. T6c,873,9287,2.31,0.57,507,4.09,3.45,4.09,2.96,1.36,112494.00,7.01,260,264,21364.79,Other
5vf5_2,A,3,C3,Not Found,1.49,426,Solanum melongena,300,221,2.47,0.33,781,4.19,3.31,4.19,2.60,1.28,169787.70,9.13,420,240,20073.25,Other
5vjy_1,A,3,C3,A0A1Z0YU86,2,155,Naegleria fowleri,337,1551,1.49,0.31,201,3.72,2.89,3.72,2.24,1.85,58508.10,6.70,87,83,6470.3,Other
5vmk_1,A,3,C3,A0A0D5YCC7,2.55,462,Acinetobacter baumannii,1158,1051,2.96,0.51,853,3.99,3.19,3.99,2.74,1.61,178254.09,9.65,527,433,32179.27,Enzyme
5vxc_1,A,3,C3,Q8N0X4,1.872,325,Homo sapiens (Human),1024,1698,2.94,0.53,642,4.05,3.43,4.05,2.93,1.16,134893.57,7.84,396,282,25390.8,Enzyme
5wtr_1,A,3,C3,Q981D4,2.2,213,Saccharolobus solfataricus (strain ATCC 35092 / DSM 1617 / JCM 11322 / P2) (Sulfolobus solfataricus),889,870,2.74,0.55,479,4.35,3.83,4.35,3.54,0.90,89518.96,4.11,245,190,16474.62,Transport
5wuc_1,A,3,C3,A0A0U3H1E6,1.6,237,Sulfolobus acidocaldarius,830,774,3.06,0.52,483,4.19,3.72,4.19,3.35,0.76,83349.25,4.40,255,186,14983.43,Transport
5wuf_1,A,3,C3,Q47UY7,2.4,249,Colwellia psychrerythraea (strain 34H / ATCC BAA-681) (Vibrio psychroerythus),845,419,2.87,0.54,432,4.10,3.54,4.10,3.06,1.26,82457.84,4.54,237,183,14859.36,Other
5xb7_1,A,3,C3,A0A1M2TTS0,2,712,Bifidobacterium animalis subsp. lactis,1050,423,3.41,0.41,1427,4.34,3.58,4.34,3.12,0.78,322315.29,6.80,1098,584,44540,Other
5xex_2,D,3,C3,Q2FZ20,2.2,559,Staphylococcus aureus (strain NCTC 8325 / PS 47),572,712,3.44,0.62,1112,3.97,3.15,3.97,2.67,0.96,225832.63,5.68,776,538,47017.77,Enzyme
5xse_1,A,3,C3,Q00384,1.799,208,Zymomonas mobilis subsp. mobilis (strain ATCC 31821 / ZM4 / CP4),1032,1001,3.22,0.55,415,4.11,3.47,4.11,3.08,1.70,93731.69,4.78,302,211,17634.81,Enzyme
5xu7_1,A,3,C3,P24224,1.84,126,Escherichia coli (strain K12),919,1806,2.06,0.60,260,3.88,3.31,3.88,2.98,1.51,58207.47,4.48,120,133,12041.28,Enzyme
5xuk_1,A,3,C3,O25488,2.3,119,Helicobacter pylori (strain ATCC 700392 / 26695) (Campylobacter pylori),859,1615,2.31,0.71,243,3.73,2.97,3.73,2.57,2.00,50623.51,4.33,117,132,12510.03,Enzyme
5y5q_1,A,3,C3,Q77J78,1.56,174,White spot syndrome virus (isolate Shrimp/China/Tongan/1996) (WSSV) (White spot bacilliform virus),400,828,1.26,0.44,207,3.59,2.80,3.59,2.35,1.60,72779.78,7.06,92,121,10595.14,Enzyme
5y6u_1,A,3,C3,D4G3D4,1.5,125,Bacillus subtilis subsp. natto BEST195,780,4442,1.94,0.41,242,4.02,3.34,4.02,2.89,1.95,61778.94,4.60,120,101,8576.42,Other
5yc1_1,A,3,NPS,Q9BUZ4,2.5,181,Homo sapiens (Human),36,1080,2.47,0.62,260,3.91,3.17,3.91,2.67,0.94,71579.69,4.45,177,176,14935.64,Enzyme
5yc1_2,D,3,NPS,Q9BUZ4,2.5,181,Homo sapiens (Human),36,1080,2.38,0.64,265,3.84,3.06,3.84,2.64,0.84,74494.90,4.36,177,177,15788.76,Enzyme
5yjj_1,A,3,C3,Q8CST1,2.2,713,Staphylococcus epidermidis (strain ATCC 12228 / FDA PCI 1200),443,593,3.45,0.54,915,4.18,3.36,4.18,2.94,0.78,197297.53,8.09,680,438,35380.77,Enzyme
5ylo_1,A,3,C3,Q9HUI5,2.391,271,Pseudomonas aeruginosa (strain ATCC 15692 / DSM 22644 / CIP 104116 / JCM 14847 / LMG 12228 / 1C / PRS 101 / PAO1),942,9497,1.97,0.46,423,3.91,3.19,3.91,3.28,1.44,135643.48,5.79,267,246,21304.01,Enzyme
5yu2_1,A,3,C3,A0A0H3JTJ5,1.75,130,Staphylococcus aureus (strain Mu50 / ATCC 700699),905,3793,1.93,0.48,250,4.05,3.39,4.05,2.92,1.86,58546.03,5.07,113,105,9401.63,Other
5zim_1,A,3,C3,P02945,1.25,228,Halobacterium salinarum (strain ATCC 700922 / JCM 11081 / NRC-1) (Halobacterium halobium),334,284,3.04,0.45,597,4.08,3.67,4.08,3.34,0.94,103751.63,5.18,315,222,16812.57,Transport
6ag8_2,A,3,C3,P77791,1.34,191,Escherichia coli (strain K12),880,1609,2.45,0.47,399,3.95,3.16,3.95,2.70,1.70,80672.64,5.90,198,168,13505.25,Enzyme
6amz_1,A,3,C3,Q5DL43,2.05,281,Acinetobacter baumannii,195,76,1.72,0.43,489,3.95,3.20,3.95,2.66,1.86,110170.55,6.96,189,186,16345.66,Enzyme
6b1k_1,A,3,C3,P14174,1.17,114,Homo sapiens (Human),638,623,1.00,0.27,261,4.09,3.28,4.09,3.31,1.48,71669.34,4.85,72,88,6487.22,Enzyme
6bbe_1,A,3,C3,Q9N1X4,1.9,156,Sus scrofa (Pig),168,1350,2.33,0.62,318,3.63,3.10,3.63,2.75,0.13,69381.20,7.28,162,183,14712.71,Binding
6chu_1,A,3,C3,P9WPE0,1.61,281,Mycobacterium tuberculosis (strain CDC 1551 / Oshkosh),547,1713,3.07,0.50,510,4.02,3.40,4.02,2.95,1.04,100690.12,5.87,309,225,17706.98,Enzyme
6ckt_1,A,3,C3,Q5ZX45,1.8,284,Legionella pneumophila subsp. pneumophila (strain Philadelphia 1 / ATCC 33152 / DSM 7513),318,78,2.78,0.49,570,3.91,3.16,3.91,2.71,1.60,115394.61,7.23,321,252,19633.2,Enzyme
6cuq_1,A,3,C3,C4LV00,2.45,121,Entamoeba histolytica (strain ATCC 30459 / HM-1:IMSS / ABRM),667,159,1.70,0.40,215,4.13,3.49,4.13,2.99,1.78,48247.71,4.97,82,78,6345.21,Other
6cv6_3,G,3,C3,B2JVW0,2.6,166,Paraburkholderia phymatum (strain DSM 17167 / CIP 108236 / LMG 21445 / STM815) (Burkholderia phymatum),969,477,2.57,0.59,304,3.94,3.38,3.94,3.03,1.85,66212.68,4.64,170,166,13235.54,Enzyme
6d25_1,A,3,C3,Q8PMY9,1.91,520,Xanthomonas citri subsp. citri 306,777,392,3.58,0.49,968,4.25,3.45,4.25,2.89,0.74,234600.72,5.34,840,492,38864.97,Other
6d5x_1,A,3,C3,Q96EY8,2.4,196,Homo sapiens (Human),582,1353,2.04,0.57,387,4.16,3.66,4.16,3.29,1.56,81230.83,4.69,166,162,14090.18,Enzyme
6d6k_1,A,3,C3,V5VH92,2.5,705,Acinetobacter baumannii,609,570,3.35,0.62,1065,3.83,3.06,3.83,2.59,1.15,226378.67,7.24,759,582,48155.84,Enzyme
6dbs_1,A,3,C3,A4GRC6,2.6,565,Chlamydomonas reinhardtii (Chlamydomonas smithii),56,98,2.41,0.50,727,3.71,2.86,3.71,2.28,0.95,222308.28,12.76,536,473,37005.2,Binding
6eoa_1,A,3,C3,J9VGI2,2.18,325,Cryptococcus neoformans (strain H99 / ATCC 208821 / CBS 10515 / FGSC 9487) (Cryptococcus neoformans var. grubii serotype A),413,17,2.97,0.62,411,3.79,3.19,3.79,2.76,1.39,82813.43,5.05,246,201,17399.39,Enzyme
6eu6_1,A,3,C3,Q1Q357,1.98,405,Kuenenia stuttgartiensis,789,1575,3.63,0.42,984,4.50,3.84,4.50,3.37,0.87,176028.22,6.52,639,315,25498.87,Enzyme
6eua_1,A,3,C3,Q9Y5C1,2.1,227,Homo sapiens (Human),171,3169,2.86,0.61,361,4.00,3.32,4.00,2.87,0.35,94963.82,4.12,272,234,19718.73,Signalling
6eus_1,A,3,C3,A0A0B9X9I7,2.2,380,Acinetobacter baumannii,160,249,2.58,0.54,726,3.91,2.95,3.91,2.48,-0.49,152614.78,6.90,394,369,27342.43,Other
6eyu_1,A,3,C3,G0QG75,2.5,232,Candidatus Nanosalina sp. J07AB43,103,20,3.04,0.44,593,4.39,3.93,4.39,3.66,1.32,114157.14,4.99,347,225,17652.16,Other
6fba_1,A,3,C3,O15804,2,349,Plasmodium falciparum (malaria parasite P. falciparum),954,1295,3.35,0.55,667,4.24,3.61,4.24,3.20,0.99,149845.97,5.34,502,302,27273.32,Enzyme
6fba_1,A,3,C3,O15804,2,349,Plasmodium falciparum (malaria parasite P. falciparum),954,1295,3.35,0.55,667,4.24,3.61,4.24,3.20,0.99,149845.97,5.34,502,302,27273.32,Enzyme
6fhf_1,A,3,C3,Not Found,1.85,362,Escherichia coli,640,1926,3.47,0.51,771,4.18,3.50,4.18,3.02,0.55,165065.36,5.96,573,363,28755.56,Other
6gyh_1,A,3,C3,I0YUS5,2,236,Coccomyxa subellipsoidea (strain C-169) (Green microalga),335,301,3.32,0.53,571,4.15,3.70,4.15,3.32,0.91,99418.71,4.69,330,249,18578.46,Transport
6hsa_1,A,3,C3,D4S0D1,0.92,145,Eshraghiella crossota DSM 2876,948,533,2.01,0.36,324,3.88,3.16,3.88,3.42,1.56,94001.20,4.68,189,144,12575.67,Enzyme
6ijk_2,B,3,C3,Q0K371,2,299,Cupriavidus necator (strain ATCC 17699 / DSM 428 / KCTC 22496 / NCIMB 10442 / H16 / Stanier 337) (Ralstonia eutropha),1114,7603,2.78,0.48,555,4.14,3.40,4.14,2.94,1.06,114253.98,6.47,318,216,18244.39,Enzyme
6ive_2,D,3,C3,Q5SH51,2.3,171,Thermus thermophilus (strain ATCC 27634 / DSM 579 / HB8),999,1588,2.86,0.44,333,4.16,3.38,4.16,2.91,1.85,70929.37,5.09,203,139,10511.5,Binding
6jkr_2,D,3,C3,O15636,1.6,328,Trypanosoma cruzi,984,1309,3.27,0.48,685,4.33,3.72,4.33,3.29,1.36,146146.92,5.39,478,274,23248.06,Enzyme
6k28_1,A,3,C3,W9BB97,1.83,257,Klebsiella pneumoniae,797,781,2.48,0.33,486,4.32,3.66,4.32,3.81,1.60,139332.95,5.65,346,198,15621.24,Other
6k6k_1,A,3,C3,A0A6P3CW42,2.197,232,Mastigocladopsis repens,294,229,3.13,0.56,534,4.10,3.67,4.10,3.37,0.68,100692.43,4.79,315,249,19798,Other
6kga_1,A,3,C3,E2RVI8,3.3,392,Dromaius novaehollandiae (Emu),856,4819,2.37,0.50,704,4.27,3.54,4.27,3.12,1.07,169361.84,8.33,401,354,28328.79,Enzyme
6kj7_1,A,3,C3,P0A786,2.839,310,Escherichia coli (strain K12),812,1388,3.45,0.58,534,3.95,3.19,3.95,2.74,1.16,123442.19,5.38,426,294,24082.62,Enzyme
6kj9_1,A,3,C3,P0A786,2.5,310,Escherichia coli (strain K12),903,1385,3.43,0.57,585,6.79,5.60,6.79,4.91,1.26,130755.26,5.57,449,307,25418.02,Enzyme
6km8_1,A,3,C3,A0A6I8WFM7,3.099,381,Momordica charantia,278,270,2.70,0.40,567,3.89,2.92,3.89,2.39,0.94,153203.51,8.27,414,246,20652.85,Other
6ku5_1,A,3,C3,A0A7M4DTV2,3.299,207,Notothenia coriiceps,88,648,2.35,0.81,363,3.15,2.48,3.15,2.12,0.98,83051.33,8.42,195,279,22423.96,Other
6l46_1,A,3,C3,A0A1W6VP04,1.03,323,Geobacillus thermodenitrificans,292,450,2.50,0.32,690,4.47,3.69,4.47,3.52,0.53,172692.14,5.98,432,231,18689.25,Other
6l7g_2,D,3,C3,W8UA39,1.7,250,Staphylococcus aureus,934,1108,2.93,0.45,446,6.73,5.54,6.73,4.61,1.48,108826.36,4.98,319,199,16467.24,Enzyme
6l8p_1,A,3,C3,A0A2N5LLK3,1.6,146,Psychrobacter sp. MES7-P7E,861,1731,1.98,0.43,250,3.98,3.28,3.98,2.85,1.29,58974.02,4.26,117,105,8593.09,Other
6lj3_1,A,3,C3,A0A2X0SE53,1.96,165,African swine fever virus (ASFV),137,118,2.07,0.45,247,4.02,3.20,4.02,2.66,1.56,72301.37,5.21,150,134,11842.63,Enzyme
6lkw_2,B,3,C3,A0A1U9W5E8,3.2,139,Oncomelania hupensis,706,166,1.50,0.56,239,5.93,4.96,5.93,4.33,1.55,60594.68,4.98,91,134,11618.49,Enzyme
6lkw_2,B,3,C3,A0A1U9W5E8,3.2,134,Oncomelania hupensis,706,166,1.50,0.56,239,5.93,4.96,5.93,4.33,1.55,60594.68,4.98,91,134,11618.49,Enzyme
6lkw_2,B,3,C3,A0A1U9W5E8,3.2,137,Oncomelania hupensis,706,166,1.50,0.56,239,5.93,4.96,5.93,4.33,1.55,60594.68,4.98,91,134,11618.49,Enzyme
6lm0_1,A,3,C3,A0A1Z4FUT4,2.65,254,Calothrix sp. NIES-2098,366,151,3.03,0.50,578,5.81,5.14,5.81,4.72,1.03,109021.22,5.81,330,246,18651.83,Other
6lm1_1,A,3,C3,A0A218QMM7,1.45,259,Tolypothrix sp. NIES-4075,281,94,3.00,0.51,572,4.23,3.85,4.23,3.56,1.29,113993.61,5.12,342,241,19961.66,Other
6lr3_3,G,3,C3,A0A1U9W5E8,1.77,131,Oncomelania hupensis,641,174,1.40,0.36,215,4.11,3.32,4.11,2.87,1.74,57893.25,5.06,81,84,7281.54,Enzyme
6lvo_1,A,3,C3,A0A126P0C4,2.35,245,Allobosea sp. PAMC 26642,825,9617,2.93,0.62,516,4.11,3.33,4.11,2.93,1.27,96099.30,5.83,282,236,20080.7,Other
6lvp_1,A,3,C3,A0A126PEF4,2.69,263,Hymenobacter sp. PAMC 26628,992,9018,2.46,0.55,587,4.28,3.65,4.28,3.22,1.52,107939.43,7.22,266,240,19932.41,Other
6lvw_1,A,3,C3,B9LW38,2.49,700,Halorubrum lacusprofundi (strain ATCC 49239 / DSM 5036 / JCM 8891 / ACAM 34),1133,476,3.67,0.44,1084,4.06,3.27,4.06,2.78,0.59,294078.41,6.40,1080,552,43483.01,Enzyme
6mai_1,A,3,C3,Q5ZSN0,1.8,160,Legionella pneumophila subsp. pneumophila (strain Philadelphia 1 / ATCC 33152 / DSM 7513),595,1492,1.52,0.35,204,3.74,2.84,3.74,2.19,2.12,61224.20,6.57,93,102,7760.71,Enzyme
6mfk_2,A,3,C3,X5KVH4,1.65,216,Elizabethkingia anophelis,561,234,1.90,0.45,414,3.80,3.06,3.80,2.59,1.25,96093.05,7.51,183,174,15332.46,Enzyme
6mhh_1,A,3,C3,B4EV21,2.08,213,Proteus mirabilis (strain HI4320),760,1055,1.83,0.40,432,3.83,3.29,3.83,3.39,1.21,129442.36,7.73,237,198,17636.98,Enzyme
6mvf_2,B,3,C3,D4K3H3,2.55,769,Faecalibacterium prausnitzii L2-6,547,338,3.63,0.50,1218,4.26,3.46,4.26,2.95,0.38,295648.82,6.14,1074,636,48993.06,Enzyme
6oss_1,A,3,C3,B4F258,2.19,270,Proteus mirabilis (strain HI4320),983,1220,3.17,0.65,611,4.12,3.32,4.12,2.92,1.35,115568.29,5.20,366,292,25098.92,Enzyme
6ovi_1,A,3,C3,A0A2S6FBD8,1.6,228,Legionella pneumophila,1014,887,3.13,0.55,421,4.16,3.62,4.16,3.22,1.75,94573.08,3.75,296,220,17233.47,Other
6ovw_1,A,3,C3,A0A0H3NPU3,1.9,334,Salmonella typhimurium (strain SL1344),962,901,3.43,0.51,708,4.05,3.41,4.05,3.03,0.87,148185.11,5.50,508,320,26501.89,Enzyme
6owk_1,A,3,C3,O85805,2.698,617,Bacillus thuringiensis,140,134,3.70,0.55,1080,3.98,3.16,3.98,2.62,0.46,260154.56,5.69,963,609,47806.13,Signalling
6p89_1,A,3,C3,Q0P6M7,1.4,343,Escherichia coli,1138,1552,2.10,0.47,709,4.04,3.31,4.04,2.91,1.81,157661.08,9.03,331,276,24261.94,Enzyme
6pnz_1,A,3,C3,Q5HGN2,2.27,293,Staphylococcus aureus (strain COL),983,1357,3.30,0.49,606,4.19,3.51,4.19,2.98,0.84,133991.52,5.13,442,256,21993.56,Enzyme
6pu9_1,A,3,C3,A0A3Q0KYH6,1.7,210,Vibrio vulnificus (strain CMCP6),579,255,1.90,0.53,391,3.97,3.36,3.97,2.87,1.21,93209.28,7.61,177,185,16409.59,Enzyme
6pua_1,A,3,C3,Q9KMN1,2,212,Vibrio cholerae serotype O1 (strain ATCC 39315 / El Tor Inaba N16961),561,233,1.80,0.46,408,3.89,3.25,3.89,2.76,1.09,99896.68,8.05,180,184,15642.01,Enzyme
6pxa_3,G,3,C3,Q5DZD6,1.82,221,Aliivibrio fischeri (strain ATCC 700601 / ES114) (Vibrio fischeri),377,177,1.79,0.53,422,3.90,3.29,3.90,2.83,0.87,102051.77,7.59,183,205,18292.44,Enzyme
6qd5_1,A,3,C3,Q13336,2.398,367,Homo sapiens (Human),696,395,3.45,0.48,855,4.19,3.67,4.19,3.27,1.04,157510.53,6.12,543,342,26783.34,Transport
6qpt_1,A,3,C3,U3G913,1.89,331,Ralstonia pickettii,449,314,2.70,0.35,572,4.23,3.43,4.23,2.85,0.79,150497.82,8.72,407,203,17394.27,Other
6r5z_1,A,3,C3,B2J0I0,1.75,127,synthetic construct,16,56714,2.35,0.46,243,4.06,2.96,4.06,2.47,0.43,51597.17,4.46,121,105,8016.54,Other
6ryz_1,A,3,C3,A4X3Q0,1.5,283,Salinispora tropica (strain ATCC BAA-916 / DSM 44818 / JCM 13857 / NBRC 105044 / CNB-440),1150,1202,2.82,0.48,518,4.01,3.20,4.01,2.74,1.37,124724.18,6.30,352,237,20066.14,Enzyme
6sc4_1,A,3,C3,A0A133ULQ3,2.6,189,candidate division MSBL1 archaeon SCGC-AAA259I09,795,1454,2.54,0.45,391,4.28,3.43,4.28,2.89,1.73,81447.87,6.11,207,142,12251.13,Enzyme
6sss_2,D,3,C3,Q99735,2.49,153,Homo sapiens (Human),440,100,1.34,0.41,306,4.23,3.86,4.23,3.97,0.96,80582.88,6.58,108,121,10770.78,Enzyme
6t7x_1,A,3,C3,Q9UYX8,2.3,261,Pyrococcus abyssi (strain GE5 / Orsay),801,725,3.06,0.67,468,3.85,3.06,3.85,2.51,1.82,105845.03,4.74,324,279,24161.8,Enzyme
6tcc_1,A,3,C3,A0A1S3KNQ3,1.05,136,Salmo salar,891,3173,1.51,0.31,243,3.90,3.06,3.90,3.17,1.44,77463.25,4.93,117,114,8459.61,Other
6tcd_2,D,3,C3,C0H8I4,1.36,138,Salmo salar (Atlantic salmon),895,2428,1.98,0.40,231,8.62,6.87,8.62,5.78,1.35,60598.79,5.20,120,98,8275.54,Other
6the_1,A,3,C3,H0SHH5,2.87,321,Bradyrhizobium sp. ORS 375,331,417,3.15,0.42,540,4.12,3.21,4.12,2.62,0.91,127728.11,6.63,402,230,18229.07,Other
6usc_1,A,3,C3,Q8WWA0,1.59,279,Homo sapiens (Human),227,80,3.66,0.44,564,4.20,3.41,4.20,2.90,0.20,124979.69,4.59,458,255,19345.59,Signalling
6we5_1,A,3,C3,O84777,2.25,217,Chlamydia trachomatis serovar D (strain ATCC VR-885 / DSM 19411 / UW-3/Cx),426,334,3.02,0.52,400,3.96,3.24,3.96,2.84,0.69,88489.79,5.09,267,186,15301.92,Enzyme
6wgs_1,A,3,C3,A0A045JVI3,1.5,196,Mycobacterium tuberculosis,925,1315,1.70,0.33,357,3.85,3.33,3.85,3.44,1.35,105700.58,6.75,180,162,12572.19,Enzyme
6wn3_1,A,3,C3,C3RVQ0,1.86,334,Microseira wollei,900,568,2.70,0.56,645,4.08,3.40,4.08,2.89,1.01,161030.49,6.88,434,353,30191.65,Enzyme
6wnb_1,A,3,C3,C3RVQ0,2.1,334,Microseira wollei,893,568,2.77,0.59,628,4.11,3.44,4.11,2.94,1.01,154977.84,6.94,429,353,30290.91,Enzyme
6wnd_1,A,3,C3,C3RVP5,2.18,334,Microseira wollei,779,687,2.88,0.60,578,4.14,3.46,4.14,2.98,1.06,150529.75,6.94,434,339,29335.1,Enzyme
6wqm_2,D,3,C3,Q6G549,2.15,289,Bartonella henselae (strain ATCC 49882 / DSM 28221 / CCUG 30454 / Houston 1) (Rochalimaea henselae),286,73,2.61,0.46,565,4.08,3.40,4.08,2.96,1.44,122296.19,7.75,319,239,19075.34,Enzyme
6x7q_1,A,3,C3,P00484,1.68,215,Escherichia coli,581,442,2.32,0.49,428,5.90,4.90,5.90,4.37,1.32,114731.68,5.76,266,209,18675.67,Enzyme
6yc6_1,A,3,C3,H7C694,2.2,119,Corynebacterium glutamicum (Brevibacterium saccharolyticum),776,732,0.83,0.29,173,7.25,6.02,7.25,6.47,2.49,66385.76,6.20,55,78,6658.42,Regulatory
6ysp_1,A,3,C3,A0A178VJE3,1.38,332,Arabidopsis thaliana (Mouse-ear cress),968,1346,2.28,0.38,671,6.42,5.35,6.42,5.71,1.32,199369.09,5.16,454,302,25419.7,Enzyme
6z0y_1,A,3,C3,Q92743,2.2,236,Homo sapiens (Human),37,5105,2.90,0.69,297,3.63,2.75,3.63,2.25,1.58,85753.22,4.41,249,201,19863.3,Enzyme
6zat_1,A,3,C3,H0SLX7,1,347,Bradyrhizobium sp. ORS 375,496,205,2.54,0.33,639,4.09,3.18,4.09,2.64,0.73,161129.55,9.01,410,227,20242.14,Other
6zij_1,A,3,C3,A0A0M4FJ81,1.6,322,Streptomyces griseoflavus,133,163,2.45,0.40,540,6.89,5.79,6.89,4.91,0.46,125851.08,5.99,308,221,16674.78,Enzyme
6zuk_2,D,3,C3,A0A0S4TLR1,2.028,88,Ralstonia solanacearum (Pseudomonas solanacearum),7,25,1.21,0.39,132,3.72,3.05,3.72,2.52,0.89,43733.80,4.31,53,75,6009.42,Binding
6zzj_1,A,3,C3,Q8NNJ2,1.35,241,Corynebacterium glutamicum (strain ATCC 13032 / DSM 20300 / JCM 1318 / BCRC 11384 / CCUG 27702 / LMG 3730 / NBRC 12168 / NCIMB 10025 / NRRL B-2784 / 534),215,3519,2.62,0.45,474,3.88,3.27,3.88,2.78,1.35,107644.32,7.37,282,195,17843.01,Enzyme
6zzm_2,B,3,C3,A0A0G3H170,2.5,241,Corynebacterium mustelae,220,3675,2.76,0.49,468,3.87,3.30,3.87,2.79,1.32,103233.15,7.54,285,209,17592.4,Enzyme
7bug_1,A,3,C3,Q84II6,1.6,392,Janthinobacterium sp. (strain J3),454,91,2.84,0.47,764,4.24,3.45,4.24,3.01,0.56,189335.34,7.42,537,368,30120.58,Enzyme
7bup_1,A,3,C3,Q5AMN0,2.7,267,Candida albicans (strain SC5314 / ATCC MYA-2876) (Yeast),819,708,3.18,0.72,479,6.56,5.26,6.56,4.36,1.84,107864.84,5.08,343,278,24782.88,Enzyme
7bw9_1,A,3,C3,M7WGH7,2.13,336,Entamoeba histolytica HM-3:IMSS,517,27,2.64,0.34,602,4.89,4.21,4.89,3.70,1.44,128237.43,8.32,338,172,14910.91,Enzyme
7bxd_2,A,3,C3,A4E8S4,1.18,242,Collinsella aerofaciens (strain ATCC 25986 / DSM 3979 / JCM 10188 / KCTC 3647 / NCTC 11838 / VPI 1003),229,315,3.28,0.42,477,4.17,3.46,4.17,3.00,0.77,96121.50,5.32,315,194,14627.89,Other
7ccg_1,A,3,C3,A0A059WF38,1.85,271,Streptomyces noursei (Streptomyces albulus),1145,1207,2.12,0.40,487,3.87,3.07,3.87,3.21,1.43,152563.50,6.13,324,270,21095.69,Enzyme
7e4g_1,A,3,C3,Not Found,2.1,210,Promethearchaeati archaeon,148,71,2.32,0.47,465,5.42,4.65,5.42,4.22,1.05,109247.40,4.73,254,192,17080.85,Other
7ep8_1,A,3,C3,Q7SF71,1.95,256,Neurospora crassa (strain ATCC 24698 / 74-OR23-1A / CBS 708.71 / DSM 1257 / FGSC 987),809,767,3.04,0.65,501,3.72,2.89,3.72,2.39,1.77,112385.13,5.09,342,300,25305.73,Enzyme
7k46_1,A,3,C3,Q4QEW6,1.9,334,Leishmania major,969,1312,3.38,0.51,654,3.99,3.30,3.99,2.80,1.50,135718.00,5.49,459,318,25258.67,Enzyme
7k47_1,A,3,C3,B2FHY5,2.9,463,Stenotrophomonas maltophilia (strain K279a),1147,1061,2.98,0.55,885,3.75,2.92,3.75,2.42,1.74,183515.97,9.09,546,459,33807.4,Enzyme
7m58_1,A,3,C3,M1NLA4,2.446,144,Corynebacterium halotolerans YIM 70093 = DSM 44683,856,120,1.78,0.48,273,4.08,3.44,4.08,3.02,1.49,64130.56,5.22,114,122,10310.72,Other
7n6s_2,C,3,C3,Q9ZDD2,1.75,152,Rickettsia prowazekii (strain Madrid E),884,1755,1.26,0.30,180,6.18,5.24,6.18,4.35,2.10,65897.03,6.09,83,85,6624.16,Enzyme
7nnf_1,A,3,C3,P9WIT9,1.52,309,Mycobacterium tuberculosis (strain ATCC 25618 / H37Rv),963,1451,3.31,0.48,629,6.86,5.95,6.86,5.19,1.02,138300.64,5.53,458,287,22065.11,Enzyme
8prn_1,A,3,C3,P39767,1.9,289,Fuscovulum blasticum (Rhodobacter blasticus) (Rhodopseudomonas blastica),113,59,2.31,0.56,624,3.63,2.75,3.63,2.25,-0.25,122100.38,6.89,282,348,23841.93,Transport
